"game_id","season","game_date","week","season_type","home","away","home_team_conference","away_team_conference","conference_game","play_index","drive_number","drive_play_number","period","half","clock_start","clock_end","clock_start_max","clock_start_min","secs_remaining_start","secs_remaining_end","secs_remaining_start_max","secs_remaining_start_min","pos_team","def_pos_team","pos_team_score","def_pos_team_score","score_diff","down","distance","yards_to_goal","Goal_To_Go","down_end","distance_end","yards_to_goal_end","play_type","scrimmage_play","yards_gained","rush","pass","completion","sack","int","fumble_vec","turnover","downs_turnover","touchdown","safety","field_goal_attempt","field_goal_made","punt","scoring_play","score_pts","firstD_by_kickoff","firstD_by_poss","firstD_by_yards","firstD_by_penalty","new_series","penalty_flag","penalty_yards_signed","penalized_team","penalty_no_play","penalty_declined","penalty_text","drive_result","situation","play_text"
"20250904_hz19",2025,"2025-09-04",1,"regular","Lebanon Valley","Franklin and Marshall","Middle Atlantic Conference","Centennial Conference",FALSE,1,1,1,1,1,"15:00","15:00","15:00","15:00",3600,3600,3600,3600,"Lebanon Valley","Franklin and Marshall",0,0,0,,,,,1,10,76,"kickoff",FALSE,,FALSE,FALSE,FALSE,FALSE,FALSE,FALSE,FALSE,FALSE,FALSE,FALSE,FALSE,FALSE,FALSE,FALSE,0,FALSE,FALSE,FALSE,FALSE,FALSE,FALSE,,,FALSE,,,"TD","","Harlamov,Ivan kickoff 53 yards to the LVC12 Donlin,James return 12 yards to the LVC24, End Of Play."
"20250904_hz19",2025,"2025-09-04",1,"regular","Lebanon Valley","Franklin and Marshall","Middle Atlantic Conference","Centennial Conference",FALSE,2,1,2,1,1,"15:00",,"15:00","15:00",3600,,3600,3600,"Lebanon Valley","Franklin and Marshall",0,0,0,1,10,76,FALSE,1,10,64,"pass_complete",TRUE,12,FALSE,TRUE,TRUE,FALSE,FALSE,FALSE,FALSE,FALSE,FALSE,FALSE,FALSE,FALSE,FALSE,FALSE,0,TRUE,FALSE,FALSE,FALSE,TRUE,FALSE,,,FALSE,,,"TD","1st and 10 at LVC24","No Huddle-Shotgun Klitsch,Logan pass complete short left to Acker,Adam caught at LVC27, for 12 yards to the LVC36 (Long,Quincy), 1ST DOWN."
"20250904_hz19",2025,"2025-09-04",1,"regular","Lebanon Valley","Franklin and Marshall","Middle Atlantic Conference","Centennial Conference",FALSE,3,1,3,1,1,,,"15:00","11:58",,,3600,3418,"Lebanon Valley","Franklin and Marshall",0,0,0,1,10,64,FALSE,2,1,55,"rush",TRUE,9,TRUE,FALSE,FALSE,FALSE,FALSE,FALSE,FALSE,FALSE,FALSE,FALSE,FALSE,FALSE,FALSE,FALSE,0,FALSE,FALSE,TRUE,FALSE,TRUE,FALSE,,,FALSE,,,"TD","1st and 10 at LVC36","No Huddle-Shotgun Bryant,Dion rush middle for 9 yards gain to the LVC45 (Evancho,Kyle)."
"20250904_hz19",2025,"2025-09-04",1,"regular","Lebanon Valley","Franklin and Marshall","Middle Atlantic Conference","Centennial Conference",FALSE,4,1,4,1,1,,,"15:00","11:58",,,3600,3418,"Lebanon Valley","Franklin and Marshall",0,0,0,2,1,55,FALSE,3,1,55,"rush",TRUE,0,TRUE,FALSE,FALSE,FALSE,FALSE,FALSE,FALSE,FALSE,FALSE,FALSE,FALSE,FALSE,FALSE,FALSE,0,FALSE,FALSE,FALSE,FALSE,FALSE,FALSE,,,FALSE,,,"TD","2nd and 1 at LVC45","No Huddle-Shotgun Bryant,Dion rush left for 0 yards to the LVC45 (Hille,Connor)."
"20250904_hz19",2025,"2025-09-04",1,"regular","Lebanon Valley","Franklin and Marshall","Middle Atlantic Conference","Centennial Conference",FALSE,5,1,5,1,1,,,"15:00","11:58",,,3600,3418,"Lebanon Valley","Franklin and Marshall",0,0,0,3,1,55,FALSE,1,4,4,"rush",TRUE,51,TRUE,FALSE,FALSE,FALSE,FALSE,FALSE,FALSE,FALSE,FALSE,FALSE,FALSE,FALSE,FALSE,FALSE,0,FALSE,FALSE,FALSE,FALSE,FALSE,FALSE,,,FALSE,,,"TD","3rd and 1 at LVC45","No Huddle-Shotgun Bryant,Dion rush middle for 51 yards gain to the FMC04 (Hille,Connor), 1ST DOWN."
"20250904_hz19",2025,"2025-09-04",1,"regular","Lebanon Valley","Franklin and Marshall","Middle Atlantic Conference","Centennial Conference",FALSE,6,1,6,1,1,,,"15:00","11:58",,,3600,3418,"Lebanon Valley","Franklin and Marshall",0,0,0,1,4,4,TRUE,2,3,3,"rush",TRUE,1,TRUE,FALSE,FALSE,FALSE,FALSE,FALSE,FALSE,FALSE,FALSE,FALSE,FALSE,FALSE,FALSE,FALSE,0,FALSE,FALSE,TRUE,FALSE,TRUE,FALSE,,,FALSE,,,"TD","1st and 4 at FMC4","No Huddle-Shotgun Acker,Adam rush left for 1 yard gain to the FMC03 (Carner,Rafe)."
"20250904_hz19",2025,"2025-09-04",1,"regular","Lebanon Valley","Franklin and Marshall","Middle Atlantic Conference","Centennial Conference",FALSE,7,1,7,1,1,,"11:58","15:00","11:58",,3418,3600,3418,"Lebanon Valley","Franklin and Marshall",0,0,0,2,3,3,TRUE,,,,"rush",TRUE,3,TRUE,FALSE,FALSE,FALSE,FALSE,FALSE,FALSE,FALSE,TRUE,FALSE,FALSE,FALSE,FALSE,TRUE,6,FALSE,FALSE,FALSE,FALSE,FALSE,FALSE,,,FALSE,,,"TD","2nd and 3 at FMC3","Bryant,Dion rush middle for 3 yards gain to the FMC00 TOUCHDOWN, clock 11:58."
"20250904_hz19",2025,"2025-09-04",1,"regular","Lebanon Valley","Franklin and Marshall","Middle Atlantic Conference","Centennial Conference",FALSE,8,1,8,1,1,"11:58",,"11:58","11:58",3418,,3418,3418,"Lebanon Valley","Franklin and Marshall",6,0,6,,,,,,,,"extra_point",FALSE,,FALSE,FALSE,FALSE,FALSE,FALSE,FALSE,FALSE,FALSE,FALSE,FALSE,FALSE,FALSE,FALSE,TRUE,1,FALSE,FALSE,FALSE,FALSE,FALSE,FALSE,,,FALSE,,,"TD","","Dym,Brian kick attempt good (H: Fasnacht,Payton, LS: Ryan,William)."
"20250904_hz19",2025,"2025-09-04",1,"regular","Lebanon Valley","Franklin and Marshall","Middle Atlantic Conference","Centennial Conference",FALSE,9,2,1,1,1,"11:58","11:58","11:58","11:58",3418,3418,3418,3418,"Franklin and Marshall","Lebanon Valley",0,7,-7,,,,,1,10,65,"kickoff",FALSE,,FALSE,FALSE,FALSE,FALSE,FALSE,FALSE,FALSE,FALSE,FALSE,FALSE,FALSE,FALSE,FALSE,FALSE,0,FALSE,FALSE,FALSE,FALSE,FALSE,FALSE,,,FALSE,,,"PUNT","","Dym,Brian kickoff 54 yards to the FMC11, out of bounds at FMC11."
"20250904_hz19",2025,"2025-09-04",1,"regular","Lebanon Valley","Franklin and Marshall","Middle Atlantic Conference","Centennial Conference",FALSE,10,2,2,1,1,"11:58",,"11:58","11:58",3418,,3418,3418,"Franklin and Marshall","Lebanon Valley",0,7,-7,1,10,65,FALSE,2,5,60,"pass_complete",TRUE,5,FALSE,TRUE,TRUE,FALSE,FALSE,FALSE,FALSE,FALSE,FALSE,FALSE,FALSE,FALSE,FALSE,FALSE,0,TRUE,FALSE,FALSE,FALSE,TRUE,FALSE,,,FALSE,,,"PUNT","1st and 10 at FMC35","No Huddle-Shotgun Tremba,Ty pass complete short left to Lewis,Gary caught at FMC35, for 5 yards to the FMC40 (Sisko,Ryan)."
"20250904_hz19",2025,"2025-09-04",1,"regular","Lebanon Valley","Franklin and Marshall","Middle Atlantic Conference","Centennial Conference",FALSE,11,2,3,1,1,,,"11:58","09:38",,,3418,3278,"Franklin and Marshall","Lebanon Valley",0,7,-7,2,5,60,FALSE,1,10,55,"rush",TRUE,5,TRUE,FALSE,FALSE,FALSE,FALSE,FALSE,FALSE,FALSE,FALSE,FALSE,FALSE,FALSE,FALSE,FALSE,0,FALSE,FALSE,FALSE,FALSE,FALSE,FALSE,,,FALSE,,,"PUNT","2nd and 5 at FMC40","No Huddle-Shotgun Taylor,Seth rush middle for 5 yards gain to the FMC45 (Evanick,Aonghas), 1ST DOWN."
"20250904_hz19",2025,"2025-09-04",1,"regular","Lebanon Valley","Franklin and Marshall","Middle Atlantic Conference","Centennial Conference",FALSE,12,2,4,1,1,,,"11:58","09:38",,,3418,3278,"Franklin and Marshall","Lebanon Valley",0,7,-7,1,10,55,FALSE,2,7,52,"rush",TRUE,3,TRUE,FALSE,FALSE,FALSE,FALSE,FALSE,FALSE,FALSE,FALSE,FALSE,FALSE,FALSE,FALSE,FALSE,0,FALSE,FALSE,TRUE,FALSE,TRUE,FALSE,,,FALSE,,,"PUNT","1st and 10 at FMC45","No Huddle-Shotgun Taylor,Seth rush right for 3 yards gain to the FMC48 (Pollock,Luke)."
"20250904_hz19",2025,"2025-09-04",1,"regular","Lebanon Valley","Franklin and Marshall","Middle Atlantic Conference","Centennial Conference",FALSE,13,2,5,1,1,,,"11:58","09:38",,,3418,3278,"Franklin and Marshall","Lebanon Valley",0,7,-7,2,7,52,FALSE,3,7,52,"pass_incomplete",TRUE,0,FALSE,TRUE,FALSE,FALSE,FALSE,FALSE,FALSE,FALSE,FALSE,FALSE,FALSE,FALSE,FALSE,FALSE,0,FALSE,FALSE,FALSE,FALSE,FALSE,FALSE,,,FALSE,,,"PUNT","2nd and 7 at FMC48","No Huddle-Shotgun Tremba,Ty pass incomplete short right to Lewis,Gary thrown to LVC47."
"20250904_hz19",2025,"2025-09-04",1,"regular","Lebanon Valley","Franklin and Marshall","Middle Atlantic Conference","Centennial Conference",FALSE,14,2,6,1,1,,,"11:58","09:38",,,3418,3278,"Franklin and Marshall","Lebanon Valley",0,7,-7,3,7,52,FALSE,4,7,52,"pass_incomplete",TRUE,0,FALSE,TRUE,FALSE,FALSE,FALSE,FALSE,FALSE,FALSE,FALSE,FALSE,FALSE,FALSE,FALSE,FALSE,0,FALSE,FALSE,FALSE,FALSE,FALSE,FALSE,,,FALSE,,,"PUNT","3rd and 7 at FMC48","No Huddle-Shotgun Tremba,Ty pass incomplete short middle to Poruban,Michael thrown to LVC44 broken up by Brown,Alex."
"20250904_hz19",2025,"2025-09-04",1,"regular","Lebanon Valley","Franklin and Marshall","Middle Atlantic Conference","Centennial Conference",FALSE,15,2,7,1,1,,"09:38","11:58","09:38",,3278,3418,3278,"Franklin and Marshall","Lebanon Valley",0,7,-7,4,7,52,FALSE,1,10,97,"punt_with_return",TRUE,,FALSE,FALSE,FALSE,FALSE,FALSE,FALSE,FALSE,FALSE,FALSE,FALSE,FALSE,FALSE,TRUE,FALSE,0,FALSE,FALSE,FALSE,FALSE,FALSE,FALSE,,,FALSE,,,"PUNT","4th and 7 at FMC48","Harlamov,Ivan punt 47 yards to the LVC05 Freeman,Trey return for loss of 2 yards to the LVC03 (Marx,Oscar)."
"20250904_hz19",2025,"2025-09-04",1,"regular","Lebanon Valley","Franklin and Marshall","Middle Atlantic Conference","Centennial Conference",FALSE,16,3,1,1,1,"09:38",,"09:38","09:38",3278,,3278,3278,"Lebanon Valley","Franklin and Marshall",7,0,7,1,10,97,FALSE,1,11,98,"penalty_no_play",TRUE,,FALSE,FALSE,FALSE,FALSE,FALSE,FALSE,FALSE,FALSE,FALSE,FALSE,FALSE,FALSE,FALSE,FALSE,0,FALSE,TRUE,FALSE,FALSE,TRUE,TRUE,-1,"Lebanon Valley",TRUE,FALSE,"PENALTY LVC False Start 1 yard from LVC03 to LVC02. NO PLAY.","BLOCKED PUNT","1st and 10 at LVC3","PENALTY LVC False Start 1 yard from LVC03 to LVC02. NO PLAY."
"20250904_hz19",2025,"2025-09-04",1,"regular","Lebanon Valley","Franklin and Marshall","Middle Atlantic Conference","Centennial Conference",FALSE,17,3,2,1,1,"09:38",,"09:38","09:38",3278,,3278,3278,"Lebanon Valley","Franklin and Marshall",7,0,7,1,11,98,FALSE,1,10,63,"pass_complete",TRUE,35,FALSE,TRUE,TRUE,FALSE,FALSE,FALSE,FALSE,FALSE,FALSE,FALSE,FALSE,FALSE,FALSE,FALSE,0,FALSE,FALSE,FALSE,FALSE,FALSE,FALSE,,,FALSE,,,"BLOCKED PUNT","1st and 11 at LVC2","No Huddle-Shotgun Klitsch,Logan pass complete deep middle to Acker,Adam caught at LVC31, for 35 yards to the LVC37 (Wertz,Matt), 1ST DOWN."
"20250904_hz19",2025,"2025-09-04",1,"regular","Lebanon Valley","Franklin and Marshall","Middle Atlantic Conference","Centennial Conference",FALSE,18,3,3,1,1,,,"09:38","07:32",,,3278,3152,"Lebanon Valley","Franklin and Marshall",7,0,7,1,10,63,FALSE,2,5,58,"rush",TRUE,5,TRUE,FALSE,FALSE,FALSE,FALSE,FALSE,FALSE,FALSE,FALSE,FALSE,FALSE,FALSE,FALSE,FALSE,0,FALSE,FALSE,TRUE,FALSE,TRUE,FALSE,,,FALSE,,,"BLOCKED PUNT","1st and 10 at LVC37","No Huddle-Shotgun Bryant,Dion rush left for 5 yards gain to the LVC42 (Hadley,Austin; Kelley,LT)."
"20250904_hz19",2025,"2025-09-04",1,"regular","Lebanon Valley","Franklin and Marshall","Middle Atlantic Conference","Centennial Conference",FALSE,19,3,4,1,1,,,"09:38","07:32",,,3278,3152,"Lebanon Valley","Franklin and Marshall",7,0,7,2,5,58,FALSE,3,6,59,"rush",TRUE,-1,TRUE,FALSE,FALSE,FALSE,FALSE,FALSE,FALSE,FALSE,FALSE,FALSE,FALSE,FALSE,FALSE,FALSE,0,FALSE,FALSE,FALSE,FALSE,FALSE,FALSE,,,FALSE,,,"BLOCKED PUNT","2nd and 5 at LVC42","No Huddle-Shotgun Bryant,Dion rush middle for 1 yard loss to the LVC41 (Kelley,LT)."
"20250904_hz19",2025,"2025-09-04",1,"regular","Lebanon Valley","Franklin and Marshall","Middle Atlantic Conference","Centennial Conference",FALSE,20,3,5,1,1,,,"09:38","07:32",,,3278,3152,"Lebanon Valley","Franklin and Marshall",7,0,7,3,6,59,FALSE,4,6,59,"pass_incomplete",TRUE,0,FALSE,TRUE,FALSE,FALSE,FALSE,FALSE,FALSE,FALSE,FALSE,FALSE,FALSE,FALSE,FALSE,FALSE,0,FALSE,FALSE,FALSE,FALSE,FALSE,FALSE,,,FALSE,,,"BLOCKED PUNT","3rd and 6 at LVC41","No Huddle-Shotgun Klitsch,Logan pass incomplete short right to Heisey,Ethan thrown to FMC45."
"20250904_hz19",2025,"2025-09-04",1,"regular","Lebanon Valley","Franklin and Marshall","Middle Atlantic Conference","Centennial Conference",FALSE,21,3,6,1,1,,"07:32","09:38","07:32",,3152,3278,3152,"Lebanon Valley","Franklin and Marshall",7,0,7,4,6,59,FALSE,1,9,9,"punt_blocked",TRUE,,FALSE,FALSE,FALSE,FALSE,FALSE,FALSE,FALSE,FALSE,FALSE,FALSE,FALSE,FALSE,TRUE,FALSE,0,FALSE,FALSE,FALSE,FALSE,FALSE,FALSE,,,FALSE,,,"BLOCKED PUNT","4th and 6 at LVC41","Wisensale,Maxwell punt 0 yards to the LVC41 blocked by Evancho,Kyle recovered by FMC Schultz,Nathan at LVC25 Schultz,Nathan return 16 yards to the LVC09 (Heisey,Ethan)."
"20250904_hz19",2025,"2025-09-04",1,"regular","Lebanon Valley","Franklin and Marshall","Middle Atlantic Conference","Centennial Conference",FALSE,22,4,1,1,1,"07:32",,"07:32","07:32",3152,,3152,3152,"Franklin and Marshall","Lebanon Valley",0,7,-7,1,9,9,TRUE,2,8,8,"rush",TRUE,1,TRUE,FALSE,FALSE,FALSE,FALSE,FALSE,FALSE,FALSE,FALSE,FALSE,FALSE,FALSE,FALSE,FALSE,0,FALSE,TRUE,FALSE,FALSE,TRUE,FALSE,,,FALSE,,,"TD","1st and 9 at LVC9","No Huddle-Shotgun Valdez,Anthony rush middle for 1 yard gain to the LVC08 (Foust,Carter)."
"20250904_hz19",2025,"2025-09-04",1,"regular","Lebanon Valley","Franklin and Marshall","Middle Atlantic Conference","Centennial Conference",FALSE,23,4,2,1,1,,"06:42","07:32","06:42",,3102,3152,3102,"Franklin and Marshall","Lebanon Valley",0,7,-7,2,8,8,TRUE,,,,"pass_complete",TRUE,8,FALSE,TRUE,TRUE,FALSE,FALSE,FALSE,FALSE,FALSE,TRUE,FALSE,FALSE,FALSE,FALSE,TRUE,6,FALSE,FALSE,FALSE,FALSE,FALSE,FALSE,,,FALSE,,,"TD","2nd and 8 at LVC8","No Huddle-Shotgun Tremba,Ty pass complete short middle to Harrison,Jack caught at LVC00, for 8 yards to the LVC00 TOUCHDOWN, clock 06:42."
"20250904_hz19",2025,"2025-09-04",1,"regular","Lebanon Valley","Franklin and Marshall","Middle Atlantic Conference","Centennial Conference",FALSE,24,4,3,1,1,"06:42",,"06:42","06:42",3102,,3102,3102,"Franklin and Marshall","Lebanon Valley",6,7,-1,,,,,,,,"extra_point",FALSE,,FALSE,FALSE,FALSE,FALSE,FALSE,FALSE,FALSE,FALSE,FALSE,FALSE,FALSE,FALSE,FALSE,TRUE,1,FALSE,FALSE,FALSE,FALSE,FALSE,FALSE,,,FALSE,,,"TD","","Fleming,Michael kick attempt good (H: O'Brien,Daniel, LS: Galligan,Will)."
"20250904_hz19",2025,"2025-09-04",1,"regular","Lebanon Valley","Franklin and Marshall","Middle Atlantic Conference","Centennial Conference",FALSE,25,5,1,1,1,"06:42","06:42","06:42","06:42",3102,3102,3102,3102,"Lebanon Valley","Franklin and Marshall",7,7,0,,,,,1,10,75,"kickoff",FALSE,,FALSE,FALSE,FALSE,FALSE,FALSE,FALSE,FALSE,FALSE,FALSE,FALSE,FALSE,FALSE,FALSE,FALSE,0,FALSE,FALSE,FALSE,FALSE,FALSE,FALSE,,,FALSE,,,"PUNT","","Harlamov,Ivan kickoff 65 yards to the LVC00, Touchback."
"20250904_hz19",2025,"2025-09-04",1,"regular","Lebanon Valley","Franklin and Marshall","Middle Atlantic Conference","Centennial Conference",FALSE,26,5,2,1,1,"06:42",,"06:42","06:42",3102,,3102,3102,"Lebanon Valley","Franklin and Marshall",7,7,0,1,10,75,FALSE,2,8,73,"rush",TRUE,2,TRUE,FALSE,FALSE,FALSE,FALSE,FALSE,FALSE,FALSE,FALSE,FALSE,FALSE,FALSE,FALSE,FALSE,0,TRUE,FALSE,FALSE,FALSE,TRUE,FALSE,,,FALSE,,,"PUNT","1st and 10 at LVC25","No Huddle-Shotgun Grimm,Avrey rush left for 2 yards gain to the LVC27 (Carner,Rafe)."
"20250904_hz19",2025,"2025-09-04",1,"regular","Lebanon Valley","Franklin and Marshall","Middle Atlantic Conference","Centennial Conference",FALSE,27,5,3,1,1,,,"06:42","03:54",,,3102,2934,"Lebanon Valley","Franklin and Marshall",7,7,0,2,8,73,FALSE,1,10,61,"rush",TRUE,12,TRUE,FALSE,FALSE,FALSE,FALSE,FALSE,FALSE,FALSE,FALSE,FALSE,FALSE,FALSE,FALSE,FALSE,0,FALSE,FALSE,FALSE,FALSE,FALSE,FALSE,,,FALSE,,,"PUNT","2nd and 8 at LVC27","No Huddle-Shotgun Grimm,Avrey rush right for 12 yards gain to the LVC39 (Carner,Rafe), 1ST DOWN."
"20250904_hz19",2025,"2025-09-04",1,"regular","Lebanon Valley","Franklin and Marshall","Middle Atlantic Conference","Centennial Conference",FALSE,28,5,4,1,1,,,"06:42","03:54",,,3102,2934,"Lebanon Valley","Franklin and Marshall",7,7,0,1,10,61,FALSE,2,10,61,"pass_incomplete",TRUE,0,FALSE,TRUE,FALSE,FALSE,FALSE,FALSE,FALSE,FALSE,FALSE,FALSE,FALSE,FALSE,FALSE,FALSE,0,FALSE,FALSE,TRUE,FALSE,TRUE,FALSE,,,FALSE,,,"PUNT","1st and 10 at LVC39","No Huddle-Shotgun Klitsch,Logan pass incomplete short left to Campbell,Drew thrown to LVC42 broken up by Hadley,Austin."
"20250904_hz19",2025,"2025-09-04",1,"regular","Lebanon Valley","Franklin and Marshall","Middle Atlantic Conference","Centennial Conference",FALSE,29,5,5,1,1,,,"06:42","03:54",,,3102,2934,"Lebanon Valley","Franklin and Marshall",7,7,0,2,10,61,FALSE,3,13,64,"rush",TRUE,-3,TRUE,FALSE,FALSE,FALSE,FALSE,FALSE,FALSE,FALSE,FALSE,FALSE,FALSE,FALSE,FALSE,FALSE,0,FALSE,FALSE,FALSE,FALSE,FALSE,FALSE,,,FALSE,,,"PUNT","2nd and 10 at LVC39","No Huddle-Shotgun Grimm,Avrey rush middle for 3 yards loss to the LVC36 (Long,Quincy)."
"20250904_hz19",2025,"2025-09-04",1,"regular","Lebanon Valley","Franklin and Marshall","Middle Atlantic Conference","Centennial Conference",FALSE,30,5,6,1,1,,,"06:42","03:54",,,3102,2934,"Lebanon Valley","Franklin and Marshall",7,7,0,3,13,64,FALSE,4,5,56,"pass_complete",TRUE,8,FALSE,TRUE,TRUE,FALSE,FALSE,FALSE,FALSE,FALSE,FALSE,FALSE,FALSE,FALSE,FALSE,FALSE,0,FALSE,FALSE,FALSE,FALSE,FALSE,FALSE,,,FALSE,,,"PUNT","3rd and 13 at LVC36","No Huddle-Shotgun Klitsch,Logan pass complete short middle to Vassallo,Alex caught at LVC38, for 8 yards to the LVC44 (Checchio,Kyle; Kilpatrick,Eian)."
"20250904_hz19",2025,"2025-09-04",1,"regular","Lebanon Valley","Franklin and Marshall","Middle Atlantic Conference","Centennial Conference",FALSE,31,5,7,1,1,,"03:54","06:42","03:54",,2934,3102,2934,"Lebanon Valley","Franklin and Marshall",7,7,0,4,5,56,FALSE,1,10,67,"punt_with_return",TRUE,,FALSE,FALSE,FALSE,FALSE,FALSE,FALSE,FALSE,FALSE,FALSE,FALSE,FALSE,FALSE,TRUE,FALSE,0,FALSE,FALSE,FALSE,FALSE,FALSE,FALSE,,,FALSE,,,"PUNT","4th and 5 at LVC44","Wisensale,Maxwell punt 36 yards to the FMC20 Albero,Chris return 13 yards to the FMC33 (Karkoska,Jacob)."
"20250904_hz19",2025,"2025-09-04",1,"regular","Lebanon Valley","Franklin and Marshall","Middle Atlantic Conference","Centennial Conference",FALSE,32,6,1,1,1,"03:54",,"03:54","03:54",2934,,2934,2934,"Franklin and Marshall","Lebanon Valley",7,7,0,1,10,67,FALSE,2,10,67,"rush",TRUE,0,TRUE,FALSE,FALSE,FALSE,FALSE,FALSE,FALSE,FALSE,FALSE,FALSE,FALSE,FALSE,FALSE,FALSE,0,FALSE,TRUE,FALSE,FALSE,TRUE,FALSE,,,FALSE,,,"TD","1st and 10 at FMC33","No Huddle-Shotgun Valdez,Anthony rush middle for 0 yards to the FMC33 (Evanick,Aonghas)."
"20250904_hz19",2025,"2025-09-04",1,"regular","Lebanon Valley","Franklin and Marshall","Middle Atlantic Conference","Centennial Conference",FALSE,33,6,2,1,1,,,"03:54","00:00",,,2934,2700,"Franklin and Marshall","Lebanon Valley",7,7,0,2,10,67,FALSE,1,10,53,"pass_complete",TRUE,14,FALSE,TRUE,TRUE,FALSE,FALSE,FALSE,FALSE,FALSE,FALSE,FALSE,FALSE,FALSE,FALSE,FALSE,0,FALSE,FALSE,FALSE,FALSE,FALSE,FALSE,,,FALSE,,,"TD","2nd and 10 at FMC33","No Huddle-Shotgun Tremba,Ty pass complete short middle to Harrison,Jack caught at FMC42, for 14 yards to the FMC47 (Klein,John; Foust,Carter), 1ST DOWN."
"20250904_hz19",2025,"2025-09-04",1,"regular","Lebanon Valley","Franklin and Marshall","Middle Atlantic Conference","Centennial Conference",FALSE,34,6,3,1,1,,,"03:54","00:00",,,2934,2700,"Franklin and Marshall","Lebanon Valley",7,7,0,1,10,53,FALSE,1,10,41,"rush",TRUE,12,TRUE,FALSE,FALSE,FALSE,FALSE,FALSE,FALSE,FALSE,FALSE,FALSE,FALSE,FALSE,FALSE,FALSE,0,FALSE,FALSE,TRUE,FALSE,TRUE,FALSE,,,FALSE,,,"TD","1st and 10 at FMC47","No Huddle-Shotgun Tremba,Ty rush middle for 12 yards gain to the LVC41 (Karkoska,Jacob), 1ST DOWN."
"20250904_hz19",2025,"2025-09-04",1,"regular","Lebanon Valley","Franklin and Marshall","Middle Atlantic Conference","Centennial Conference",FALSE,35,6,4,1,1,,,"03:54","00:00",,,2934,2700,"Franklin and Marshall","Lebanon Valley",7,7,0,1,10,41,FALSE,1,20,51,"rush",TRUE,,FALSE,FALSE,FALSE,FALSE,FALSE,FALSE,FALSE,FALSE,FALSE,FALSE,FALSE,FALSE,FALSE,FALSE,0,FALSE,FALSE,TRUE,FALSE,TRUE,TRUE,-10,"Franklin and Marshall",TRUE,FALSE,"PENALTY FMC Holding 10 yards from LVC41 to FMC49. NO PLAY.","TD","1st and 10 at LVC41","No Huddle-Shotgun Taylor,Seth rush middle for 6 yards gain to the LVC35 (Karkoska,Jacob; Blauch,Jordan) PENALTY FMC Holding 10 yards from LVC41 to FMC49. NO PLAY."
"20250904_hz19",2025,"2025-09-04",1,"regular","Lebanon Valley","Franklin and Marshall","Middle Atlantic Conference","Centennial Conference",FALSE,36,6,5,1,1,,,"03:54","00:00",,,2934,2700,"Franklin and Marshall","Lebanon Valley",7,7,0,1,20,51,FALSE,2,18,49,"rush",TRUE,2,TRUE,FALSE,FALSE,FALSE,FALSE,FALSE,FALSE,FALSE,FALSE,FALSE,FALSE,FALSE,FALSE,FALSE,0,FALSE,FALSE,FALSE,FALSE,FALSE,FALSE,,,FALSE,,,"TD","1st and 20 at FMC49","No Huddle-Shotgun Tremba,Ty rush middle for 2 yards gain to the LVC49 (Fritsch,Aidon; Karkoska,Jacob)."
"20250904_hz19",2025,"2025-09-04",1,"regular","Lebanon Valley","Franklin and Marshall","Middle Atlantic Conference","Centennial Conference",FALSE,37,6,6,1,1,,,"03:54","00:00",,,2934,2700,"Franklin and Marshall","Lebanon Valley",7,7,0,2,18,49,FALSE,3,7,38,"rush",TRUE,11,TRUE,FALSE,FALSE,FALSE,FALSE,FALSE,FALSE,FALSE,FALSE,FALSE,FALSE,FALSE,FALSE,FALSE,0,FALSE,FALSE,FALSE,FALSE,FALSE,FALSE,,,FALSE,,,"TD","2nd and 18 at LVC49","No Huddle-Shotgun Tremba,Ty rush middle for 11 yards gain to the LVC38 (Ordway,Luke)."
"20250904_hz19",2025,"2025-09-04",1,"regular","Lebanon Valley","Franklin and Marshall","Middle Atlantic Conference","Centennial Conference",FALSE,38,6,7,2,1,"15:00",,"15:00","15:00",2700,,2700,2700,"Franklin and Marshall","Lebanon Valley",7,7,0,3,7,38,FALSE,4,3,34,"pass_complete",TRUE,4,FALSE,TRUE,TRUE,FALSE,FALSE,FALSE,FALSE,FALSE,FALSE,FALSE,FALSE,FALSE,FALSE,FALSE,0,FALSE,FALSE,FALSE,FALSE,FALSE,FALSE,,,FALSE,,,"TD","3rd and 7 at LVC38","No Huddle-Shotgun Tremba,Ty pass complete short left to Rayborn,Na'Rome caught at LVC36, for 4 yards to the LVC34 (Karkoska,Jacob)."
"20250904_hz19",2025,"2025-09-04",1,"regular","Lebanon Valley","Franklin and Marshall","Middle Atlantic Conference","Centennial Conference",FALSE,39,6,8,2,1,"14:18",,"14:18","14:18",2658,,2658,2658,"Franklin and Marshall","Lebanon Valley",7,7,0,4,3,34,FALSE,1,10,24,"pass_incomplete",TRUE,,FALSE,FALSE,FALSE,FALSE,FALSE,FALSE,FALSE,FALSE,FALSE,FALSE,FALSE,FALSE,FALSE,FALSE,0,FALSE,FALSE,FALSE,FALSE,FALSE,TRUE,10,"Lebanon Valley",TRUE,FALSE,"PENALTY LVC Holding 10 yards from LVC34 to LVC24, 1ST DOWN. NO PLAY.","TD","4th and 3 at LVC34","No Huddle-Shotgun Tremba,Ty pass incomplete short left to Lewis,Gary thrown to LVC20 broken up by Carter,Nevin PENALTY LVC Holding 10 yards from LVC34 to LVC24, 1ST DOWN. NO PLAY."
"20250904_hz19",2025,"2025-09-04",1,"regular","Lebanon Valley","Franklin and Marshall","Middle Atlantic Conference","Centennial Conference",FALSE,40,6,9,2,1,,"13:50","14:18","13:50",,2630,2658,2630,"Franklin and Marshall","Lebanon Valley",7,7,0,1,10,24,FALSE,,,,"rush",TRUE,24,TRUE,FALSE,FALSE,FALSE,FALSE,FALSE,FALSE,FALSE,TRUE,FALSE,FALSE,FALSE,FALSE,TRUE,6,FALSE,FALSE,FALSE,TRUE,TRUE,FALSE,,,FALSE,,,"TD","1st and 10 at LVC24","No Huddle-Shotgun Lewis,Gary rush right for 24 yards gain to the LVC00 TOUCHDOWN, clock 13:50, 1ST DOWN."
"20250904_hz19",2025,"2025-09-04",1,"regular","Lebanon Valley","Franklin and Marshall","Middle Atlantic Conference","Centennial Conference",FALSE,41,6,10,2,1,"13:50",,"13:50","13:50",2630,,2630,2630,"Franklin and Marshall","Lebanon Valley",13,7,6,,,,,,,,"extra_point",FALSE,,FALSE,FALSE,FALSE,FALSE,FALSE,FALSE,FALSE,FALSE,FALSE,FALSE,FALSE,FALSE,FALSE,TRUE,1,FALSE,FALSE,FALSE,FALSE,FALSE,FALSE,,,FALSE,,,"TD","","Fleming,Michael kick attempt good (H: O'Brien,Daniel, LS: Galligan,Will)."
"20250904_hz19",2025,"2025-09-04",1,"regular","Lebanon Valley","Franklin and Marshall","Middle Atlantic Conference","Centennial Conference",FALSE,42,7,1,2,1,"13:50","13:42","13:50","13:50",2630,2622,2630,2630,"Lebanon Valley","Franklin and Marshall",7,14,-7,,,,,1,10,67,"kickoff",FALSE,,FALSE,FALSE,FALSE,FALSE,FALSE,FALSE,FALSE,FALSE,FALSE,FALSE,FALSE,FALSE,FALSE,FALSE,0,FALSE,FALSE,FALSE,FALSE,FALSE,FALSE,,,FALSE,,,"PUNT","","Harlamov,Ivan kickoff 54 yards to the LVC11 Cooper,Makih return 22 yards to the LVC33 (Wertz,Matt), out of bounds."
"20250904_hz19",2025,"2025-09-04",1,"regular","Lebanon Valley","Franklin and Marshall","Middle Atlantic Conference","Centennial Conference",FALSE,43,7,2,2,1,"13:42",,"13:42","13:42",2622,,2622,2622,"Lebanon Valley","Franklin and Marshall",7,14,-7,1,10,67,FALSE,2,5,62,"rush",TRUE,5,TRUE,FALSE,FALSE,FALSE,FALSE,FALSE,FALSE,FALSE,FALSE,FALSE,FALSE,FALSE,FALSE,FALSE,0,TRUE,FALSE,FALSE,FALSE,TRUE,FALSE,,,FALSE,,,"PUNT","1st and 10 at LVC33","No Huddle-Shotgun Bryant,Dion rush left for 5 yards gain to the LVC38 (Kelley,LT)."
"20250904_hz19",2025,"2025-09-04",1,"regular","Lebanon Valley","Franklin and Marshall","Middle Atlantic Conference","Centennial Conference",FALSE,44,7,3,2,1,,,"13:42","10:28",,,2622,2428,"Lebanon Valley","Franklin and Marshall",7,14,-7,2,5,62,FALSE,3,5,62,"pass_incomplete",TRUE,0,FALSE,TRUE,FALSE,FALSE,FALSE,FALSE,FALSE,FALSE,FALSE,FALSE,FALSE,FALSE,FALSE,FALSE,0,FALSE,FALSE,FALSE,FALSE,FALSE,FALSE,,,FALSE,,,"PUNT","2nd and 5 at LVC38","Shotgun Klitsch,Logan pass incomplete deep left to Hannevig,Jonathan thrown to FMC30."
"20250904_hz19",2025,"2025-09-04",1,"regular","Lebanon Valley","Franklin and Marshall","Middle Atlantic Conference","Centennial Conference",FALSE,45,7,4,2,1,,,"13:42","10:28",,,2622,2428,"Lebanon Valley","Franklin and Marshall",7,14,-7,3,5,62,FALSE,1,10,49,"pass_complete",TRUE,13,FALSE,TRUE,TRUE,FALSE,FALSE,FALSE,FALSE,FALSE,FALSE,FALSE,FALSE,FALSE,FALSE,FALSE,0,FALSE,FALSE,FALSE,FALSE,FALSE,FALSE,,,FALSE,,,"PUNT","3rd and 5 at LVC38","No Huddle-Shotgun Klitsch,Logan pass complete short middle to Hirshman,Cameron caught at LVC44, for 13 yards to the FMC49 (Kelley,LT; Hille,Connor), 1ST DOWN."
"20250904_hz19",2025,"2025-09-04",1,"regular","Lebanon Valley","Franklin and Marshall","Middle Atlantic Conference","Centennial Conference",FALSE,46,7,5,2,1,,,"13:42","10:28",,,2622,2428,"Lebanon Valley","Franklin and Marshall",7,14,-7,1,10,49,FALSE,1,20,59,"rush",TRUE,,FALSE,FALSE,FALSE,FALSE,FALSE,FALSE,FALSE,FALSE,FALSE,FALSE,FALSE,FALSE,FALSE,FALSE,0,FALSE,FALSE,TRUE,FALSE,TRUE,TRUE,-10,"Lebanon Valley",TRUE,FALSE,"PENALTY LVC Holding 10 yards from FMC49 to LVC41. NO PLAY.","PUNT","1st and 10 at FMC49","Shotgun Grimm,Avrey rush right for 3 yards gain to the FMC46 (Evancho,Kyle) PENALTY LVC Holding 10 yards from FMC49 to LVC41. NO PLAY."
"20250904_hz19",2025,"2025-09-04",1,"regular","Lebanon Valley","Franklin and Marshall","Middle Atlantic Conference","Centennial Conference",FALSE,47,7,6,2,1,,,"13:42","10:28",,,2622,2428,"Lebanon Valley","Franklin and Marshall",7,14,-7,1,20,59,FALSE,2,15,54,"rush",TRUE,5,TRUE,FALSE,FALSE,FALSE,FALSE,FALSE,FALSE,FALSE,FALSE,FALSE,FALSE,FALSE,FALSE,FALSE,0,FALSE,FALSE,FALSE,FALSE,FALSE,FALSE,,,FALSE,,,"PUNT","1st and 20 at LVC41","No Huddle-Shotgun Klitsch,Logan rush middle for 5 yards gain to the LVC46 (Hadley,Austin; Kelley,LT)."
"20250904_hz19",2025,"2025-09-04",1,"regular","Lebanon Valley","Franklin and Marshall","Middle Atlantic Conference","Centennial Conference",FALSE,48,7,7,2,1,,,"13:42","10:28",,,2622,2428,"Lebanon Valley","Franklin and Marshall",7,14,-7,2,15,54,FALSE,3,10,49,"pass_complete",TRUE,5,FALSE,TRUE,TRUE,FALSE,FALSE,FALSE,FALSE,FALSE,FALSE,FALSE,FALSE,FALSE,FALSE,FALSE,0,FALSE,FALSE,FALSE,FALSE,FALSE,FALSE,,,FALSE,,,"PUNT","2nd and 15 at LVC46","Shotgun Klitsch,Logan pass complete short middle to Delgado,Tommy caught at FMC50, for 5 yards to the FMC49 (Hille,Connor), out of bounds."
"20250904_hz19",2025,"2025-09-04",1,"regular","Lebanon Valley","Franklin and Marshall","Middle Atlantic Conference","Centennial Conference",FALSE,49,7,8,2,1,,,"13:42","10:28",,,2622,2428,"Lebanon Valley","Franklin and Marshall",7,14,-7,3,10,49,FALSE,4,10,49,"pass_incomplete",TRUE,0,FALSE,TRUE,FALSE,FALSE,FALSE,FALSE,FALSE,FALSE,FALSE,FALSE,FALSE,FALSE,FALSE,FALSE,0,FALSE,FALSE,FALSE,FALSE,FALSE,FALSE,,,FALSE,,,"PUNT","3rd and 10 at FMC49","Shotgun Klitsch,Logan pass incomplete short right to Delgado,Tommy thrown to FMC37."
"20250904_hz19",2025,"2025-09-04",1,"regular","Lebanon Valley","Franklin and Marshall","Middle Atlantic Conference","Centennial Conference",FALSE,50,7,9,2,1,,"10:28","13:42","10:28",,2428,2622,2428,"Lebanon Valley","Franklin and Marshall",7,14,-7,4,10,49,FALSE,1,10,93,"punt_no_return",TRUE,,FALSE,FALSE,FALSE,FALSE,FALSE,FALSE,FALSE,FALSE,FALSE,FALSE,FALSE,FALSE,TRUE,FALSE,0,FALSE,FALSE,FALSE,FALSE,FALSE,FALSE,,,FALSE,,,"PUNT","4th and 10 at FMC49","Wisensale,Maxwell punt 42 yards to the FMC07 fair catch by Albero,Chris at FMC07."
"20250904_hz19",2025,"2025-09-04",1,"regular","Lebanon Valley","Franklin and Marshall","Middle Atlantic Conference","Centennial Conference",FALSE,51,8,1,2,1,"10:28",,"10:28","10:28",2428,,2428,2428,"Franklin and Marshall","Lebanon Valley",14,7,7,1,10,93,FALSE,2,10,93,"pass_incomplete",TRUE,0,FALSE,TRUE,FALSE,FALSE,FALSE,FALSE,FALSE,FALSE,FALSE,FALSE,FALSE,FALSE,FALSE,FALSE,0,FALSE,TRUE,FALSE,FALSE,TRUE,FALSE,,,FALSE,,,"PUNT","1st and 10 at FMC7","No Huddle-Shotgun Tremba,Ty pass incomplete short right to Zawadzkas,Hudson thrown to FMC13 QB hurried by Pollock,Luke."
"20250904_hz19",2025,"2025-09-04",1,"regular","Lebanon Valley","Franklin and Marshall","Middle Atlantic Conference","Centennial Conference",FALSE,52,8,2,2,1,,,"10:28","09:17",,,2428,2357,"Franklin and Marshall","Lebanon Valley",14,7,7,2,10,93,FALSE,3,6,89,"rush",TRUE,4,TRUE,FALSE,FALSE,FALSE,FALSE,FALSE,FALSE,FALSE,FALSE,FALSE,FALSE,FALSE,FALSE,FALSE,0,FALSE,FALSE,FALSE,FALSE,FALSE,FALSE,,,FALSE,,,"PUNT","2nd and 10 at FMC7","No Huddle-Shotgun Taylor,Seth rush middle for 4 yards gain to the FMC11 (Ordway,Luke)."
"20250904_hz19",2025,"2025-09-04",1,"regular","Lebanon Valley","Franklin and Marshall","Middle Atlantic Conference","Centennial Conference",FALSE,53,8,3,2,1,,,"10:28","09:17",,,2428,2357,"Franklin and Marshall","Lebanon Valley",14,7,7,3,6,89,FALSE,4,6,89,"pass_incomplete",TRUE,0,FALSE,TRUE,FALSE,FALSE,FALSE,FALSE,FALSE,FALSE,FALSE,FALSE,FALSE,FALSE,FALSE,FALSE,0,FALSE,FALSE,FALSE,FALSE,FALSE,FALSE,,,FALSE,,,"PUNT","3rd and 6 at FMC11","No Huddle-Shotgun Tremba,Ty pass incomplete deep left to Lewis,Gary thrown to FMC49."
"20250904_hz19",2025,"2025-09-04",1,"regular","Lebanon Valley","Franklin and Marshall","Middle Atlantic Conference","Centennial Conference",FALSE,54,8,4,2,1,,"09:17","10:28","09:17",,2357,2428,2357,"Franklin and Marshall","Lebanon Valley",14,7,7,4,6,89,FALSE,1,10,52,"punt_no_return",TRUE,,FALSE,FALSE,FALSE,FALSE,FALSE,FALSE,FALSE,FALSE,FALSE,FALSE,FALSE,FALSE,TRUE,FALSE,0,FALSE,FALSE,FALSE,FALSE,FALSE,TRUE,-10,"Franklin and Marshall",FALSE,FALSE,"PENALTY FMC Holding 10 yards from LVC38 to LVC48.","PUNT","4th and 6 at FMC11","Harlamov,Ivan punt 51 yards to the LVC38 PENALTY FMC Holding 10 yards from LVC38 to LVC48."
"20250904_hz19",2025,"2025-09-04",1,"regular","Lebanon Valley","Franklin and Marshall","Middle Atlantic Conference","Centennial Conference",FALSE,55,9,1,2,1,"09:17",,"09:17","09:17",2357,,2357,2357,"Lebanon Valley","Franklin and Marshall",7,14,-7,1,10,52,FALSE,2,9,51,"rush",TRUE,1,TRUE,FALSE,FALSE,FALSE,FALSE,FALSE,FALSE,FALSE,FALSE,FALSE,FALSE,FALSE,FALSE,FALSE,0,FALSE,TRUE,FALSE,FALSE,TRUE,FALSE,,,FALSE,,,"MISSED FG","1st and 10 at LVC48","No Huddle-Shotgun Bryant,Dion rush right for 1 yard gain to the LVC49 (Long,Quincy)."
"20250904_hz19",2025,"2025-09-04",1,"regular","Lebanon Valley","Franklin and Marshall","Middle Atlantic Conference","Centennial Conference",FALSE,56,9,2,2,1,,,"09:17","04:14",,,2357,2054,"Lebanon Valley","Franklin and Marshall",7,14,-7,2,9,51,FALSE,3,7,49,"rush",TRUE,2,TRUE,FALSE,FALSE,FALSE,FALSE,FALSE,FALSE,FALSE,FALSE,FALSE,FALSE,FALSE,FALSE,FALSE,0,FALSE,FALSE,FALSE,FALSE,FALSE,FALSE,,,FALSE,,,"MISSED FG","2nd and 9 at LVC49","No Huddle-Shotgun Bryant,Dion rush right for 2 yards gain to the FMC49 (Hadley,Austin; Carner,Rafe)."
"20250904_hz19",2025,"2025-09-04",1,"regular","Lebanon Valley","Franklin and Marshall","Middle Atlantic Conference","Centennial Conference",FALSE,57,9,3,2,1,,,"09:17","04:14",,,2357,2054,"Lebanon Valley","Franklin and Marshall",7,14,-7,3,7,49,FALSE,1,10,39,"pass_incomplete",TRUE,,FALSE,FALSE,FALSE,FALSE,FALSE,FALSE,FALSE,FALSE,FALSE,FALSE,FALSE,FALSE,FALSE,FALSE,0,FALSE,FALSE,FALSE,FALSE,FALSE,TRUE,10,"Franklin and Marshall",TRUE,FALSE,"PENALTY FMC Holding 10 yards from FMC49 to FMC39, 1ST DOWN. NO PLAY.","MISSED FG","3rd and 7 at FMC49","No Huddle-Shotgun Klitsch,Logan pass incomplete short left to Acker,Adam thrown to FMC38 PENALTY FMC Holding 10 yards from FMC49 to FMC39, 1ST DOWN. NO PLAY."
"20250904_hz19",2025,"2025-09-04",1,"regular","Lebanon Valley","Franklin and Marshall","Middle Atlantic Conference","Centennial Conference",FALSE,58,9,4,2,1,,,"09:17","04:14",,,2357,2054,"Lebanon Valley","Franklin and Marshall",7,14,-7,1,10,39,FALSE,2,1,30,"rush",TRUE,9,TRUE,FALSE,FALSE,FALSE,FALSE,FALSE,FALSE,FALSE,FALSE,FALSE,FALSE,FALSE,FALSE,FALSE,0,FALSE,FALSE,FALSE,TRUE,TRUE,FALSE,,,FALSE,,,"MISSED FG","1st and 10 at FMC39","No Huddle-Shotgun Bryant,Dion rush middle for 9 yards gain to the FMC30 (Checchio,Kyle)."
"20250904_hz19",2025,"2025-09-04",1,"regular","Lebanon Valley","Franklin and Marshall","Middle Atlantic Conference","Centennial Conference",FALSE,59,9,5,2,1,,,"09:17","04:14",,,2357,2054,"Lebanon Valley","Franklin and Marshall",7,14,-7,2,1,30,FALSE,1,10,25,"rush",TRUE,5,TRUE,FALSE,FALSE,FALSE,FALSE,FALSE,FALSE,FALSE,FALSE,FALSE,FALSE,FALSE,FALSE,FALSE,0,FALSE,FALSE,FALSE,FALSE,FALSE,FALSE,,,FALSE,,,"MISSED FG","2nd and 1 at FMC30","No Huddle-Shotgun Bryant,Dion rush left for 5 yards gain to the FMC25 (Marx,Oscar), 1ST DOWN."
"20250904_hz19",2025,"2025-09-04",1,"regular","Lebanon Valley","Franklin and Marshall","Middle Atlantic Conference","Centennial Conference",FALSE,60,9,6,2,1,,,"09:17","04:14",,,2357,2054,"Lebanon Valley","Franklin and Marshall",7,14,-7,1,10,25,FALSE,2,5,20,"rush",TRUE,5,TRUE,FALSE,FALSE,FALSE,FALSE,FALSE,FALSE,FALSE,FALSE,FALSE,FALSE,FALSE,FALSE,FALSE,0,FALSE,FALSE,TRUE,FALSE,TRUE,FALSE,,,FALSE,,,"MISSED FG","1st and 10 at FMC25","Shotgun Grimm,Avrey rush middle for 5 yards gain to the FMC20 (Keenan,Sam; Kelley,LT)."
"20250904_hz19",2025,"2025-09-04",1,"regular","Lebanon Valley","Franklin and Marshall","Middle Atlantic Conference","Centennial Conference",FALSE,61,9,7,2,1,,,"09:17","04:14",,,2357,2054,"Lebanon Valley","Franklin and Marshall",7,14,-7,2,5,20,FALSE,3,5,20,"pass_incomplete",TRUE,0,FALSE,TRUE,FALSE,FALSE,FALSE,FALSE,FALSE,FALSE,FALSE,FALSE,FALSE,FALSE,FALSE,FALSE,0,FALSE,FALSE,FALSE,FALSE,FALSE,FALSE,,,FALSE,,,"MISSED FG","2nd and 5 at FMC20","No Huddle-Shotgun Klitsch,Logan pass incomplete short right to Vassallo,Alex thrown to FMC11."
"20250904_hz19",2025,"2025-09-04",1,"regular","Lebanon Valley","Franklin and Marshall","Middle Atlantic Conference","Centennial Conference",FALSE,62,9,8,2,1,,,"09:17","04:14",,,2357,2054,"Lebanon Valley","Franklin and Marshall",7,14,-7,3,5,20,FALSE,4,5,20,"pass_incomplete",TRUE,0,FALSE,TRUE,FALSE,FALSE,FALSE,FALSE,FALSE,FALSE,FALSE,FALSE,FALSE,FALSE,FALSE,FALSE,0,FALSE,FALSE,FALSE,FALSE,FALSE,FALSE,,,FALSE,,,"MISSED FG","3rd and 5 at FMC20","No Huddle-Shotgun Klitsch,Logan pass incomplete short right to Vassallo,Alex thrown to FMC07 broken up by Wertz,Matt."
"20250904_hz19",2025,"2025-09-04",1,"regular","Lebanon Valley","Franklin and Marshall","Middle Atlantic Conference","Centennial Conference",FALSE,63,9,9,2,1,,,"09:17","04:14",,,2357,2054,"Lebanon Valley","Franklin and Marshall",7,14,-7,4,5,20,FALSE,1,10,14,"pass_complete",TRUE,6,FALSE,TRUE,TRUE,FALSE,FALSE,FALSE,FALSE,FALSE,FALSE,FALSE,FALSE,FALSE,FALSE,FALSE,0,FALSE,FALSE,FALSE,FALSE,FALSE,FALSE,,,FALSE,,,"MISSED FG","4th and 5 at FMC20","No Huddle-Shotgun Klitsch,Logan pass complete short left to Heisey,Ethan caught at FMC17, for 6 yards to the FMC14 (Carner,Rafe), 1ST DOWN."
"20250904_hz19",2025,"2025-09-04",1,"regular","Lebanon Valley","Franklin and Marshall","Middle Atlantic Conference","Centennial Conference",FALSE,64,9,10,2,1,,,"09:17","04:14",,,2357,2054,"Lebanon Valley","Franklin and Marshall",7,14,-7,1,10,14,FALSE,2,8,12,"rush",TRUE,2,TRUE,FALSE,FALSE,FALSE,FALSE,FALSE,FALSE,FALSE,FALSE,FALSE,FALSE,FALSE,FALSE,FALSE,0,FALSE,FALSE,TRUE,FALSE,TRUE,FALSE,,,FALSE,,,"MISSED FG","1st and 10 at FMC14","No Huddle-Shotgun Grimm,Avrey rush middle for 2 yards gain to the FMC12 (Checchio,Kyle)."
"20250904_hz19",2025,"2025-09-04",1,"regular","Lebanon Valley","Franklin and Marshall","Middle Atlantic Conference","Centennial Conference",FALSE,65,9,11,2,1,,,"09:17","04:14",,,2357,2054,"Lebanon Valley","Franklin and Marshall",7,14,-7,2,8,12,FALSE,3,1,5,"rush",TRUE,7,TRUE,FALSE,FALSE,FALSE,FALSE,FALSE,FALSE,FALSE,FALSE,FALSE,FALSE,FALSE,FALSE,FALSE,0,FALSE,FALSE,FALSE,FALSE,FALSE,FALSE,,,FALSE,,,"MISSED FG","2nd and 8 at FMC12","Shotgun Klitsch,Logan rush middle for 7 yards gain to the FMC05 (Checchio,Kyle)."
"20250904_hz19",2025,"2025-09-04",1,"regular","Lebanon Valley","Franklin and Marshall","Middle Atlantic Conference","Centennial Conference",FALSE,66,9,12,2,1,,,"09:17","04:14",,,2357,2054,"Lebanon Valley","Franklin and Marshall",7,14,-7,3,1,5,FALSE,4,3,7,"rush",TRUE,-2,TRUE,FALSE,FALSE,FALSE,FALSE,FALSE,FALSE,FALSE,FALSE,FALSE,FALSE,FALSE,FALSE,FALSE,0,FALSE,FALSE,FALSE,FALSE,FALSE,FALSE,,,FALSE,,,"MISSED FG","3rd and 1 at FMC5","No Huddle-Shotgun Grimm,Avrey rush middle for 2 yards loss to the FMC07 (Long,Quincy)."
"20250904_hz19",2025,"2025-09-04",1,"regular","Lebanon Valley","Franklin and Marshall","Middle Atlantic Conference","Centennial Conference",FALSE,67,9,13,2,1,,"04:14","09:17","04:14",,2054,2357,2054,"Lebanon Valley","Franklin and Marshall",7,14,-7,4,3,7,FALSE,1,10,80,"field_goal_missed",TRUE,,FALSE,FALSE,FALSE,FALSE,FALSE,FALSE,FALSE,FALSE,FALSE,FALSE,TRUE,FALSE,FALSE,FALSE,0,FALSE,FALSE,FALSE,FALSE,FALSE,FALSE,,,FALSE,,,"MISSED FG","4th and 3 at FMC7","Dym,Brian field goal attempt from 28 yards NO GOOD (H: Fasnacht,Payton, LS: Partee,Malachi), clock 04:14."
"20250904_hz19",2025,"2025-09-04",1,"regular","Lebanon Valley","Franklin and Marshall","Middle Atlantic Conference","Centennial Conference",FALSE,68,10,1,2,1,"04:14",,"04:14","04:14",2054,,2054,2054,"Franklin and Marshall","Lebanon Valley",14,7,7,1,10,80,FALSE,2,14,84,"rush",TRUE,-4,TRUE,FALSE,FALSE,FALSE,FALSE,FALSE,FALSE,FALSE,FALSE,FALSE,FALSE,FALSE,FALSE,FALSE,0,FALSE,TRUE,FALSE,FALSE,TRUE,FALSE,,,FALSE,,,"PUNT","1st and 10 at FMC20","No Huddle-Shotgun Fant,Jake rush right for 4 yards loss to the FMC16 (Brown,Alex)."
"20250904_hz19",2025,"2025-09-04",1,"regular","Lebanon Valley","Franklin and Marshall","Middle Atlantic Conference","Centennial Conference",FALSE,69,10,2,2,1,,,"04:14","02:32",,,2054,1952,"Franklin and Marshall","Lebanon Valley",14,7,7,2,14,84,FALSE,3,22,92,"sack",TRUE,-8,FALSE,FALSE,FALSE,TRUE,FALSE,FALSE,FALSE,FALSE,FALSE,FALSE,FALSE,FALSE,FALSE,FALSE,0,FALSE,FALSE,FALSE,FALSE,FALSE,FALSE,,,FALSE,,,"PUNT","2nd and 14 at FMC16","No Huddle-Shotgun Tremba,Ty sacked for loss of 8 yards to the FMC08 (Makosy,Sheadan)."
"20250904_hz19",2025,"2025-09-04",1,"regular","Lebanon Valley","Franklin and Marshall","Middle Atlantic Conference","Centennial Conference",FALSE,70,10,3,2,1,,,"04:14","02:32",,,2054,1952,"Franklin and Marshall","Lebanon Valley",14,7,7,3,22,92,FALSE,4,22,92,"pass_incomplete",TRUE,0,FALSE,TRUE,FALSE,FALSE,FALSE,FALSE,FALSE,FALSE,FALSE,FALSE,FALSE,FALSE,FALSE,FALSE,0,FALSE,FALSE,FALSE,FALSE,FALSE,FALSE,,,FALSE,,,"PUNT","3rd and 22 at FMC8","No Huddle-Shotgun Tremba,Ty pass incomplete short left to Poruban,Michael thrown to FMC07."
"20250904_hz19",2025,"2025-09-04",1,"regular","Lebanon Valley","Franklin and Marshall","Middle Atlantic Conference","Centennial Conference",FALSE,71,10,4,2,1,,"02:32","04:14","02:32",,1952,2054,1952,"Franklin and Marshall","Lebanon Valley",14,7,7,4,22,92,FALSE,1,10,23,"punt_no_return",TRUE,,FALSE,FALSE,FALSE,FALSE,FALSE,FALSE,FALSE,FALSE,FALSE,FALSE,FALSE,FALSE,TRUE,FALSE,0,FALSE,FALSE,FALSE,FALSE,FALSE,TRUE,-15,"Franklin and Marshall",FALSE,FALSE,"PENALTY FMC Face Mask 15 yards from FMC38 to FMC23, 1ST DOWN.","PUNT","4th and 22 at FMC8","Harlamov,Ivan punt 30 yards to the FMC38 PENALTY FMC Face Mask 15 yards from FMC38 to FMC23, 1ST DOWN."
"20250904_hz19",2025,"2025-09-04",1,"regular","Lebanon Valley","Franklin and Marshall","Middle Atlantic Conference","Centennial Conference",FALSE,72,11,1,2,1,"02:32",,"02:32","02:32",1952,,1952,1952,"Lebanon Valley","Franklin and Marshall",7,14,-7,1,10,23,FALSE,1,9,9,"rush",TRUE,14,TRUE,FALSE,FALSE,FALSE,FALSE,FALSE,FALSE,FALSE,FALSE,FALSE,FALSE,FALSE,FALSE,FALSE,0,FALSE,TRUE,FALSE,FALSE,TRUE,FALSE,,,FALSE,,,"TD","1st and 10 at FMC23","No Huddle-Shotgun Grimm,Avrey rush left for 14 yards gain to the FMC09 (Wertz,Matt), out of bounds, 1ST DOWN."
"20250904_hz19",2025,"2025-09-04",1,"regular","Lebanon Valley","Franklin and Marshall","Middle Atlantic Conference","Centennial Conference",FALSE,73,11,2,2,1,,,"02:32","02:00",,,1952,1920,"Lebanon Valley","Franklin and Marshall",7,14,-7,1,9,9,TRUE,2,4,4,"rush",TRUE,5,TRUE,FALSE,FALSE,FALSE,FALSE,FALSE,FALSE,FALSE,FALSE,FALSE,FALSE,FALSE,FALSE,FALSE,0,FALSE,FALSE,TRUE,FALSE,TRUE,FALSE,,,FALSE,,,"TD","1st and 9 at FMC9","No Huddle-Shotgun Klitsch,Logan rush middle for 5 yards gain to the FMC04 (Checchio,Kyle)."
"20250904_hz19",2025,"2025-09-04",1,"regular","Lebanon Valley","Franklin and Marshall","Middle Atlantic Conference","Centennial Conference",FALSE,74,11,3,2,1,"02:00",,"02:00","02:00",1920,,1920,1920,"Lebanon Valley","Franklin and Marshall",7,14,-7,2,4,4,TRUE,3,3,3,"rush",TRUE,1,TRUE,FALSE,FALSE,FALSE,FALSE,FALSE,FALSE,FALSE,FALSE,FALSE,FALSE,FALSE,FALSE,FALSE,0,FALSE,FALSE,FALSE,FALSE,FALSE,FALSE,,,FALSE,,,"TD","2nd and 4 at FMC4","No Huddle-Shotgun Klitsch,Logan rush middle for 1 yard gain to the FMC03 (Long,Quincy)."
"20250904_hz19",2025,"2025-09-04",1,"regular","Lebanon Valley","Franklin and Marshall","Middle Atlantic Conference","Centennial Conference",FALSE,75,11,4,2,1,,"01:15","02:00","01:15",,1875,1920,1875,"Lebanon Valley","Franklin and Marshall",7,14,-7,3,3,3,TRUE,,,,"rush",TRUE,3,TRUE,FALSE,FALSE,FALSE,FALSE,FALSE,FALSE,FALSE,TRUE,FALSE,FALSE,FALSE,FALSE,TRUE,6,FALSE,FALSE,FALSE,FALSE,FALSE,FALSE,,,FALSE,,,"TD","3rd and 3 at FMC3","Klitsch,Logan rush right for 3 yards gain to the FMC00 TOUCHDOWN, clock 01:15."
"20250904_hz19",2025,"2025-09-04",1,"regular","Lebanon Valley","Franklin and Marshall","Middle Atlantic Conference","Centennial Conference",FALSE,76,11,5,2,1,"01:15",,"01:15","01:15",1875,,1875,1875,"Lebanon Valley","Franklin and Marshall",13,14,-1,,,,,,,,"extra_point",FALSE,,FALSE,FALSE,FALSE,FALSE,FALSE,FALSE,FALSE,FALSE,FALSE,FALSE,FALSE,FALSE,FALSE,TRUE,1,FALSE,FALSE,FALSE,FALSE,FALSE,FALSE,,,FALSE,,,"TD","","Dym,Brian kick attempt good (H: Fasnacht,Payton, LS: Ryan,William)."
"20250904_hz19",2025,"2025-09-04",1,"regular","Lebanon Valley","Franklin and Marshall","Middle Atlantic Conference","Centennial Conference",FALSE,77,12,1,2,1,"01:15","01:09","01:15","01:15",1875,1869,1875,1875,"Franklin and Marshall","Lebanon Valley",14,14,0,,,,,1,10,90,"kickoff",FALSE,,FALSE,FALSE,FALSE,FALSE,FALSE,FALSE,FALSE,FALSE,FALSE,FALSE,FALSE,FALSE,FALSE,FALSE,0,FALSE,FALSE,FALSE,FALSE,FALSE,FALSE,,,FALSE,,,"FG","","Dym,Brian kickoff 60 yards to the FMC05 Lewis,Gary return 5 yards to the FMC10 (Calabretta,Tony; Cosme,Nahseem)."
"20250904_hz19",2025,"2025-09-04",1,"regular","Lebanon Valley","Franklin and Marshall","Middle Atlantic Conference","Centennial Conference",FALSE,78,12,2,2,1,"01:09",,"01:09","01:09",1869,,1869,1869,"Franklin and Marshall","Lebanon Valley",14,14,0,1,10,90,FALSE,1,10,78,"rush",TRUE,12,TRUE,FALSE,FALSE,FALSE,FALSE,FALSE,FALSE,FALSE,FALSE,FALSE,FALSE,FALSE,FALSE,FALSE,0,TRUE,FALSE,FALSE,FALSE,TRUE,FALSE,,,FALSE,,,"FG","1st and 10 at FMC10","No Huddle-Shotgun Tremba,Ty rush middle for 12 yards gain to the FMC22 (Makosy,Sheadan), 1ST DOWN."
"20250904_hz19",2025,"2025-09-04",1,"regular","Lebanon Valley","Franklin and Marshall","Middle Atlantic Conference","Centennial Conference",FALSE,79,12,3,2,1,,,"01:09","00:21",,,1869,1821,"Franklin and Marshall","Lebanon Valley",14,14,0,1,10,78,FALSE,1,10,64,"pass_complete",TRUE,14,FALSE,TRUE,TRUE,FALSE,FALSE,FALSE,FALSE,FALSE,FALSE,FALSE,FALSE,FALSE,FALSE,FALSE,0,FALSE,FALSE,TRUE,FALSE,TRUE,FALSE,,,FALSE,,,"FG","1st and 10 at FMC22","No Huddle-Shotgun Tremba,Ty pass complete short middle to Taylor,Seth caught at FMC29, for 14 yards to the FMC36 (Foust,Carter), 1ST DOWN."
"20250904_hz19",2025,"2025-09-04",1,"regular","Lebanon Valley","Franklin and Marshall","Middle Atlantic Conference","Centennial Conference",FALSE,80,12,4,2,1,,,"01:09","00:21",,,1869,1821,"Franklin and Marshall","Lebanon Valley",14,14,0,1,10,64,FALSE,1,10,45,"rush",TRUE,19,TRUE,FALSE,FALSE,FALSE,FALSE,FALSE,FALSE,FALSE,FALSE,FALSE,FALSE,FALSE,FALSE,FALSE,0,FALSE,FALSE,TRUE,FALSE,TRUE,FALSE,,,FALSE,,,"FG","1st and 10 at FMC36","No Huddle-Shotgun Tremba,Ty rush middle for 19 yards gain to the LVC45 (Fink,Ryan), 1ST DOWN."
"20250904_hz19",2025,"2025-09-04",1,"regular","Lebanon Valley","Franklin and Marshall","Middle Atlantic Conference","Centennial Conference",FALSE,81,12,5,2,1,,,"01:09","00:21",,,1869,1821,"Franklin and Marshall","Lebanon Valley",14,14,0,1,10,45,FALSE,1,10,34,"pass_complete",TRUE,11,FALSE,TRUE,TRUE,FALSE,FALSE,FALSE,FALSE,FALSE,FALSE,FALSE,FALSE,FALSE,FALSE,FALSE,0,FALSE,FALSE,TRUE,FALSE,TRUE,FALSE,,,FALSE,,,"FG","1st and 10 at LVC45","No Huddle-Shotgun Tremba,Ty pass complete short middle to Harrison,Jack caught at LVC34, for 11 yards to the LVC34 (Fink,Ryan), 1ST DOWN."
"20250904_hz19",2025,"2025-09-04",1,"regular","Lebanon Valley","Franklin and Marshall","Middle Atlantic Conference","Centennial Conference",FALSE,82,12,6,2,1,"00:21",,"00:21","00:21",1821,,1821,1821,"Franklin and Marshall","Lebanon Valley",14,14,0,1,10,34,FALSE,2,10,34,"pass_incomplete",TRUE,0,FALSE,TRUE,FALSE,FALSE,FALSE,FALSE,FALSE,FALSE,FALSE,FALSE,FALSE,FALSE,FALSE,FALSE,0,FALSE,FALSE,TRUE,FALSE,TRUE,FALSE,,,FALSE,,,"FG","1st and 10 at LVC34","No Huddle-Shotgun Tremba,Ty pass incomplete deep middle to Poruban,Michael thrown to LVC02 broken up by Sisko,Ryan. LVC is challenging the ruling on the field - ""Incomplete pass"". PLAY STANDS."
"20250904_hz19",2025,"2025-09-04",1,"regular","Lebanon Valley","Franklin and Marshall","Middle Atlantic Conference","Centennial Conference",FALSE,83,12,7,2,1,,,"00:21","00:08",,,1821,1808,"Franklin and Marshall","Lebanon Valley",14,14,0,2,10,34,FALSE,1,10,20,"rush",TRUE,14,TRUE,FALSE,FALSE,FALSE,FALSE,FALSE,FALSE,FALSE,FALSE,FALSE,FALSE,FALSE,FALSE,FALSE,0,FALSE,FALSE,FALSE,FALSE,FALSE,FALSE,,,FALSE,,,"FG","2nd and 10 at LVC34","No Huddle-Shotgun Tremba,Ty rush middle for 14 yards gain to the LVC20 (Carter,Nevin), 1ST DOWN."
"20250904_hz19",2025,"2025-09-04",1,"regular","Lebanon Valley","Franklin and Marshall","Middle Atlantic Conference","Centennial Conference",FALSE,84,12,8,2,1,"00:08",,"00:08","00:08",1808,,1808,1808,"Franklin and Marshall","Lebanon Valley",14,14,0,1,10,20,FALSE,2,10,20,"pass_incomplete",TRUE,0,FALSE,TRUE,FALSE,FALSE,FALSE,FALSE,FALSE,FALSE,FALSE,FALSE,FALSE,FALSE,FALSE,FALSE,0,FALSE,FALSE,TRUE,FALSE,TRUE,FALSE,,,FALSE,,,"FG","1st and 10 at LVC20","No Huddle-Shotgun Tremba,Ty pass incomplete short left to Lewis,Gary thrown to LVC11."
"20250904_hz19",2025,"2025-09-04",1,"regular","Lebanon Valley","Franklin and Marshall","Middle Atlantic Conference","Centennial Conference",FALSE,85,12,9,2,1,,"00:00","00:08","00:00",,1800,1808,1800,"Franklin and Marshall","Lebanon Valley",14,14,0,2,10,20,FALSE,,,,"field_goal_good",TRUE,,FALSE,FALSE,FALSE,FALSE,FALSE,FALSE,FALSE,FALSE,FALSE,FALSE,TRUE,TRUE,FALSE,TRUE,3,FALSE,FALSE,FALSE,FALSE,FALSE,FALSE,,,FALSE,,,"FG","2nd and 10 at LVC20","Fleming,Michael field goal attempt from 37 yards GOOD (H: O'Brien,Daniel, LS: Galligan,Will), clock 00:00."
"20250904_hz19",2025,"2025-09-04",1,"regular","Lebanon Valley","Franklin and Marshall","Middle Atlantic Conference","Centennial Conference",FALSE,86,13,1,3,2,"15:00","15:00","15:00","15:00",1800,1800,1800,1800,"Franklin and Marshall","Lebanon Valley",17,14,3,,,,,1,10,65,"kickoff",FALSE,,FALSE,FALSE,FALSE,FALSE,FALSE,FALSE,FALSE,FALSE,FALSE,FALSE,FALSE,FALSE,FALSE,FALSE,0,FALSE,FALSE,FALSE,FALSE,FALSE,FALSE,,,FALSE,,,"PUNT","","Dym,Brian kickoff 47 yards to the FMC18, out of bounds at FMC18."
"20250904_hz19",2025,"2025-09-04",1,"regular","Lebanon Valley","Franklin and Marshall","Middle Atlantic Conference","Centennial Conference",FALSE,87,13,2,3,2,"15:00",,"15:00","15:00",1800,,1800,1800,"Franklin and Marshall","Lebanon Valley",17,14,3,1,10,65,FALSE,2,8,63,"rush",TRUE,2,TRUE,FALSE,FALSE,FALSE,FALSE,FALSE,FALSE,FALSE,FALSE,FALSE,FALSE,FALSE,FALSE,FALSE,0,TRUE,FALSE,FALSE,FALSE,TRUE,FALSE,,,FALSE,,,"PUNT","1st and 10 at FMC35","No Huddle-Shotgun Taylor,Seth rush middle for 2 yards gain to the FMC37 (Makosy,Sheadan; Foust,Carter)."
"20250904_hz19",2025,"2025-09-04",1,"regular","Lebanon Valley","Franklin and Marshall","Middle Atlantic Conference","Centennial Conference",FALSE,88,13,3,3,2,,,"15:00","13:16",,,1800,1696,"Franklin and Marshall","Lebanon Valley",17,14,3,2,8,63,FALSE,3,9,64,"rush",TRUE,-1,TRUE,FALSE,FALSE,FALSE,FALSE,FALSE,FALSE,FALSE,FALSE,FALSE,FALSE,FALSE,FALSE,FALSE,0,FALSE,FALSE,FALSE,FALSE,FALSE,FALSE,,,FALSE,,,"PUNT","2nd and 8 at FMC37","No Huddle-Shotgun Taylor,Seth rush middle for 1 yard loss to the FMC36 (Pollock,Luke; Ordway,Luke)."
"20250904_hz19",2025,"2025-09-04",1,"regular","Lebanon Valley","Franklin and Marshall","Middle Atlantic Conference","Centennial Conference",FALSE,89,13,4,3,2,,,"15:00","13:16",,,1800,1696,"Franklin and Marshall","Lebanon Valley",17,14,3,3,9,64,FALSE,4,9,64,"pass_incomplete",TRUE,0,FALSE,TRUE,FALSE,FALSE,FALSE,FALSE,FALSE,FALSE,FALSE,FALSE,FALSE,FALSE,FALSE,FALSE,0,FALSE,FALSE,FALSE,FALSE,FALSE,FALSE,,,FALSE,,,"PUNT","3rd and 9 at FMC36","No Huddle-Shotgun Tremba,Ty pass incomplete deep middle to Harrison,Jack thrown to LVC44 broken up by Brown,Alex."
"20250904_hz19",2025,"2025-09-04",1,"regular","Lebanon Valley","Franklin and Marshall","Middle Atlantic Conference","Centennial Conference",FALSE,90,13,5,3,2,,"13:16","15:00","13:16",,1696,1800,1696,"Franklin and Marshall","Lebanon Valley",17,14,3,4,9,64,FALSE,1,10,60,"punt_with_return",TRUE,,FALSE,FALSE,FALSE,FALSE,FALSE,FALSE,FALSE,FALSE,FALSE,FALSE,FALSE,FALSE,TRUE,FALSE,0,FALSE,FALSE,FALSE,FALSE,FALSE,TRUE,-5,"Franklin and Marshall",FALSE,FALSE,"PENALTY FMC Illegal Formation 5 yards from LVC35 to LVC40.","PUNT","4th and 9 at FMC36","Harlamov,Ivan punt 44 yards to the LVC20 Freeman,Trey return 15 yards to the LVC35 (Shivas,Aaron), out of bounds PENALTY FMC Illegal Formation 5 yards from LVC35 to LVC40."
"20250904_hz19",2025,"2025-09-04",1,"regular","Lebanon Valley","Franklin and Marshall","Middle Atlantic Conference","Centennial Conference",FALSE,91,14,1,3,2,"13:16",,"13:16","13:16",1696,,1696,1696,"Lebanon Valley","Franklin and Marshall",14,17,-3,1,10,60,FALSE,2,6,56,"rush",TRUE,4,TRUE,FALSE,FALSE,FALSE,FALSE,FALSE,FALSE,FALSE,FALSE,FALSE,FALSE,FALSE,FALSE,FALSE,0,FALSE,TRUE,FALSE,FALSE,TRUE,FALSE,,,FALSE,,,"DOWNS","1st and 10 at LVC40","Shotgun Bryant,Dion rush right for 4 yards gain to the LVC44 (Long,Quincy)."
"20250904_hz19",2025,"2025-09-04",1,"regular","Lebanon Valley","Franklin and Marshall","Middle Atlantic Conference","Centennial Conference",FALSE,92,14,2,3,2,,,"13:16","09:22",,,1696,1462,"Lebanon Valley","Franklin and Marshall",14,17,-3,2,6,56,FALSE,1,10,43,"rush",TRUE,13,TRUE,FALSE,FALSE,FALSE,FALSE,FALSE,FALSE,FALSE,FALSE,FALSE,FALSE,FALSE,FALSE,FALSE,0,FALSE,FALSE,FALSE,FALSE,FALSE,FALSE,,,FALSE,,,"DOWNS","2nd and 6 at LVC44","No Huddle-Shotgun Bryant,Dion rush middle for 13 yards gain to the FMC43 (Evancho,Kyle), 1ST DOWN."
"20250904_hz19",2025,"2025-09-04",1,"regular","Lebanon Valley","Franklin and Marshall","Middle Atlantic Conference","Centennial Conference",FALSE,93,14,3,3,2,,,"13:16","09:22",,,1696,1462,"Lebanon Valley","Franklin and Marshall",14,17,-3,1,10,43,FALSE,2,5,38,"rush",TRUE,5,TRUE,FALSE,FALSE,FALSE,FALSE,FALSE,FALSE,FALSE,FALSE,FALSE,FALSE,FALSE,FALSE,FALSE,0,FALSE,FALSE,TRUE,FALSE,TRUE,FALSE,,,FALSE,,,"DOWNS","1st and 10 at FMC43","No Huddle-Shotgun Bryant,Dion rush middle for 5 yards gain to the FMC38 (Kelley,LT)."
"20250904_hz19",2025,"2025-09-04",1,"regular","Lebanon Valley","Franklin and Marshall","Middle Atlantic Conference","Centennial Conference",FALSE,94,14,4,3,2,,,"13:16","09:22",,,1696,1462,"Lebanon Valley","Franklin and Marshall",14,17,-3,2,5,38,FALSE,3,1,34,"rush",TRUE,4,TRUE,FALSE,FALSE,FALSE,FALSE,FALSE,FALSE,FALSE,FALSE,FALSE,FALSE,FALSE,FALSE,FALSE,0,FALSE,FALSE,FALSE,FALSE,FALSE,FALSE,,,FALSE,,,"DOWNS","2nd and 5 at FMC38","No Huddle-Shotgun Klitsch,Logan rush middle for 4 yards gain to the FMC34 (Hille,Connor; Kelley,LT)."
"20250904_hz19",2025,"2025-09-04",1,"regular","Lebanon Valley","Franklin and Marshall","Middle Atlantic Conference","Centennial Conference",FALSE,95,14,5,3,2,,,"13:16","09:22",,,1696,1462,"Lebanon Valley","Franklin and Marshall",14,17,-3,3,1,34,FALSE,3,11,44,"rush",TRUE,,FALSE,FALSE,FALSE,FALSE,FALSE,FALSE,FALSE,FALSE,FALSE,FALSE,FALSE,FALSE,FALSE,FALSE,0,FALSE,FALSE,FALSE,FALSE,FALSE,TRUE,-10,"Lebanon Valley",TRUE,FALSE,"PENALTY LVC Holding 10 yards from FMC34 to FMC44. NO PLAY.","DOWNS","3rd and 1 at FMC34","No Huddle-Shotgun Grimm,Avrey rush left for 4 yards gain to the FMC30 (Marx,Oscar) PENALTY LVC Holding 10 yards from FMC34 to FMC44. NO PLAY."
"20250904_hz19",2025,"2025-09-04",1,"regular","Lebanon Valley","Franklin and Marshall","Middle Atlantic Conference","Centennial Conference",FALSE,96,14,6,3,2,,,"13:16","09:22",,,1696,1462,"Lebanon Valley","Franklin and Marshall",14,17,-3,3,11,44,FALSE,1,10,31,"pass_complete",TRUE,13,FALSE,TRUE,TRUE,FALSE,FALSE,FALSE,FALSE,FALSE,FALSE,FALSE,FALSE,FALSE,FALSE,FALSE,0,FALSE,FALSE,FALSE,FALSE,FALSE,FALSE,,,FALSE,,,"DOWNS","3rd and 11 at FMC44","Shotgun Klitsch,Logan pass complete short right to Campbell,Drew caught at FMC32, for 13 yards to the FMC31 (Carner,Rafe), 1ST DOWN."
"20250904_hz19",2025,"2025-09-04",1,"regular","Lebanon Valley","Franklin and Marshall","Middle Atlantic Conference","Centennial Conference",FALSE,97,14,7,3,2,,,"13:16","09:22",,,1696,1462,"Lebanon Valley","Franklin and Marshall",14,17,-3,1,10,31,FALSE,2,8,29,"rush",TRUE,2,TRUE,FALSE,FALSE,FALSE,FALSE,FALSE,FALSE,FALSE,FALSE,FALSE,FALSE,FALSE,FALSE,FALSE,0,FALSE,FALSE,TRUE,FALSE,TRUE,FALSE,,,FALSE,,,"DOWNS","1st and 10 at FMC31","No Huddle-Shotgun Bryant,Dion rush right for 2 yards gain to the FMC29 (Checchio,Kyle)."
"20250904_hz19",2025,"2025-09-04",1,"regular","Lebanon Valley","Franklin and Marshall","Middle Atlantic Conference","Centennial Conference",FALSE,98,14,8,3,2,,,"13:16","09:22",,,1696,1462,"Lebanon Valley","Franklin and Marshall",14,17,-3,2,8,29,FALSE,3,8,29,"pass_incomplete",TRUE,0,FALSE,TRUE,FALSE,FALSE,FALSE,FALSE,FALSE,FALSE,FALSE,FALSE,FALSE,FALSE,FALSE,FALSE,0,FALSE,FALSE,FALSE,FALSE,FALSE,FALSE,,,FALSE,,,"DOWNS","2nd and 8 at FMC29","No Huddle-Shotgun Klitsch,Logan pass incomplete deep left to Delgado,Tommy thrown to FMC01."
"20250904_hz19",2025,"2025-09-04",1,"regular","Lebanon Valley","Franklin and Marshall","Middle Atlantic Conference","Centennial Conference",FALSE,99,14,9,3,2,"09:22",,"09:22","09:22",1462,,1462,1462,"Lebanon Valley","Franklin and Marshall",14,17,-3,3,8,29,FALSE,4,8,29,"pass_incomplete",TRUE,0,FALSE,TRUE,FALSE,FALSE,FALSE,FALSE,FALSE,FALSE,FALSE,FALSE,FALSE,FALSE,FALSE,FALSE,0,FALSE,FALSE,FALSE,FALSE,FALSE,FALSE,,,FALSE,,,"DOWNS","3rd and 8 at FMC29","Shotgun Klitsch,Logan pass incomplete short right to Delgado,Tommy thrown to FMC24."
"20250904_hz19",2025,"2025-09-04",1,"regular","Lebanon Valley","Franklin and Marshall","Middle Atlantic Conference","Centennial Conference",FALSE,100,14,10,3,2,,"09:14","09:22","09:14",,1454,1462,1454,"Lebanon Valley","Franklin and Marshall",14,17,-3,4,8,29,FALSE,1,10,71,"pass_incomplete",TRUE,0,FALSE,TRUE,FALSE,FALSE,FALSE,FALSE,TRUE,TRUE,FALSE,FALSE,FALSE,FALSE,FALSE,FALSE,0,FALSE,FALSE,FALSE,FALSE,FALSE,FALSE,,,FALSE,,,"DOWNS","4th and 8 at FMC29","No Huddle-Shotgun Klitsch,Logan pass incomplete short left to Hirshman,Cameron thrown to FMC20, TURNOVER ON DOWNS."
"20250904_hz19",2025,"2025-09-04",1,"regular","Lebanon Valley","Franklin and Marshall","Middle Atlantic Conference","Centennial Conference",FALSE,101,15,1,3,2,"09:14",,"09:14","09:14",1454,,1454,1454,"Franklin and Marshall","Lebanon Valley",17,14,3,1,10,71,FALSE,2,4,65,"pass_complete",TRUE,6,FALSE,TRUE,TRUE,FALSE,FALSE,FALSE,FALSE,FALSE,FALSE,FALSE,FALSE,FALSE,FALSE,FALSE,0,FALSE,TRUE,FALSE,FALSE,TRUE,FALSE,,,FALSE,,,"MISSED FG","1st and 10 at FMC29","No Huddle-Shotgun Tremba,Ty pass complete short left to Harrison,Jack caught at FMC35, for 6 yards to the FMC35, End Of Play."
"20250904_hz19",2025,"2025-09-04",1,"regular","Lebanon Valley","Franklin and Marshall","Middle Atlantic Conference","Centennial Conference",FALSE,102,15,2,3,2,,,"09:14","02:43",,,1454,1063,"Franklin and Marshall","Lebanon Valley",17,14,3,2,4,65,FALSE,3,5,66,"rush",TRUE,-1,TRUE,FALSE,FALSE,FALSE,FALSE,FALSE,FALSE,FALSE,FALSE,FALSE,FALSE,FALSE,FALSE,FALSE,0,FALSE,FALSE,FALSE,FALSE,FALSE,FALSE,,,FALSE,,,"MISSED FG","2nd and 4 at FMC35","No Huddle-Shotgun Valdez,Anthony rush middle for 1 yard loss to the FMC34 (Karkoska,Jacob)."
"20250904_hz19",2025,"2025-09-04",1,"regular","Lebanon Valley","Franklin and Marshall","Middle Atlantic Conference","Centennial Conference",FALSE,103,15,3,3,2,,,"09:14","02:43",,,1454,1063,"Franklin and Marshall","Lebanon Valley",17,14,3,3,5,66,FALSE,1,10,45,"rush",TRUE,6,TRUE,FALSE,FALSE,FALSE,FALSE,FALSE,FALSE,FALSE,FALSE,FALSE,FALSE,FALSE,FALSE,FALSE,0,FALSE,FALSE,FALSE,FALSE,FALSE,TRUE,15,"Lebanon Valley",FALSE,FALSE,"PENALTY LVC Targeting 15 yards from FMC40 to LVC45, 1ST DOWN. The previous play is under automatic review - ""Targeting"". PLAY STANDS.","MISSED FG","3rd and 5 at FMC34","No Huddle-Shotgun Tremba,Ty rush middle for 6 yards gain to the FMC40 (Evanick,Aonghas), 1ST DOWN, PENALTY LVC Targeting 15 yards from FMC40 to LVC45, 1ST DOWN. The previous play is under automatic review - ""Targeting"". PLAY STANDS."
"20250904_hz19",2025,"2025-09-04",1,"regular","Lebanon Valley","Franklin and Marshall","Middle Atlantic Conference","Centennial Conference",FALSE,104,15,4,3,2,,,"09:14","02:43",,,1454,1063,"Franklin and Marshall","Lebanon Valley",17,14,3,1,10,45,FALSE,1,10,34,"rush",TRUE,11,TRUE,FALSE,FALSE,FALSE,FALSE,FALSE,FALSE,FALSE,FALSE,FALSE,FALSE,FALSE,FALSE,FALSE,0,FALSE,FALSE,TRUE,FALSE,TRUE,FALSE,,,FALSE,,,"MISSED FG","1st and 10 at LVC45","No Huddle-Shotgun Valdez,Anthony rush middle for 11 yards gain to the LVC34 (McCallion,J.D.), 1ST DOWN."
"20250904_hz19",2025,"2025-09-04",1,"regular","Lebanon Valley","Franklin and Marshall","Middle Atlantic Conference","Centennial Conference",FALSE,105,15,5,3,2,,,"09:14","02:43",,,1454,1063,"Franklin and Marshall","Lebanon Valley",17,14,3,1,10,34,FALSE,2,3,27,"rush",TRUE,7,TRUE,FALSE,FALSE,FALSE,FALSE,FALSE,FALSE,FALSE,FALSE,FALSE,FALSE,FALSE,FALSE,FALSE,0,FALSE,FALSE,TRUE,FALSE,TRUE,FALSE,,,FALSE,,,"MISSED FG","1st and 10 at LVC34","No Huddle-Shotgun Tremba,Ty rush left for 7 yards gain to the LVC27 (Klein,John)."
"20250904_hz19",2025,"2025-09-04",1,"regular","Lebanon Valley","Franklin and Marshall","Middle Atlantic Conference","Centennial Conference",FALSE,106,15,6,3,2,,,"09:14","02:43",,,1454,1063,"Franklin and Marshall","Lebanon Valley",17,14,3,2,3,27,FALSE,3,1,25,"rush",TRUE,2,TRUE,FALSE,FALSE,FALSE,FALSE,FALSE,FALSE,FALSE,FALSE,FALSE,FALSE,FALSE,FALSE,FALSE,0,FALSE,FALSE,FALSE,FALSE,FALSE,FALSE,,,FALSE,,,"MISSED FG","2nd and 3 at LVC27","No Huddle-Shotgun Richards,Jayden rush middle for 2 yards gain to the LVC25 (Smith,Seamus)."
"20250904_hz19",2025,"2025-09-04",1,"regular","Lebanon Valley","Franklin and Marshall","Middle Atlantic Conference","Centennial Conference",FALSE,107,15,7,3,2,,,"09:14","02:43",,,1454,1063,"Franklin and Marshall","Lebanon Valley",17,14,3,3,1,25,FALSE,1,10,20,"rush",TRUE,5,TRUE,FALSE,FALSE,FALSE,FALSE,FALSE,FALSE,FALSE,FALSE,FALSE,FALSE,FALSE,FALSE,FALSE,0,FALSE,FALSE,FALSE,FALSE,FALSE,FALSE,,,FALSE,,,"MISSED FG","3rd and 1 at LVC25","No Huddle-Shotgun Fant,Jake rush right for 5 yards gain to the LVC20 (Pollock,Luke), 1ST DOWN."
"20250904_hz19",2025,"2025-09-04",1,"regular","Lebanon Valley","Franklin and Marshall","Middle Atlantic Conference","Centennial Conference",FALSE,108,15,8,3,2,,,"09:14","02:43",,,1454,1063,"Franklin and Marshall","Lebanon Valley",17,14,3,1,10,20,FALSE,2,11,21,"sack",TRUE,-1,FALSE,FALSE,FALSE,TRUE,FALSE,FALSE,FALSE,FALSE,FALSE,FALSE,FALSE,FALSE,FALSE,FALSE,0,FALSE,FALSE,TRUE,FALSE,TRUE,FALSE,,,FALSE,,,"MISSED FG","1st and 10 at LVC20","No Huddle-Shotgun Fant,Jake sacked for loss of 1 yard to the LVC21 (Makosy,Sheadan)."
"20250904_hz19",2025,"2025-09-04",1,"regular","Lebanon Valley","Franklin and Marshall","Middle Atlantic Conference","Centennial Conference",FALSE,109,15,9,3,2,,,"09:14","02:43",,,1454,1063,"Franklin and Marshall","Lebanon Valley",17,14,3,2,11,21,FALSE,3,11,21,"pass_incomplete",TRUE,0,FALSE,TRUE,FALSE,FALSE,FALSE,FALSE,FALSE,FALSE,FALSE,FALSE,FALSE,FALSE,FALSE,FALSE,0,FALSE,FALSE,FALSE,FALSE,FALSE,FALSE,,,FALSE,,,"MISSED FG","2nd and 11 at LVC21","No Huddle-Shotgun Tremba,Ty pass incomplete short middle to Shutt,Ben thrown to LVC14 broken up by McCallion,J.D.."
"20250904_hz19",2025,"2025-09-04",1,"regular","Lebanon Valley","Franklin and Marshall","Middle Atlantic Conference","Centennial Conference",FALSE,110,15,10,3,2,,,"09:14","02:43",,,1454,1063,"Franklin and Marshall","Lebanon Valley",17,14,3,3,11,21,FALSE,3,21,31,"rush",TRUE,,FALSE,FALSE,FALSE,FALSE,FALSE,FALSE,FALSE,FALSE,FALSE,FALSE,FALSE,FALSE,FALSE,FALSE,0,FALSE,FALSE,FALSE,FALSE,FALSE,TRUE,-10,"Franklin and Marshall",TRUE,FALSE,"PENALTY FMC Holding 10 yards from LVC21 to LVC31. NO PLAY.","MISSED FG","3rd and 11 at LVC21","No Huddle-Shotgun Tremba,Ty rush left for 13 yards gain to the LVC08 (Klein,John), out of bounds PENALTY FMC Holding 10 yards from LVC21 to LVC31. NO PLAY."
"20250904_hz19",2025,"2025-09-04",1,"regular","Lebanon Valley","Franklin and Marshall","Middle Atlantic Conference","Centennial Conference",FALSE,111,15,11,3,2,,,"09:14","02:43",,,1454,1063,"Franklin and Marshall","Lebanon Valley",17,14,3,3,21,31,FALSE,3,26,36,"pass_complete",TRUE,,FALSE,FALSE,FALSE,FALSE,FALSE,FALSE,FALSE,FALSE,FALSE,FALSE,FALSE,FALSE,FALSE,FALSE,0,FALSE,FALSE,FALSE,FALSE,FALSE,TRUE,-5,"Franklin and Marshall",TRUE,FALSE,"PENALTY FMC Illegal Formation 5 yards from LVC31 to LVC36. NO PLAY.","MISSED FG","3rd and 21 at LVC31","No Huddle-Shotgun Tremba,Ty pass complete short right to Lewis,Gary caught at LVC20, for 11 yards to the LVC20 (Foust,Carter) PENALTY FMC Illegal Formation 5 yards from LVC31 to LVC36. NO PLAY."
"20250904_hz19",2025,"2025-09-04",1,"regular","Lebanon Valley","Franklin and Marshall","Middle Atlantic Conference","Centennial Conference",FALSE,112,15,12,3,2,,,"09:14","02:43",,,1454,1063,"Franklin and Marshall","Lebanon Valley",17,14,3,3,26,36,FALSE,4,14,24,"pass_complete",TRUE,12,FALSE,TRUE,TRUE,FALSE,FALSE,FALSE,FALSE,FALSE,FALSE,FALSE,FALSE,FALSE,FALSE,FALSE,0,FALSE,FALSE,FALSE,FALSE,FALSE,FALSE,,,FALSE,,,"MISSED FG","3rd and 26 at LVC36","No Huddle-Shotgun Tremba,Ty pass complete short right to Harrison,Jack caught at LVC31, for 12 yards to the LVC24 (Carter,Nevin), out of bounds."
"20250904_hz19",2025,"2025-09-04",1,"regular","Lebanon Valley","Franklin and Marshall","Middle Atlantic Conference","Centennial Conference",FALSE,113,15,13,3,2,,"02:43","09:14","02:43",,1063,1454,1063,"Franklin and Marshall","Lebanon Valley",17,14,3,4,14,24,FALSE,1,10,76,"field_goal_missed",TRUE,,FALSE,FALSE,FALSE,FALSE,FALSE,FALSE,FALSE,FALSE,FALSE,FALSE,TRUE,FALSE,FALSE,FALSE,0,FALSE,FALSE,FALSE,FALSE,FALSE,FALSE,,,FALSE,,,"MISSED FG","4th and 14 at LVC24","Fleming,Michael field goal attempt from 41 yards NO GOOD (H: O'Brien,Daniel, LS: Galligan,Will), clock 02:43, End Of Play."
"20250904_hz19",2025,"2025-09-04",1,"regular","Lebanon Valley","Franklin and Marshall","Middle Atlantic Conference","Centennial Conference",FALSE,114,16,1,3,2,"02:43",,"02:43","02:43",1063,,1063,1063,"Lebanon Valley","Franklin and Marshall",14,17,-3,1,10,76,FALSE,2,10,76,"pass_incomplete",TRUE,0,FALSE,TRUE,FALSE,FALSE,FALSE,FALSE,FALSE,FALSE,FALSE,FALSE,FALSE,FALSE,FALSE,FALSE,0,FALSE,TRUE,FALSE,FALSE,TRUE,FALSE,,,FALSE,,,"PUNT","1st and 10 at LVC24","No Huddle-Shotgun Klitsch,Logan pass incomplete short left to Vassallo,Alex thrown to LVC27 broken up by Hille,Connor."
"20250904_hz19",2025,"2025-09-04",1,"regular","Lebanon Valley","Franklin and Marshall","Middle Atlantic Conference","Centennial Conference",FALSE,115,16,2,3,2,,,"02:43","01:49",,,1063,1009,"Lebanon Valley","Franklin and Marshall",14,17,-3,2,10,76,FALSE,3,9,75,"rush",TRUE,1,TRUE,FALSE,FALSE,FALSE,FALSE,FALSE,FALSE,FALSE,FALSE,FALSE,FALSE,FALSE,FALSE,FALSE,0,FALSE,FALSE,FALSE,FALSE,FALSE,FALSE,,,FALSE,,,"PUNT","2nd and 10 at LVC24","No Huddle-Shotgun Bryant,Dion rush middle for 1 yard gain to the LVC25 (Keenan,Sam)."
"20250904_hz19",2025,"2025-09-04",1,"regular","Lebanon Valley","Franklin and Marshall","Middle Atlantic Conference","Centennial Conference",FALSE,116,16,3,3,2,,,"02:43","01:49",,,1063,1009,"Lebanon Valley","Franklin and Marshall",14,17,-3,3,9,75,FALSE,4,9,75,"pass_incomplete",TRUE,0,FALSE,TRUE,FALSE,FALSE,FALSE,FALSE,FALSE,FALSE,FALSE,FALSE,FALSE,FALSE,FALSE,FALSE,0,FALSE,FALSE,FALSE,FALSE,FALSE,FALSE,,,FALSE,,,"PUNT","3rd and 9 at LVC25","No Huddle-Shotgun Klitsch,Logan pass incomplete deep right to Freeman,Trey thrown to FMC37."
"20250904_hz19",2025,"2025-09-04",1,"regular","Lebanon Valley","Franklin and Marshall","Middle Atlantic Conference","Centennial Conference",FALSE,117,16,4,3,2,,"01:49","02:43","01:49",,1009,1063,1009,"Lebanon Valley","Franklin and Marshall",14,17,-3,4,9,75,FALSE,1,10,45,"punt_no_return",TRUE,,FALSE,FALSE,FALSE,FALSE,FALSE,FALSE,FALSE,FALSE,FALSE,FALSE,FALSE,FALSE,TRUE,FALSE,0,FALSE,FALSE,FALSE,FALSE,FALSE,FALSE,,,FALSE,,,"PUNT","4th and 9 at LVC25","Wisensale,Maxwell punt 20 yards to the LVC45."
"20250904_hz19",2025,"2025-09-04",1,"regular","Lebanon Valley","Franklin and Marshall","Middle Atlantic Conference","Centennial Conference",FALSE,118,17,1,3,2,"01:49",,"01:49","01:49",1009,,1009,1009,"Franklin and Marshall","Lebanon Valley",17,14,3,1,10,45,FALSE,1,5,40,"pass_incomplete",TRUE,,FALSE,FALSE,FALSE,FALSE,FALSE,FALSE,FALSE,FALSE,FALSE,FALSE,FALSE,FALSE,FALSE,FALSE,0,FALSE,TRUE,FALSE,FALSE,TRUE,TRUE,5,"Lebanon Valley",TRUE,FALSE,"PENALTY LVC Offside 5 yards from LVC45 to LVC40. NO PLAY.","TD","1st and 10 at LVC45","No Huddle-Shotgun Tremba,Ty pass incomplete deep right to Lewis,Gary thrown to LVC04 broken up by Foust,Carter PENALTY LVC Offside 5 yards from LVC45 to LVC40. NO PLAY."
"20250904_hz19",2025,"2025-09-04",1,"regular","Lebanon Valley","Franklin and Marshall","Middle Atlantic Conference","Centennial Conference",FALSE,119,17,2,3,2,,,"01:49","00:07",,,1009,907,"Franklin and Marshall","Lebanon Valley",17,14,3,1,5,40,FALSE,1,10,15,"pass_complete",TRUE,25,FALSE,TRUE,TRUE,FALSE,FALSE,FALSE,FALSE,FALSE,FALSE,FALSE,FALSE,FALSE,FALSE,FALSE,0,FALSE,FALSE,FALSE,FALSE,FALSE,FALSE,,,FALSE,,,"TD","1st and 5 at LVC40","No Huddle-Shotgun Tremba,Ty pass complete deep right to Harrison,Jack caught at LVC17, for 25 yards to the LVC15 (Sisko,Ryan), out of bounds, 1ST DOWN."
"20250904_hz19",2025,"2025-09-04",1,"regular","Lebanon Valley","Franklin and Marshall","Middle Atlantic Conference","Centennial Conference",FALSE,120,17,3,3,2,,,"01:49","00:07",,,1009,907,"Franklin and Marshall","Lebanon Valley",17,14,3,1,10,15,FALSE,2,10,15,"rush",TRUE,0,TRUE,FALSE,FALSE,FALSE,FALSE,FALSE,FALSE,FALSE,FALSE,FALSE,FALSE,FALSE,FALSE,FALSE,0,FALSE,FALSE,TRUE,FALSE,TRUE,FALSE,,,FALSE,,,"TD","1st and 10 at LVC15","No Huddle-Shotgun Taylor,Seth rush middle for 0 yards to the LVC15 (Fritsch,Aidon; Chernich,Owen)."
"20250904_hz19",2025,"2025-09-04",1,"regular","Lebanon Valley","Franklin and Marshall","Middle Atlantic Conference","Centennial Conference",FALSE,121,17,4,3,2,,"00:07","01:49","00:07",,907,1009,907,"Franklin and Marshall","Lebanon Valley",17,14,3,2,10,15,FALSE,,,,"pass_complete",TRUE,15,FALSE,TRUE,TRUE,FALSE,FALSE,FALSE,FALSE,FALSE,TRUE,FALSE,FALSE,FALSE,FALSE,TRUE,6,FALSE,FALSE,FALSE,FALSE,FALSE,FALSE,,,FALSE,,,"TD","2nd and 10 at LVC15","No Huddle-Shotgun Tremba,Ty pass complete short right to Lewis,Gary caught at LVC00, for 15 yards to the LVC00 TOUCHDOWN, clock 00:07, 1ST DOWN."
"20250904_hz19",2025,"2025-09-04",1,"regular","Lebanon Valley","Franklin and Marshall","Middle Atlantic Conference","Centennial Conference",FALSE,122,17,5,3,2,"00:07",,"00:07","00:07",907,,907,907,"Franklin and Marshall","Lebanon Valley",23,14,9,,,,,,,,"extra_point",FALSE,,FALSE,FALSE,FALSE,FALSE,FALSE,FALSE,FALSE,FALSE,FALSE,FALSE,FALSE,FALSE,FALSE,TRUE,1,FALSE,FALSE,FALSE,FALSE,FALSE,FALSE,,,FALSE,,,"TD","","Fleming,Michael kick attempt good (H: O'Brien,Daniel, LS: Galligan,Will)."
"20250904_hz19",2025,"2025-09-04",1,"regular","Lebanon Valley","Franklin and Marshall","Middle Atlantic Conference","Centennial Conference",FALSE,123,18,1,3,2,"00:07","00:07","00:07","00:07",907,907,907,907,"Lebanon Valley","Franklin and Marshall",14,24,-10,,,,,1,10,75,"kickoff",FALSE,,FALSE,FALSE,FALSE,FALSE,FALSE,FALSE,FALSE,FALSE,FALSE,FALSE,FALSE,FALSE,FALSE,FALSE,0,FALSE,FALSE,FALSE,FALSE,FALSE,FALSE,,,FALSE,,,"PUNT","","Harlamov,Ivan kickoff 65 yards to the LVC00, Touchback."
"20250904_hz19",2025,"2025-09-04",1,"regular","Lebanon Valley","Franklin and Marshall","Middle Atlantic Conference","Centennial Conference",FALSE,124,18,2,3,2,"00:07",,"00:07","00:07",907,,907,907,"Lebanon Valley","Franklin and Marshall",14,24,-10,1,10,75,FALSE,2,10,75,"pass_incomplete",TRUE,0,FALSE,TRUE,FALSE,FALSE,FALSE,FALSE,FALSE,FALSE,FALSE,FALSE,FALSE,FALSE,FALSE,FALSE,0,TRUE,FALSE,FALSE,FALSE,TRUE,FALSE,,,FALSE,,,"PUNT","1st and 10 at LVC25","No Huddle-Shotgun Klitsch,Logan pass incomplete short right to Freeman,Trey thrown to LVC28."
"20250904_hz19",2025,"2025-09-04",1,"regular","Lebanon Valley","Franklin and Marshall","Middle Atlantic Conference","Centennial Conference",FALSE,125,18,3,3,2,,,"00:07","00:00",,,907,900,"Lebanon Valley","Franklin and Marshall",14,24,-10,2,10,75,FALSE,3,2,67,"rush",TRUE,8,TRUE,FALSE,FALSE,FALSE,FALSE,FALSE,FALSE,FALSE,FALSE,FALSE,FALSE,FALSE,FALSE,FALSE,0,FALSE,FALSE,FALSE,FALSE,FALSE,FALSE,,,FALSE,,,"PUNT","2nd and 10 at LVC25","No Huddle-Shotgun Bryant,Dion rush left for 8 yards gain to the LVC33 (Evancho,Kyle)."
"20250904_hz19",2025,"2025-09-04",1,"regular","Lebanon Valley","Franklin and Marshall","Middle Atlantic Conference","Centennial Conference",FALSE,126,18,4,4,2,"15:00",,"15:00","15:00",900,,900,900,"Lebanon Valley","Franklin and Marshall",14,24,-10,3,2,67,FALSE,4,5,70,"rush",TRUE,-3,TRUE,FALSE,FALSE,FALSE,FALSE,FALSE,FALSE,FALSE,FALSE,FALSE,FALSE,FALSE,FALSE,FALSE,0,FALSE,FALSE,FALSE,FALSE,FALSE,FALSE,,,FALSE,,,"PUNT","3rd and 2 at LVC33","No Huddle-Shotgun Bryant,Dion rush middle for 3 yards loss to the LVC30 (Checchio,Kyle)."
"20250904_hz19",2025,"2025-09-04",1,"regular","Lebanon Valley","Franklin and Marshall","Middle Atlantic Conference","Centennial Conference",FALSE,127,18,5,4,2,,"14:10","15:00","14:10",,850,900,850,"Lebanon Valley","Franklin and Marshall",14,24,-10,4,5,70,FALSE,1,10,69,"punt_no_return",TRUE,,FALSE,FALSE,FALSE,FALSE,FALSE,FALSE,FALSE,FALSE,FALSE,FALSE,FALSE,FALSE,TRUE,FALSE,0,FALSE,FALSE,FALSE,FALSE,FALSE,FALSE,,,FALSE,,,"PUNT","4th and 5 at LVC30","Wisensale,Maxwell punt 39 yards to the FMC31."
"20250904_hz19",2025,"2025-09-04",1,"regular","Lebanon Valley","Franklin and Marshall","Middle Atlantic Conference","Centennial Conference",FALSE,128,19,1,4,2,"14:10",,"14:10","14:10",850,,850,850,"Franklin and Marshall","Lebanon Valley",24,14,10,1,10,69,FALSE,1,20,79,"rush",TRUE,,FALSE,FALSE,FALSE,FALSE,FALSE,FALSE,FALSE,FALSE,FALSE,FALSE,FALSE,FALSE,FALSE,FALSE,0,FALSE,TRUE,FALSE,FALSE,TRUE,TRUE,-10,"Franklin and Marshall",TRUE,FALSE,"PENALTY FMC Holding 10 yards from FMC31 to FMC21. NO PLAY.","PUNT","1st and 10 at FMC31","No Huddle-Shotgun Taylor,Seth rush right for 1 yard gain to the FMC32 (Baughman,Landen) PENALTY FMC Holding 10 yards from FMC31 to FMC21. NO PLAY."
"20250904_hz19",2025,"2025-09-04",1,"regular","Lebanon Valley","Franklin and Marshall","Middle Atlantic Conference","Centennial Conference",FALSE,129,19,2,4,2,,,"14:10","11:50",,,850,710,"Franklin and Marshall","Lebanon Valley",24,14,10,1,20,79,FALSE,2,23,82,"pass_complete",TRUE,-3,FALSE,TRUE,TRUE,FALSE,FALSE,FALSE,FALSE,FALSE,FALSE,FALSE,FALSE,FALSE,FALSE,FALSE,0,FALSE,FALSE,FALSE,FALSE,FALSE,FALSE,,,FALSE,,,"PUNT","1st and 20 at FMC21","No Huddle-Shotgun Tremba,Ty pass complete short right to Lewis,Gary caught at FMC19, for 3 yards loss to the FMC18 (Brown,Alex)."
"20250904_hz19",2025,"2025-09-04",1,"regular","Lebanon Valley","Franklin and Marshall","Middle Atlantic Conference","Centennial Conference",FALSE,130,19,3,4,2,,,"14:10","11:50",,,850,710,"Franklin and Marshall","Lebanon Valley",24,14,10,2,23,82,FALSE,3,10,69,"pass_complete",TRUE,13,FALSE,TRUE,TRUE,FALSE,FALSE,FALSE,FALSE,FALSE,FALSE,FALSE,FALSE,FALSE,FALSE,FALSE,0,FALSE,FALSE,FALSE,FALSE,FALSE,FALSE,,,FALSE,,,"PUNT","2nd and 23 at FMC18","No Huddle-Shotgun Tremba,Ty pass complete short right to Harrison,Jack caught at FMC22, for 13 yards to the FMC31 (Foust,Carter)."
"20250904_hz19",2025,"2025-09-04",1,"regular","Lebanon Valley","Franklin and Marshall","Middle Atlantic Conference","Centennial Conference",FALSE,131,19,4,4,2,,,"14:10","11:50",,,850,710,"Franklin and Marshall","Lebanon Valley",24,14,10,3,10,69,FALSE,4,10,69,"pass_incomplete",TRUE,0,FALSE,TRUE,FALSE,FALSE,FALSE,FALSE,FALSE,FALSE,FALSE,FALSE,FALSE,FALSE,FALSE,FALSE,0,FALSE,FALSE,FALSE,FALSE,FALSE,FALSE,,,FALSE,,,"PUNT","3rd and 10 at FMC31","No Huddle-Shotgun Tremba,Ty pass incomplete short middle to Eitner,Matt thrown to FMC50."
"20250904_hz19",2025,"2025-09-04",1,"regular","Lebanon Valley","Franklin and Marshall","Middle Atlantic Conference","Centennial Conference",FALSE,132,19,5,4,2,,"11:50","14:10","11:50",,710,850,710,"Franklin and Marshall","Lebanon Valley",24,14,10,4,10,69,FALSE,1,10,81,"punt_with_return",TRUE,,FALSE,FALSE,FALSE,FALSE,FALSE,FALSE,FALSE,FALSE,FALSE,FALSE,FALSE,FALSE,TRUE,FALSE,0,FALSE,FALSE,FALSE,FALSE,FALSE,FALSE,,,FALSE,,,"PUNT","4th and 10 at FMC31","Harlamov,Ivan punt 49 yards to the LVC20 Freeman,Trey return for loss of 1 yard to the LVC19 (Bonanno,Anthony)."
"20250904_hz19",2025,"2025-09-04",1,"regular","Lebanon Valley","Franklin and Marshall","Middle Atlantic Conference","Centennial Conference",FALSE,133,20,1,4,2,"11:50",,"11:50","11:50",710,,710,710,"Lebanon Valley","Franklin and Marshall",14,24,-10,1,10,81,FALSE,2,8,79,"rush",TRUE,2,TRUE,FALSE,FALSE,FALSE,FALSE,FALSE,FALSE,FALSE,FALSE,FALSE,FALSE,FALSE,FALSE,FALSE,0,FALSE,TRUE,FALSE,FALSE,TRUE,FALSE,,,FALSE,,,"PUNT","1st and 10 at LVC19","No Huddle-Shotgun Grimm,Avrey rush middle for 2 yards gain to the LVC21 (Long,Quincy)."
"20250904_hz19",2025,"2025-09-04",1,"regular","Lebanon Valley","Franklin and Marshall","Middle Atlantic Conference","Centennial Conference",FALSE,134,20,2,4,2,,,"11:50","09:45",,,710,585,"Lebanon Valley","Franklin and Marshall",14,24,-10,2,8,79,FALSE,3,18,89,"sack",TRUE,-10,FALSE,FALSE,FALSE,TRUE,FALSE,FALSE,FALSE,FALSE,FALSE,FALSE,FALSE,FALSE,FALSE,FALSE,0,FALSE,FALSE,FALSE,FALSE,FALSE,FALSE,,,FALSE,,,"PUNT","2nd and 8 at LVC21","No Huddle-Shotgun Klitsch,Logan sacked for loss of 10 yards to the LVC11 (Hille,Connor)."
"20250904_hz19",2025,"2025-09-04",1,"regular","Lebanon Valley","Franklin and Marshall","Middle Atlantic Conference","Centennial Conference",FALSE,135,20,3,4,2,,,"11:50","09:45",,,710,585,"Lebanon Valley","Franklin and Marshall",14,24,-10,3,18,89,FALSE,4,13,84,"pass_complete",TRUE,5,FALSE,TRUE,TRUE,FALSE,FALSE,FALSE,FALSE,FALSE,FALSE,FALSE,FALSE,FALSE,FALSE,FALSE,0,FALSE,FALSE,FALSE,FALSE,FALSE,FALSE,,,FALSE,,,"PUNT","3rd and 18 at LVC11","No Huddle-Shotgun Klitsch,Logan pass complete short left to Grimm,Avrey caught at LVC12, for 5 yards to the LVC16 (Carner,Rafe)."
"20250904_hz19",2025,"2025-09-04",1,"regular","Lebanon Valley","Franklin and Marshall","Middle Atlantic Conference","Centennial Conference",FALSE,136,20,4,4,2,,"09:45","11:50","09:45",,585,710,585,"Lebanon Valley","Franklin and Marshall",14,24,-10,4,13,84,FALSE,1,10,34,"punt_with_return",TRUE,,FALSE,FALSE,FALSE,FALSE,FALSE,FALSE,FALSE,FALSE,FALSE,FALSE,FALSE,FALSE,TRUE,FALSE,0,FALSE,FALSE,FALSE,FALSE,FALSE,TRUE,-15,"Lebanon Valley",FALSE,FALSE,"PENALTY LVC Personal Foul 15 yards from LVC49 to LVC34, 1ST DOWN.","PUNT","4th and 13 at LVC16","Wisensale,Maxwell punt 41 yards to the FMC43 Albero,Chris return 8 yards to the LVC49 (Keller,Bryce) PENALTY LVC Personal Foul 15 yards from LVC49 to LVC34, 1ST DOWN."
"20250904_hz19",2025,"2025-09-04",1,"regular","Lebanon Valley","Franklin and Marshall","Middle Atlantic Conference","Centennial Conference",FALSE,137,21,1,4,2,"09:45",,"09:45","09:45",585,,585,585,"Franklin and Marshall","Lebanon Valley",24,14,10,1,10,34,FALSE,2,7,31,"rush",TRUE,3,TRUE,FALSE,FALSE,FALSE,FALSE,FALSE,FALSE,FALSE,FALSE,FALSE,FALSE,FALSE,FALSE,FALSE,0,FALSE,TRUE,FALSE,FALSE,TRUE,FALSE,,,FALSE,,,"TD","1st and 10 at LVC34","No Huddle-Shotgun Valdez,Anthony rush left for 3 yards gain to the LVC31 (Brown,Alex)."
"20250904_hz19",2025,"2025-09-04",1,"regular","Lebanon Valley","Franklin and Marshall","Middle Atlantic Conference","Centennial Conference",FALSE,138,21,2,4,2,,,"09:45","07:28",,,585,448,"Franklin and Marshall","Lebanon Valley",24,14,10,2,7,31,FALSE,3,7,31,"pass_incomplete",TRUE,0,FALSE,TRUE,FALSE,FALSE,FALSE,FALSE,FALSE,FALSE,FALSE,FALSE,FALSE,FALSE,FALSE,FALSE,0,FALSE,FALSE,FALSE,FALSE,FALSE,FALSE,,,FALSE,,,"TD","2nd and 7 at LVC31","No Huddle-Shotgun Tremba,Ty pass incomplete deep middle to Lewis,Gary thrown to LVC11 broken up by Sisko,Ryan."
"20250904_hz19",2025,"2025-09-04",1,"regular","Lebanon Valley","Franklin and Marshall","Middle Atlantic Conference","Centennial Conference",FALSE,139,21,3,4,2,,,"09:45","07:28",,,585,448,"Franklin and Marshall","Lebanon Valley",24,14,10,3,7,31,FALSE,1,10,11,"pass_complete",TRUE,20,FALSE,TRUE,TRUE,FALSE,FALSE,FALSE,FALSE,FALSE,FALSE,FALSE,FALSE,FALSE,FALSE,FALSE,0,FALSE,FALSE,FALSE,FALSE,FALSE,FALSE,,,FALSE,,,"TD","3rd and 7 at LVC31","No Huddle-Shotgun Tremba,Ty pass complete deep middle to Harrison,Jack caught at LVC11, for 20 yards to the LVC11, End Of Play, 1ST DOWN."
"20250904_hz19",2025,"2025-09-04",1,"regular","Lebanon Valley","Franklin and Marshall","Middle Atlantic Conference","Centennial Conference",FALSE,140,21,4,4,2,,,"09:45","07:28",,,585,448,"Franklin and Marshall","Lebanon Valley",24,14,10,1,10,11,FALSE,2,3,4,"rush",TRUE,7,TRUE,FALSE,FALSE,FALSE,FALSE,FALSE,FALSE,FALSE,FALSE,FALSE,FALSE,FALSE,FALSE,FALSE,0,FALSE,FALSE,TRUE,FALSE,TRUE,FALSE,,,FALSE,,,"TD","1st and 10 at LVC11","No Huddle-Shotgun Taylor,Seth rush middle for 7 yards gain to the LVC04 (Pollock,Luke)."
"20250904_hz19",2025,"2025-09-04",1,"regular","Lebanon Valley","Franklin and Marshall","Middle Atlantic Conference","Centennial Conference",FALSE,141,21,5,4,2,,"07:28","09:45","07:28",,448,585,448,"Franklin and Marshall","Lebanon Valley",24,14,10,2,3,4,FALSE,,,,"rush",TRUE,4,TRUE,FALSE,FALSE,FALSE,FALSE,FALSE,FALSE,FALSE,TRUE,FALSE,FALSE,FALSE,FALSE,TRUE,6,FALSE,FALSE,FALSE,FALSE,FALSE,FALSE,,,FALSE,,,"TD","2nd and 3 at LVC4","No Huddle-Shotgun Taylor,Seth rush left for 4 yards gain to the LVC00 TOUCHDOWN, clock 07:28, 1ST DOWN."
"20250904_hz19",2025,"2025-09-04",1,"regular","Lebanon Valley","Franklin and Marshall","Middle Atlantic Conference","Centennial Conference",FALSE,142,21,6,4,2,"07:28",,"07:28","07:28",448,,448,448,"Franklin and Marshall","Lebanon Valley",30,14,16,,,,,,,,"extra_point",FALSE,,FALSE,FALSE,FALSE,FALSE,FALSE,FALSE,FALSE,FALSE,FALSE,FALSE,FALSE,FALSE,FALSE,TRUE,1,FALSE,FALSE,FALSE,FALSE,FALSE,FALSE,,,FALSE,,,"TD","","Fleming,Michael kick attempt good (H: O'Brien,Daniel, LS: Galligan,Will)."
"20250904_hz19",2025,"2025-09-04",1,"regular","Lebanon Valley","Franklin and Marshall","Middle Atlantic Conference","Centennial Conference",FALSE,143,22,1,4,2,"07:28","07:28","07:28","07:28",448,448,448,448,"Lebanon Valley","Franklin and Marshall",14,31,-17,,,,,1,10,75,"kickoff",FALSE,,FALSE,FALSE,FALSE,FALSE,FALSE,FALSE,FALSE,FALSE,FALSE,FALSE,FALSE,FALSE,FALSE,FALSE,0,FALSE,FALSE,FALSE,FALSE,FALSE,FALSE,,,FALSE,,,"TD","","Harlamov,Ivan kickoff 65 yards to the LVC00, Touchback."
"20250904_hz19",2025,"2025-09-04",1,"regular","Lebanon Valley","Franklin and Marshall","Middle Atlantic Conference","Centennial Conference",FALSE,144,22,2,4,2,"07:28",,"07:28","07:28",448,,448,448,"Lebanon Valley","Franklin and Marshall",14,31,-17,1,10,75,FALSE,2,14,79,"sack",TRUE,-4,FALSE,FALSE,FALSE,TRUE,FALSE,FALSE,FALSE,FALSE,FALSE,FALSE,FALSE,FALSE,FALSE,FALSE,0,TRUE,FALSE,FALSE,FALSE,TRUE,FALSE,,,FALSE,,,"TD","1st and 10 at LVC25","No Huddle-Shotgun Klitsch,Logan sacked for loss of 4 yards to the LVC21 (Long,Quincy)."
"20250904_hz19",2025,"2025-09-04",1,"regular","Lebanon Valley","Franklin and Marshall","Middle Atlantic Conference","Centennial Conference",FALSE,145,22,3,4,2,,,"07:28","03:59",,,448,239,"Lebanon Valley","Franklin and Marshall",14,31,-17,2,14,79,FALSE,3,10,75,"rush",TRUE,4,TRUE,FALSE,FALSE,FALSE,FALSE,FALSE,FALSE,FALSE,FALSE,FALSE,FALSE,FALSE,FALSE,FALSE,0,FALSE,FALSE,FALSE,FALSE,FALSE,FALSE,,,FALSE,,,"TD","2nd and 14 at LVC21","No Huddle-Shotgun Bryant,Dion rush left for 4 yards gain to the LVC25 (Keenan,Sam)."
"20250904_hz19",2025,"2025-09-04",1,"regular","Lebanon Valley","Franklin and Marshall","Middle Atlantic Conference","Centennial Conference",FALSE,146,22,4,4,2,,,"07:28","03:59",,,448,239,"Lebanon Valley","Franklin and Marshall",14,31,-17,3,10,75,FALSE,4,2,67,"pass_complete",TRUE,8,FALSE,TRUE,TRUE,FALSE,FALSE,FALSE,FALSE,FALSE,FALSE,FALSE,FALSE,FALSE,FALSE,FALSE,0,FALSE,FALSE,FALSE,FALSE,FALSE,FALSE,,,FALSE,,,"TD","3rd and 10 at LVC25","No Huddle-Shotgun Klitsch,Logan pass complete short left to Vassallo,Alex caught at LVC32, for 8 yards to the LVC33 (Carner,Rafe)."
"20250904_hz19",2025,"2025-09-04",1,"regular","Lebanon Valley","Franklin and Marshall","Middle Atlantic Conference","Centennial Conference",FALSE,147,22,5,4,2,,,"07:28","03:59",,,448,239,"Lebanon Valley","Franklin and Marshall",14,31,-17,4,2,67,FALSE,1,10,67,"pass_incomplete",TRUE,,FALSE,FALSE,FALSE,FALSE,FALSE,FALSE,FALSE,FALSE,FALSE,FALSE,FALSE,FALSE,FALSE,FALSE,0,FALSE,FALSE,FALSE,FALSE,FALSE,TRUE,0,"Franklin and Marshall",TRUE,FALSE,"PENALTY FMC Pass Interference, 1ST DOWN. NO PLAY.","TD","4th and 2 at LVC33","No Huddle-Shotgun Klitsch,Logan pass incomplete short left to Vassallo,Alex thrown to LVC38 broken up by Carner,Rafe, 1ST DOWN, PENALTY FMC Pass Interference, 1ST DOWN. NO PLAY."
"20250904_hz19",2025,"2025-09-04",1,"regular","Lebanon Valley","Franklin and Marshall","Middle Atlantic Conference","Centennial Conference",FALSE,148,22,6,4,2,,,"07:28","03:59",,,448,239,"Lebanon Valley","Franklin and Marshall",14,31,-17,1,10,67,FALSE,1,10,25,"pass_complete",TRUE,42,FALSE,TRUE,TRUE,FALSE,FALSE,FALSE,FALSE,FALSE,FALSE,FALSE,FALSE,FALSE,FALSE,FALSE,0,FALSE,FALSE,FALSE,TRUE,TRUE,FALSE,,,FALSE,,,"TD","1st and 10 at LVC33","No Huddle-Shotgun Klitsch,Logan pass complete deep left to Delgado,Tommy caught at FMC26, for 42 yards to the FMC25 (Keenan,Sam), 1ST DOWN."
"20250904_hz19",2025,"2025-09-04",1,"regular","Lebanon Valley","Franklin and Marshall","Middle Atlantic Conference","Centennial Conference",FALSE,149,22,7,4,2,,,"07:28","03:59",,,448,239,"Lebanon Valley","Franklin and Marshall",14,31,-17,1,10,25,FALSE,2,12,27,"sack",TRUE,-2,FALSE,FALSE,FALSE,TRUE,FALSE,FALSE,FALSE,FALSE,FALSE,FALSE,FALSE,FALSE,FALSE,FALSE,0,FALSE,FALSE,TRUE,FALSE,TRUE,FALSE,,,FALSE,,,"TD","1st and 10 at FMC25","No Huddle-Shotgun Klitsch,Logan sacked for loss of 2 yards to the FMC27 (Long,Quincy)."
"20250904_hz19",2025,"2025-09-04",1,"regular","Lebanon Valley","Franklin and Marshall","Middle Atlantic Conference","Centennial Conference",FALSE,150,22,8,4,2,,,"07:28","03:59",,,448,239,"Lebanon Valley","Franklin and Marshall",14,31,-17,2,12,27,FALSE,3,10,25,"rush",TRUE,2,TRUE,FALSE,FALSE,FALSE,FALSE,FALSE,FALSE,FALSE,FALSE,FALSE,FALSE,FALSE,FALSE,FALSE,0,FALSE,FALSE,FALSE,FALSE,FALSE,FALSE,,,FALSE,,,"TD","2nd and 12 at FMC27","No Huddle-Shotgun Klitsch,Logan rush right for 2 yards gain to the FMC25 (Hille,Connor), out of bounds."
"20250904_hz19",2025,"2025-09-04",1,"regular","Lebanon Valley","Franklin and Marshall","Middle Atlantic Conference","Centennial Conference",FALSE,151,22,9,4,2,,,"07:28","03:59",,,448,239,"Lebanon Valley","Franklin and Marshall",14,31,-17,3,10,25,FALSE,4,10,25,"pass_incomplete",TRUE,0,FALSE,TRUE,FALSE,FALSE,FALSE,FALSE,FALSE,FALSE,FALSE,FALSE,FALSE,FALSE,FALSE,FALSE,0,FALSE,FALSE,FALSE,FALSE,FALSE,FALSE,,,FALSE,,,"TD","3rd and 10 at FMC25","No Huddle-Shotgun Klitsch,Logan pass incomplete short right to Heisey,Ethan thrown to FMC13 broken up by Carner,Rafe."
"20250904_hz19",2025,"2025-09-04",1,"regular","Lebanon Valley","Franklin and Marshall","Middle Atlantic Conference","Centennial Conference",FALSE,152,22,10,4,2,,,"07:28","03:59",,,448,239,"Lebanon Valley","Franklin and Marshall",14,31,-17,4,10,25,FALSE,4,15,30,"penalty_no_play",TRUE,,FALSE,FALSE,FALSE,FALSE,FALSE,FALSE,FALSE,FALSE,FALSE,FALSE,FALSE,FALSE,FALSE,FALSE,0,FALSE,FALSE,FALSE,FALSE,FALSE,TRUE,-5,"Lebanon Valley",TRUE,FALSE,"PENALTY LVC False Start 5 yards from FMC25 to FMC30. NO PLAY.","TD","4th and 10 at FMC25","PENALTY LVC False Start 5 yards from FMC25 to FMC30. NO PLAY."
"20250904_hz19",2025,"2025-09-04",1,"regular","Lebanon Valley","Franklin and Marshall","Middle Atlantic Conference","Centennial Conference",FALSE,153,22,11,4,2,,"03:59","07:28","03:59",,239,448,239,"Lebanon Valley","Franklin and Marshall",14,31,-17,4,15,30,FALSE,,,,"pass_complete",TRUE,30,FALSE,TRUE,TRUE,FALSE,FALSE,FALSE,FALSE,FALSE,TRUE,FALSE,FALSE,FALSE,FALSE,TRUE,6,FALSE,FALSE,FALSE,FALSE,FALSE,TRUE,15,"Franklin and Marshall",FALSE,FALSE,"PENALTY FMC Roughing The Passer 15 yards from FMC00 to FMC03, 1ST DOWN.","TD","4th and 15 at FMC30","No Huddle-Shotgun Klitsch,Logan pass complete deep left to Vassallo,Alex caught at FMC00, for 30 yards to the FMC00 TOUCHDOWN, clock 03:59, 1ST DOWN, PENALTY FMC Roughing The Passer 15 yards from FMC00 to FMC03, 1ST DOWN."
"20250904_hz19",2025,"2025-09-04",1,"regular","Lebanon Valley","Franklin and Marshall","Middle Atlantic Conference","Centennial Conference",FALSE,154,22,12,4,2,"03:59",,"03:59","03:59",239,,239,239,"Lebanon Valley","Franklin and Marshall",20,31,-11,,,,,,,,"extra_point",FALSE,,FALSE,FALSE,FALSE,FALSE,FALSE,FALSE,FALSE,FALSE,FALSE,FALSE,FALSE,FALSE,FALSE,TRUE,1,FALSE,FALSE,FALSE,FALSE,FALSE,FALSE,,,FALSE,,,"TD","","Dym,Brian kick attempt good (H: Fasnacht,Payton, LS: Ryan,William)."
"20250904_hz19",2025,"2025-09-04",1,"regular","Lebanon Valley","Franklin and Marshall","Middle Atlantic Conference","Centennial Conference",FALSE,155,23,1,4,2,"03:59","03:57","03:59","03:59",239,237,239,239,"Franklin and Marshall","Lebanon Valley",31,21,10,,,,,1,10,62,"kickoff",FALSE,,FALSE,FALSE,FALSE,FALSE,FALSE,FALSE,FALSE,FALSE,FALSE,FALSE,FALSE,FALSE,FALSE,FALSE,0,FALSE,FALSE,FALSE,FALSE,FALSE,FALSE,,,FALSE,,,"PUNT","","Hazel,Connor onside kickoff 12 yards to the FMC38, End Of Play."
"20250904_hz19",2025,"2025-09-04",1,"regular","Lebanon Valley","Franklin and Marshall","Middle Atlantic Conference","Centennial Conference",FALSE,156,23,2,4,2,"03:57",,"03:57","03:57",237,,237,237,"Franklin and Marshall","Lebanon Valley",31,21,10,1,10,62,FALSE,1,15,67,"penalty_no_play",TRUE,,FALSE,FALSE,FALSE,FALSE,FALSE,FALSE,FALSE,FALSE,FALSE,FALSE,FALSE,FALSE,FALSE,FALSE,0,TRUE,FALSE,FALSE,FALSE,TRUE,TRUE,-5,"Franklin and Marshall",TRUE,FALSE,"PENALTY FMC Delay Of Game 5 yards from FMC38 to FMC33. NO PLAY.","PUNT","1st and 10 at FMC38","PENALTY FMC Delay Of Game 5 yards from FMC38 to FMC33. NO PLAY."
"20250904_hz19",2025,"2025-09-04",1,"regular","Lebanon Valley","Franklin and Marshall","Middle Atlantic Conference","Centennial Conference",FALSE,157,23,3,4,2,"03:57",,"03:57","03:57",237,,237,237,"Franklin and Marshall","Lebanon Valley",31,21,10,1,15,67,FALSE,2,12,64,"rush",TRUE,3,TRUE,FALSE,FALSE,FALSE,FALSE,FALSE,FALSE,FALSE,FALSE,FALSE,FALSE,FALSE,FALSE,FALSE,0,FALSE,FALSE,FALSE,FALSE,FALSE,FALSE,,,FALSE,,,"PUNT","1st and 15 at FMC33","No Huddle-Shotgun Valdez,Anthony rush middle for 3 yards gain to the FMC36 (Foust,Carter; Smith,Seamus)."
"20250904_hz19",2025,"2025-09-04",1,"regular","Lebanon Valley","Franklin and Marshall","Middle Atlantic Conference","Centennial Conference",FALSE,158,23,4,4,2,,,"03:57","02:00",,,237,120,"Franklin and Marshall","Lebanon Valley",31,21,10,2,12,64,FALSE,3,7,59,"rush",TRUE,5,TRUE,FALSE,FALSE,FALSE,FALSE,FALSE,FALSE,FALSE,FALSE,FALSE,FALSE,FALSE,FALSE,FALSE,0,FALSE,FALSE,FALSE,FALSE,FALSE,FALSE,,,FALSE,,,"PUNT","2nd and 12 at FMC36","No Huddle-Shotgun Valdez,Anthony rush left for 5 yards gain to the FMC41 (Pollock,Luke)."
"20250904_hz19",2025,"2025-09-04",1,"regular","Lebanon Valley","Franklin and Marshall","Middle Atlantic Conference","Centennial Conference",FALSE,159,23,5,4,2,,,"03:57","02:00",,,237,120,"Franklin and Marshall","Lebanon Valley",31,21,10,3,7,59,FALSE,1,10,51,"rush",TRUE,8,TRUE,FALSE,FALSE,FALSE,FALSE,FALSE,FALSE,FALSE,FALSE,FALSE,FALSE,FALSE,FALSE,FALSE,0,FALSE,FALSE,FALSE,FALSE,FALSE,FALSE,,,FALSE,,,"PUNT","3rd and 7 at FMC41","No Huddle-Shotgun Tremba,Ty rush right for 8 yards gain to the FMC49 (Brown,Alex), 1ST DOWN."
"20250904_hz19",2025,"2025-09-04",1,"regular","Lebanon Valley","Franklin and Marshall","Middle Atlantic Conference","Centennial Conference",FALSE,160,23,6,4,2,"02:00",,"02:00","02:00",120,,120,120,"Franklin and Marshall","Lebanon Valley",31,21,10,1,10,51,FALSE,2,11,52,"rush",TRUE,-1,TRUE,FALSE,FALSE,FALSE,FALSE,FALSE,FALSE,FALSE,FALSE,FALSE,FALSE,FALSE,FALSE,FALSE,0,FALSE,FALSE,TRUE,FALSE,TRUE,FALSE,,,FALSE,,,"PUNT","1st and 10 at FMC49","No Huddle-Shotgun Taylor,Seth rush left for 1 yard loss to the FMC48 (Pollock,Luke; Ordway,Luke)."
"20250904_hz19",2025,"2025-09-04",1,"regular","Lebanon Valley","Franklin and Marshall","Middle Atlantic Conference","Centennial Conference",FALSE,161,23,7,4,2,"01:53",,"01:53","01:53",113,,113,113,"Franklin and Marshall","Lebanon Valley",31,21,10,2,11,52,FALSE,3,11,52,"rush",TRUE,0,TRUE,FALSE,FALSE,FALSE,FALSE,FALSE,FALSE,FALSE,FALSE,FALSE,FALSE,FALSE,FALSE,FALSE,0,FALSE,FALSE,FALSE,FALSE,FALSE,FALSE,,,FALSE,,,"PUNT","2nd and 11 at FMC48","No Huddle-Shotgun Fant,Jake rush middle for 0 yards to the FMC48 (Ordway,Luke)."
"20250904_hz19",2025,"2025-09-04",1,"regular","Lebanon Valley","Franklin and Marshall","Middle Atlantic Conference","Centennial Conference",FALSE,162,23,8,4,2,"01:48",,"01:48","01:48",108,,108,108,"Franklin and Marshall","Lebanon Valley",31,21,10,3,11,52,FALSE,4,7,48,"rush",TRUE,4,TRUE,FALSE,FALSE,FALSE,FALSE,FALSE,FALSE,FALSE,FALSE,FALSE,FALSE,FALSE,FALSE,FALSE,0,FALSE,FALSE,FALSE,FALSE,FALSE,FALSE,,,FALSE,,,"PUNT","3rd and 11 at FMC48","No Huddle-Shotgun Fant,Jake rush left for 4 yards gain to the LVC48 (Brown,Alex)."
"20250904_hz19",2025,"2025-09-04",1,"regular","Lebanon Valley","Franklin and Marshall","Middle Atlantic Conference","Centennial Conference",FALSE,163,23,9,4,2,,,"01:48","00:51",,,108,51,"Franklin and Marshall","Lebanon Valley",31,21,10,4,7,48,FALSE,4,12,53,"penalty_no_play",TRUE,,FALSE,FALSE,FALSE,FALSE,FALSE,FALSE,FALSE,FALSE,FALSE,FALSE,FALSE,FALSE,FALSE,FALSE,0,FALSE,FALSE,FALSE,FALSE,FALSE,TRUE,-5,"Franklin and Marshall",TRUE,FALSE,"PENALTY FMC Delay Of Game 5 yards from LVC48 to FMC47. NO PLAY.","PUNT","4th and 7 at LVC48","PENALTY FMC Delay Of Game 5 yards from LVC48 to FMC47. NO PLAY."
"20250904_hz19",2025,"2025-09-04",1,"regular","Lebanon Valley","Franklin and Marshall","Middle Atlantic Conference","Centennial Conference",FALSE,164,23,10,4,2,,"00:51","01:48","00:51",,51,108,51,"Franklin and Marshall","Lebanon Valley",31,21,10,4,12,53,FALSE,1,10,80,"punt_no_return",TRUE,,FALSE,FALSE,FALSE,FALSE,FALSE,FALSE,FALSE,FALSE,FALSE,FALSE,FALSE,FALSE,TRUE,FALSE,0,FALSE,FALSE,FALSE,FALSE,FALSE,FALSE,,,FALSE,,,"PUNT","4th and 12 at FMC47","Harlamov,Ivan punt 53 yards to the LVC00, Touchback."
"20250904_hz19",2025,"2025-09-04",1,"regular","Lebanon Valley","Franklin and Marshall","Middle Atlantic Conference","Centennial Conference",FALSE,165,24,1,4,2,"00:51",,"00:51","00:51",51,,51,51,"Lebanon Valley","Franklin and Marshall",21,31,-10,1,10,80,FALSE,2,2,72,"pass_complete",TRUE,8,FALSE,TRUE,TRUE,FALSE,FALSE,FALSE,FALSE,FALSE,FALSE,FALSE,FALSE,FALSE,FALSE,FALSE,0,FALSE,TRUE,FALSE,FALSE,TRUE,FALSE,,,FALSE,,,"END OF GAME","1st and 10 at LVC20","No Huddle-Shotgun Klitsch,Logan pass complete short left to Vassallo,Alex caught at LVC26, for 8 yards to the LVC28 (Hille,Connor), out of bounds."
"20250904_hz19",2025,"2025-09-04",1,"regular","Lebanon Valley","Franklin and Marshall","Middle Atlantic Conference","Centennial Conference",FALSE,166,24,2,4,2,,,"00:51","00:00",,,51,0,"Lebanon Valley","Franklin and Marshall",21,31,-10,2,2,72,FALSE,1,10,68,"rush",TRUE,4,TRUE,FALSE,FALSE,FALSE,FALSE,FALSE,FALSE,FALSE,FALSE,FALSE,FALSE,FALSE,FALSE,FALSE,0,FALSE,FALSE,FALSE,FALSE,FALSE,FALSE,,,FALSE,,,"END OF GAME","2nd and 2 at LVC28","No Huddle-Shotgun Klitsch,Logan rush middle for 4 yards gain to the LVC32 (Keenan,Sam), 1ST DOWN."
"20250904_hz19",2025,"2025-09-04",1,"regular","Lebanon Valley","Franklin and Marshall","Middle Atlantic Conference","Centennial Conference",FALSE,167,24,3,4,2,,,"00:51","00:00",,,51,0,"Lebanon Valley","Franklin and Marshall",21,31,-10,1,10,68,FALSE,2,4,62,"rush",TRUE,6,TRUE,FALSE,FALSE,FALSE,FALSE,FALSE,FALSE,FALSE,FALSE,FALSE,FALSE,FALSE,FALSE,FALSE,0,FALSE,FALSE,TRUE,FALSE,TRUE,FALSE,,,FALSE,,,"END OF GAME","1st and 10 at LVC32","No Huddle-Shotgun Klitsch,Logan rush left for 6 yards gain to the LVC38 (Albero,Chris), out of bounds."
"20250904_hz19",2025,"2025-09-04",1,"regular","Lebanon Valley","Franklin and Marshall","Middle Atlantic Conference","Centennial Conference",FALSE,168,24,4,4,2,,,"00:51","00:00",,,51,0,"Lebanon Valley","Franklin and Marshall",21,31,-10,2,4,62,FALSE,1,10,55,"pass_complete",TRUE,7,FALSE,TRUE,TRUE,FALSE,FALSE,FALSE,FALSE,FALSE,FALSE,FALSE,FALSE,FALSE,FALSE,FALSE,0,FALSE,FALSE,FALSE,FALSE,FALSE,FALSE,,,FALSE,,,"END OF GAME","2nd and 4 at LVC38","No Huddle-Shotgun Klitsch,Logan pass complete short left to Freeman,Trey caught at LVC43, for 7 yards to the LVC45 (Hille,Connor), 1ST DOWN."
"20250904_hz19",2025,"2025-09-04",1,"regular","Lebanon Valley","Franklin and Marshall","Middle Atlantic Conference","Centennial Conference",FALSE,169,24,5,4,2,,,"00:51","00:00",,,51,0,"Lebanon Valley","Franklin and Marshall",21,31,-10,1,10,55,FALSE,2,10,55,"pass_incomplete",TRUE,0,FALSE,TRUE,FALSE,FALSE,FALSE,FALSE,FALSE,FALSE,FALSE,FALSE,FALSE,FALSE,FALSE,FALSE,0,FALSE,FALSE,TRUE,FALSE,TRUE,FALSE,,,FALSE,,,"END OF GAME","1st and 10 at LVC45","No Huddle-Shotgun Klitsch,Logan pass incomplete, Spike."
"20250904_hz19",2025,"2025-09-04",1,"regular","Lebanon Valley","Franklin and Marshall","Middle Atlantic Conference","Centennial Conference",FALSE,170,24,6,4,2,,,"00:51","00:00",,,51,0,"Lebanon Valley","Franklin and Marshall",21,31,-10,2,10,55,FALSE,1,10,35,"pass_complete",TRUE,20,FALSE,TRUE,TRUE,FALSE,FALSE,FALSE,FALSE,FALSE,FALSE,FALSE,FALSE,FALSE,FALSE,FALSE,0,FALSE,FALSE,FALSE,FALSE,FALSE,FALSE,,,FALSE,,,"END OF GAME","2nd and 10 at LVC45","No Huddle-Shotgun Klitsch,Logan pass complete short left to Vassallo,Alex caught at FMC43, for 20 yards to the FMC35 (Carner,Rafe), out of bounds, 1ST DOWN."
"20250904_hz19",2025,"2025-09-04",1,"regular","Lebanon Valley","Franklin and Marshall","Middle Atlantic Conference","Centennial Conference",FALSE,171,24,7,4,2,,,"00:51","00:00",,,51,0,"Lebanon Valley","Franklin and Marshall",21,31,-10,1,10,35,FALSE,2,8,33,"pass_complete",TRUE,2,FALSE,TRUE,TRUE,FALSE,FALSE,FALSE,FALSE,FALSE,FALSE,FALSE,FALSE,FALSE,FALSE,FALSE,0,FALSE,FALSE,TRUE,FALSE,TRUE,FALSE,,,FALSE,,,"END OF GAME","1st and 10 at FMC35","No Huddle-Shotgun Klitsch,Logan pass complete short left to Freeman,Trey caught at FMC35, for 2 yards to the FMC33 (Hille,Connor), out of bounds."
"20250904_hz19",2025,"2025-09-04",1,"regular","Lebanon Valley","Franklin and Marshall","Middle Atlantic Conference","Centennial Conference",FALSE,172,24,8,4,2,,,"00:51","00:00",,,51,0,"Lebanon Valley","Franklin and Marshall",21,31,-10,2,8,33,FALSE,3,4,29,"pass_complete",TRUE,4,FALSE,TRUE,TRUE,FALSE,FALSE,FALSE,FALSE,FALSE,FALSE,FALSE,FALSE,FALSE,FALSE,FALSE,0,FALSE,FALSE,FALSE,FALSE,FALSE,FALSE,,,FALSE,,,"END OF GAME","2nd and 8 at FMC33","No Huddle-Shotgun Klitsch,Logan pass complete short left to Grimm,Avrey caught at FMC29, for 4 yards to the FMC29 (Hille,Connor), out of bounds."
"20250904_hz19",2025,"2025-09-04",1,"regular","Lebanon Valley","Franklin and Marshall","Middle Atlantic Conference","Centennial Conference",FALSE,173,24,9,4,2,,,"00:51","00:00",,,51,0,"Lebanon Valley","Franklin and Marshall",21,31,-10,3,4,29,FALSE,,,,"pass_incomplete",TRUE,0,FALSE,TRUE,FALSE,FALSE,FALSE,FALSE,FALSE,FALSE,FALSE,FALSE,FALSE,FALSE,FALSE,FALSE,0,FALSE,FALSE,FALSE,FALSE,FALSE,FALSE,,,FALSE,,,"END OF GAME","3rd and 4 at FMC29","No Huddle-Shotgun Klitsch,Logan pass incomplete deep left to Vassallo,Alex thrown to FMC04 broken up by Carner,Rafe."
