"game_id","season","game_date","week","season_type","home","away","home_team_conference","away_team_conference","conference_game","play_index","drive_number","drive_play_number","period","half","clock_start","clock_end","clock_start_max","clock_start_min","secs_remaining_start","secs_remaining_end","secs_remaining_start_max","secs_remaining_start_min","pos_team","def_pos_team","pos_team_score","def_pos_team_score","score_diff","down","distance","yards_to_goal","Goal_To_Go","down_end","distance_end","yards_to_goal_end","play_type","scrimmage_play","yards_gained","rush","pass","completion","sack","int","fumble_vec","turnover","downs_turnover","touchdown","safety","field_goal_attempt","field_goal_made","punt","scoring_play","score_pts","drive_result","firstD_by_kickoff","firstD_by_poss","firstD_by_yards","firstD_by_penalty","new_series","penalty_flag","penalty_yards_signed","penalized_team","penalty_no_play","penalty_declined","penalty_text","situation","play_text"
"20250906_dcg5",2025,"2025-09-06",1,"regular","Dakota St.","Nebraska Wesleyan",,,,1,1,1,1,1,"15:00","14:51","15:00","15:00",3600,3591,3600,3600,"Dakota St.","Nebraska Wesleyan",0,0,0,,,,,1,10,76,"kickoff",FALSE,,FALSE,FALSE,FALSE,FALSE,FALSE,FALSE,FALSE,FALSE,FALSE,FALSE,FALSE,FALSE,FALSE,FALSE,0,"PUNT",FALSE,FALSE,FALSE,FALSE,FALSE,FALSE,,,FALSE,,,"","Brody Parks kickoff 64 yards to the DAKOTA S01, Trajan Davis return 23 yards to the DAKOTA S24 (Diego Juarez)."
"20250906_dcg5",2025,"2025-09-06",1,"regular","Dakota St.","Nebraska Wesleyan",,,,2,1,2,1,1,"14:51",,"14:51","14:51",3591,,3591,3591,"Dakota St.","Nebraska Wesleyan",0,0,0,1,10,76,FALSE,2,10,76,"pass_incomplete",TRUE,0,FALSE,TRUE,FALSE,FALSE,FALSE,FALSE,FALSE,FALSE,FALSE,FALSE,FALSE,FALSE,FALSE,FALSE,0,"PUNT",TRUE,FALSE,FALSE,FALSE,TRUE,FALSE,,,FALSE,,,"1st and 10 at DAKOTA S24","Raesean Eaton pass incomplete to Melek Ford."
"20250906_dcg5",2025,"2025-09-06",1,"regular","Dakota St.","Nebraska Wesleyan",,,,3,1,3,1,1,,,"14:45","14:15",,,3585,3555,"Dakota St.","Nebraska Wesleyan",0,0,0,2,10,76,FALSE,3,3,69,"rush",TRUE,7,TRUE,FALSE,FALSE,FALSE,FALSE,FALSE,FALSE,FALSE,FALSE,FALSE,FALSE,FALSE,FALSE,FALSE,0,"PUNT",FALSE,FALSE,FALSE,FALSE,FALSE,FALSE,,,FALSE,,,"2nd and 10 at DAKOTA S24","Raesean Eaton rush for 7 yards to the DAKOTA S31 (Carlos Porter; Dillon Moralez)."
"20250906_dcg5",2025,"2025-09-06",1,"regular","Dakota St.","Nebraska Wesleyan",,,,4,1,4,1,1,,,"14:15","13:26",,,3555,3506,"Dakota St.","Nebraska Wesleyan",0,0,0,3,3,69,FALSE,4,5,71,"rush",TRUE,-2,TRUE,FALSE,FALSE,FALSE,FALSE,FALSE,FALSE,FALSE,FALSE,FALSE,FALSE,FALSE,FALSE,FALSE,0,"PUNT",FALSE,FALSE,FALSE,FALSE,FALSE,FALSE,,,FALSE,,,"3rd and 3 at DAKOTA S31","Trajan Davis rush for loss of 2 yards to the DAKOTA S29 (Hunter Hanke)."
"20250906_dcg5",2025,"2025-09-06",1,"regular","Dakota St.","Nebraska Wesleyan",,,,5,1,5,1,1,,"13:26","14:15","13:26",,3506,3555,3506,"Dakota St.","Nebraska Wesleyan",0,0,0,4,5,71,FALSE,1,10,63,"punt_with_return",TRUE,,FALSE,FALSE,FALSE,FALSE,FALSE,FALSE,FALSE,FALSE,FALSE,FALSE,FALSE,FALSE,TRUE,FALSE,0,"PUNT",FALSE,FALSE,FALSE,FALSE,FALSE,FALSE,,,FALSE,,,"4th and 5 at DAKOTA S29","Xander Sheehan punt 35 yards to the NEBRASKA36, Maleik Bradford return 1 yards to the NEBRASKA37 (Joseph Cole)."
"20250906_dcg5",2025,"2025-09-06",1,"regular","Dakota St.","Nebraska Wesleyan",,,,6,2,1,1,1,"13:26",,"13:26","13:26",3506,,3506,3506,"Nebraska Wesleyan","Dakota St.",0,0,0,1,10,63,FALSE,2,1,54,"rush",TRUE,9,TRUE,FALSE,FALSE,FALSE,FALSE,FALSE,FALSE,FALSE,FALSE,FALSE,FALSE,FALSE,FALSE,FALSE,0,"PUNT",FALSE,TRUE,FALSE,FALSE,TRUE,FALSE,,,FALSE,,,"1st and 10 at NEBRASKA37","Trystin Myers rush for 9 yards to the NEBRASKA46 (Gabriel Chambli)."
"20250906_dcg5",2025,"2025-09-06",1,"regular","Dakota St.","Nebraska Wesleyan",,,,7,2,2,1,1,,,"13:26","10:31",,,3506,3331,"Nebraska Wesleyan","Dakota St.",0,0,0,2,1,54,FALSE,1,10,44,"pass_complete",TRUE,10,FALSE,TRUE,TRUE,FALSE,FALSE,FALSE,FALSE,FALSE,FALSE,FALSE,FALSE,FALSE,FALSE,FALSE,0,"PUNT",FALSE,FALSE,FALSE,FALSE,FALSE,FALSE,,,FALSE,,,"2nd and 1 at NEBRASKA46","Connor White pass complete to Joey McLaughlin for 10 yards to the DAKOTA S44 (Tim Halbur)."
"20250906_dcg5",2025,"2025-09-06",1,"regular","Dakota St.","Nebraska Wesleyan",,,,8,2,3,1,1,,,"13:26","10:31",,,3506,3331,"Nebraska Wesleyan","Dakota St.",0,0,0,1,10,44,FALSE,2,10,44,"pass_incomplete",TRUE,0,FALSE,TRUE,FALSE,FALSE,FALSE,FALSE,FALSE,FALSE,FALSE,FALSE,FALSE,FALSE,FALSE,FALSE,0,"PUNT",FALSE,FALSE,TRUE,FALSE,TRUE,FALSE,,,FALSE,,,"1st and 10 at DAKOTA S44","Connor White pass incomplete to Joey McLaughlin."
"20250906_dcg5",2025,"2025-09-06",1,"regular","Dakota St.","Nebraska Wesleyan",,,,9,2,4,1,1,,,"13:26","10:31",,,3506,3331,"Nebraska Wesleyan","Dakota St.",0,0,0,2,10,44,FALSE,3,7,41,"rush",TRUE,3,TRUE,FALSE,FALSE,FALSE,FALSE,FALSE,FALSE,FALSE,FALSE,FALSE,FALSE,FALSE,FALSE,FALSE,0,"PUNT",FALSE,FALSE,FALSE,FALSE,FALSE,FALSE,,,FALSE,,,"2nd and 10 at DAKOTA S44","Trystin Myers rush for 3 yards to the DAKOTA S41 (Jack Hemmen)."
"20250906_dcg5",2025,"2025-09-06",1,"regular","Dakota St.","Nebraska Wesleyan",,,,10,2,5,1,1,,,"13:26","10:31",,,3506,3331,"Nebraska Wesleyan","Dakota St.",0,0,0,3,7,41,FALSE,4,15,49,"sack",TRUE,-8,FALSE,FALSE,FALSE,TRUE,FALSE,FALSE,FALSE,FALSE,FALSE,FALSE,FALSE,FALSE,FALSE,FALSE,0,"PUNT",FALSE,FALSE,FALSE,FALSE,FALSE,FALSE,,,FALSE,,,"3rd and 7 at DAKOTA S41","Connor White sacked for loss of 8 yards to the DAKOTA S49 (Brooks Jansen)."
"20250906_dcg5",2025,"2025-09-06",1,"regular","Dakota St.","Nebraska Wesleyan",,,,11,2,6,1,1,,"10:31","13:26","10:31",,3331,3506,3331,"Nebraska Wesleyan","Dakota St.",0,0,0,4,15,49,FALSE,1,10,80,"punt_no_return",TRUE,,FALSE,FALSE,FALSE,FALSE,FALSE,FALSE,FALSE,FALSE,FALSE,FALSE,FALSE,FALSE,TRUE,FALSE,0,"PUNT",FALSE,FALSE,FALSE,FALSE,FALSE,FALSE,,,FALSE,,,"4th and 15 at DAKOTA S49","Jace Winkler punt 49 yards to the DAKOTA S00, touchback."
"20250906_dcg5",2025,"2025-09-06",1,"regular","Dakota St.","Nebraska Wesleyan",,,,12,3,1,1,1,"10:31",,"10:31","10:31",3331,,3331,3331,"Dakota St.","Nebraska Wesleyan",0,0,0,1,10,80,FALSE,2,10,80,"rush",TRUE,0,TRUE,FALSE,FALSE,FALSE,FALSE,FALSE,FALSE,FALSE,FALSE,FALSE,FALSE,FALSE,FALSE,FALSE,0,"PUNT",FALSE,TRUE,FALSE,FALSE,TRUE,FALSE,,,FALSE,,,"1st and 10 at DAKOTA S20","Preston Iverson rush for no gain to the DAKOTA S20 (Carlos Porter; Diego Juarez)."
"20250906_dcg5",2025,"2025-09-06",1,"regular","Dakota St.","Nebraska Wesleyan",,,,13,3,2,1,1,,,"10:31","08:00",,,3331,3180,"Dakota St.","Nebraska Wesleyan",0,0,0,2,10,80,FALSE,3,1,71,"rush",TRUE,9,TRUE,FALSE,FALSE,FALSE,FALSE,FALSE,FALSE,FALSE,FALSE,FALSE,FALSE,FALSE,FALSE,FALSE,0,"PUNT",FALSE,FALSE,FALSE,FALSE,FALSE,FALSE,,,FALSE,,,"2nd and 10 at DAKOTA S20","Preston Iverson rush for 9 yards to the DAKOTA S29 (Carlos Porter; Jian Aguilar)."
"20250906_dcg5",2025,"2025-09-06",1,"regular","Dakota St.","Nebraska Wesleyan",,,,14,3,3,1,1,,,"10:31","08:00",,,3331,3180,"Dakota St.","Nebraska Wesleyan",0,0,0,3,1,71,FALSE,1,10,69,"rush",TRUE,2,TRUE,FALSE,FALSE,FALSE,FALSE,FALSE,FALSE,FALSE,FALSE,FALSE,FALSE,FALSE,FALSE,FALSE,0,"PUNT",FALSE,FALSE,FALSE,FALSE,FALSE,FALSE,,,FALSE,,,"3rd and 1 at DAKOTA S29","Raesean Eaton rush for 2 yards to the DAKOTA S31 (Terrell Davis; Diego Juarez)."
"20250906_dcg5",2025,"2025-09-06",1,"regular","Dakota St.","Nebraska Wesleyan",,,,15,3,4,1,1,,,"10:31","08:00",,,3331,3180,"Dakota St.","Nebraska Wesleyan",0,0,0,1,10,69,FALSE,2,1,60,"rush",TRUE,9,TRUE,FALSE,FALSE,FALSE,FALSE,FALSE,FALSE,FALSE,FALSE,FALSE,FALSE,FALSE,FALSE,FALSE,0,"PUNT",FALSE,FALSE,TRUE,FALSE,TRUE,FALSE,,,FALSE,,,"1st and 10 at DAKOTA S31","Raesean Eaton rush for 9 yards to the DAKOTA S40 (Maleik Bradford)."
"20250906_dcg5",2025,"2025-09-06",1,"regular","Dakota St.","Nebraska Wesleyan",,,,16,3,5,1,1,,,"08:00","05:31",,,3180,3031,"Dakota St.","Nebraska Wesleyan",0,0,0,2,1,60,FALSE,1,10,57,"pass_complete",TRUE,3,FALSE,TRUE,TRUE,FALSE,FALSE,FALSE,FALSE,FALSE,FALSE,FALSE,FALSE,FALSE,FALSE,FALSE,0,"PUNT",FALSE,FALSE,FALSE,FALSE,FALSE,FALSE,,,FALSE,,,"2nd and 1 at DAKOTA S40","Raesean Eaton pass complete to Melek Ford for 3 yards to the DAKOTA S43, out-of-bounds."
"20250906_dcg5",2025,"2025-09-06",1,"regular","Dakota St.","Nebraska Wesleyan",,,,17,3,6,1,1,,,"08:00","05:31",,,3180,3031,"Dakota St.","Nebraska Wesleyan",0,0,0,1,10,57,FALSE,2,8,55,"rush",TRUE,2,TRUE,FALSE,FALSE,FALSE,FALSE,FALSE,FALSE,FALSE,FALSE,FALSE,FALSE,FALSE,FALSE,FALSE,0,"PUNT",FALSE,FALSE,TRUE,FALSE,TRUE,FALSE,,,FALSE,,,"1st and 10 at DAKOTA S43","Trajan Davis rush for 2 yards to the DAKOTA S45 (Hunter Hanke; Jackson Byers)."
"20250906_dcg5",2025,"2025-09-06",1,"regular","Dakota St.","Nebraska Wesleyan",,,,18,3,7,1,1,,,"08:00","05:31",,,3180,3031,"Dakota St.","Nebraska Wesleyan",0,0,0,2,8,55,FALSE,3,7,54,"rush",TRUE,1,TRUE,FALSE,FALSE,FALSE,FALSE,FALSE,FALSE,FALSE,FALSE,FALSE,FALSE,FALSE,FALSE,FALSE,0,"PUNT",FALSE,FALSE,FALSE,FALSE,FALSE,FALSE,,,FALSE,,,"2nd and 8 at DAKOTA S45","Trajan Davis rush for 1 yard to the DAKOTA S46 (Carlos Porter)."
"20250906_dcg5",2025,"2025-09-06",1,"regular","Dakota St.","Nebraska Wesleyan",,,,19,3,8,1,1,,,"08:00","05:31",,,3180,3031,"Dakota St.","Nebraska Wesleyan",0,0,0,3,7,54,FALSE,4,5,52,"rush",TRUE,2,TRUE,FALSE,FALSE,FALSE,FALSE,FALSE,FALSE,FALSE,FALSE,FALSE,FALSE,FALSE,FALSE,FALSE,0,"PUNT",FALSE,FALSE,FALSE,FALSE,FALSE,FALSE,,,FALSE,,,"3rd and 7 at DAKOTA S46","Raesean Eaton rush for 2 yards to the DAKOTA S48 (Hunter Hanke)."
"20250906_dcg5",2025,"2025-09-06",1,"regular","Dakota St.","Nebraska Wesleyan",,,,20,3,9,1,1,,"05:31","08:00","05:31",,3031,3180,3031,"Dakota St.","Nebraska Wesleyan",0,0,0,4,5,52,FALSE,1,10,95,"punt_no_return",TRUE,,FALSE,FALSE,FALSE,FALSE,FALSE,FALSE,FALSE,FALSE,FALSE,FALSE,FALSE,FALSE,TRUE,FALSE,0,"PUNT",FALSE,FALSE,FALSE,FALSE,FALSE,FALSE,,,FALSE,,,"4th and 5 at DAKOTA S48","Xander Sheehan punt 47 yards to the NEBRASKA05, downed."
"20250906_dcg5",2025,"2025-09-06",1,"regular","Dakota St.","Nebraska Wesleyan",,,,21,4,1,1,1,"05:31",,"05:31","05:31",3031,,3031,3031,"Nebraska Wesleyan","Dakota St.",0,0,0,1,10,95,FALSE,2,10,95,"pass_incomplete",TRUE,0,FALSE,TRUE,FALSE,FALSE,FALSE,FALSE,FALSE,FALSE,FALSE,FALSE,FALSE,FALSE,FALSE,FALSE,0,"PUNT",FALSE,TRUE,FALSE,FALSE,TRUE,FALSE,,,FALSE,,,"1st and 10 at NEBRASKA05","Connor White pass incomplete to Jaheim Felder."
"20250906_dcg5",2025,"2025-09-06",1,"regular","Dakota St.","Nebraska Wesleyan",,,,22,4,2,1,1,,,"05:31","04:35",,,3031,2975,"Nebraska Wesleyan","Dakota St.",0,0,0,2,10,95,FALSE,3,9,94,"rush",TRUE,1,TRUE,FALSE,FALSE,FALSE,FALSE,FALSE,FALSE,FALSE,FALSE,FALSE,FALSE,FALSE,FALSE,FALSE,0,"PUNT",FALSE,FALSE,FALSE,FALSE,FALSE,FALSE,,,FALSE,,,"2nd and 10 at NEBRASKA05","Trystin Myers rush for 1 yard to the NEBRASKA06 (Tamareon Foster)."
"20250906_dcg5",2025,"2025-09-06",1,"regular","Dakota St.","Nebraska Wesleyan",,,,23,4,3,1,1,,,"05:31","04:35",,,3031,2975,"Nebraska Wesleyan","Dakota St.",0,0,0,3,9,94,FALSE,4,9,94,"pass_incomplete",TRUE,0,FALSE,TRUE,FALSE,FALSE,FALSE,FALSE,FALSE,FALSE,FALSE,FALSE,FALSE,FALSE,FALSE,FALSE,0,"PUNT",FALSE,FALSE,FALSE,FALSE,FALSE,FALSE,,,FALSE,,,"3rd and 9 at NEBRASKA06","Connor White pass incomplete to Joey McLaughlin."
"20250906_dcg5",2025,"2025-09-06",1,"regular","Dakota St.","Nebraska Wesleyan",,,,24,4,4,1,1,,"04:35","05:31","04:35",,2975,3031,2975,"Nebraska Wesleyan","Dakota St.",0,0,0,4,9,94,FALSE,1,10,38,"punt_no_return",TRUE,,FALSE,FALSE,FALSE,FALSE,FALSE,FALSE,FALSE,FALSE,FALSE,FALSE,FALSE,FALSE,TRUE,FALSE,0,"PUNT",FALSE,FALSE,FALSE,FALSE,FALSE,FALSE,,,FALSE,,,"4th and 9 at NEBRASKA06","R. Stortenbecke punt 32 yards to the NEBRASKA38, fair catch by Jovi Wolf."
"20250906_dcg5",2025,"2025-09-06",1,"regular","Dakota St.","Nebraska Wesleyan",,,,25,5,1,1,1,"04:35",,"04:35","04:35",2975,,2975,2975,"Dakota St.","Nebraska Wesleyan",0,0,0,1,10,38,FALSE,2,4,32,"pass_complete",TRUE,6,FALSE,TRUE,TRUE,FALSE,FALSE,FALSE,FALSE,FALSE,FALSE,FALSE,FALSE,FALSE,FALSE,FALSE,0,"TD",FALSE,TRUE,FALSE,FALSE,TRUE,FALSE,,,FALSE,,,"1st and 10 at NEBRASKA38","Raesean Eaton pass complete to Trajan Davis for 6 yards to the NEBRASKA32 (Ivan Eloume)."
"20250906_dcg5",2025,"2025-09-06",1,"regular","Dakota St.","Nebraska Wesleyan",,,,26,5,2,1,1,,,"04:35","00:00",,,2975,2700,"Dakota St.","Nebraska Wesleyan",0,0,0,2,4,32,FALSE,3,10,38,"sack",TRUE,-6,FALSE,FALSE,FALSE,TRUE,FALSE,FALSE,FALSE,FALSE,FALSE,FALSE,FALSE,FALSE,FALSE,FALSE,0,"TD",FALSE,FALSE,FALSE,FALSE,FALSE,FALSE,,,FALSE,,,"2nd and 4 at NEBRASKA32","Raesean Eaton sacked for loss of 6 yards to the NEBRASKA38 (Brice Eloume)."
"20250906_dcg5",2025,"2025-09-06",1,"regular","Dakota St.","Nebraska Wesleyan",,,,27,5,3,1,1,,,"04:35","00:00",,,2975,2700,"Dakota St.","Nebraska Wesleyan",0,0,0,3,10,38,FALSE,1,10,27,"rush",TRUE,11,TRUE,FALSE,FALSE,FALSE,FALSE,FALSE,FALSE,FALSE,FALSE,FALSE,FALSE,FALSE,FALSE,FALSE,0,"TD",FALSE,FALSE,FALSE,FALSE,FALSE,FALSE,,,FALSE,,,"3rd and 10 at NEBRASKA38","Raesean Eaton rush for 11 yards to the NEBRASKA27 (Brice Eloume; Diego Juarez)."
"20250906_dcg5",2025,"2025-09-06",1,"regular","Dakota St.","Nebraska Wesleyan",,,,28,5,4,1,1,,,"04:35","00:00",,,2975,2700,"Dakota St.","Nebraska Wesleyan",0,0,0,1,10,27,FALSE,1,10,15,"rush",TRUE,12,TRUE,FALSE,FALSE,FALSE,FALSE,FALSE,FALSE,FALSE,FALSE,FALSE,FALSE,FALSE,FALSE,FALSE,0,"TD",FALSE,FALSE,TRUE,FALSE,TRUE,FALSE,,,FALSE,,,"1st and 10 at NEBRASKA27","Preston Iverson rush for 12 yards to the NEBRASKA15 (Jian Aguilar)."
"20250906_dcg5",2025,"2025-09-06",1,"regular","Dakota St.","Nebraska Wesleyan",,,,29,5,5,1,1,,,"04:35","00:00",,,2975,2700,"Dakota St.","Nebraska Wesleyan",0,0,0,1,10,15,FALSE,1,15,20,"pass_complete",TRUE,,FALSE,FALSE,FALSE,FALSE,FALSE,FALSE,FALSE,FALSE,FALSE,FALSE,FALSE,FALSE,FALSE,FALSE,0,"TD",FALSE,FALSE,TRUE,FALSE,TRUE,TRUE,-5,"Dakota St.",TRUE,FALSE,"PENALTY DAKOTA S illegal formation 5 yards to the NEBRASKA20, NO PLAY.","1st and 10 at NEBRASKA15","Raesean Eaton pass complete to Melek Ford for no gain to the NEBRASKA15 (Hunter Hanke; Nathan Athouris), PENALTY DAKOTA S illegal formation 5 yards to the NEBRASKA20, NO PLAY."
"20250906_dcg5",2025,"2025-09-06",1,"regular","Dakota St.","Nebraska Wesleyan",,,,30,5,6,1,1,,,"04:35","00:00",,,2975,2700,"Dakota St.","Nebraska Wesleyan",0,0,0,1,15,20,FALSE,2,15,20,"rush",TRUE,0,TRUE,FALSE,FALSE,FALSE,FALSE,FALSE,FALSE,FALSE,FALSE,FALSE,FALSE,FALSE,FALSE,FALSE,0,"TD",FALSE,FALSE,FALSE,FALSE,FALSE,FALSE,,,FALSE,,,"1st and 15 at NEBRASKA20","Preston Iverson rush for no gain to the NEBRASKA20 (Hunter Hanke)."
"20250906_dcg5",2025,"2025-09-06",1,"regular","Dakota St.","Nebraska Wesleyan",,,,31,5,7,1,1,,,"04:35","00:00",,,2975,2700,"Dakota St.","Nebraska Wesleyan",0,0,0,2,15,20,FALSE,3,14,19,"rush",TRUE,1,TRUE,FALSE,FALSE,FALSE,FALSE,FALSE,FALSE,FALSE,FALSE,FALSE,FALSE,FALSE,FALSE,FALSE,0,"TD",FALSE,FALSE,FALSE,FALSE,FALSE,FALSE,,,FALSE,,,"2nd and 15 at NEBRASKA20","Raesean Eaton rush for 1 yard to the NEBRASKA19 (Carlos Porter; Hunter Hanke)."
"20250906_dcg5",2025,"2025-09-06",1,"regular","Dakota St.","Nebraska Wesleyan",,,,32,5,8,1,1,,,"04:35","00:00",,,2975,2700,"Dakota St.","Nebraska Wesleyan",0,0,0,3,14,19,FALSE,4,2,7,"pass_complete",TRUE,12,FALSE,TRUE,TRUE,FALSE,FALSE,FALSE,FALSE,FALSE,FALSE,FALSE,FALSE,FALSE,FALSE,FALSE,0,"TD",FALSE,FALSE,FALSE,FALSE,FALSE,FALSE,,,FALSE,,,"3rd and 14 at NEBRASKA19","Raesean Eaton pass complete to Melek Ford for 12 yards to the NEBRASKA07."
"20250906_dcg5",2025,"2025-09-06",1,"regular","Dakota St.","Nebraska Wesleyan",,,,33,5,9,1,1,,"00:00","04:35","00:00",,2700,2975,2700,"Dakota St.","Nebraska Wesleyan",0,0,0,4,2,7,FALSE,,,,"rush",TRUE,7,TRUE,FALSE,FALSE,FALSE,FALSE,FALSE,FALSE,FALSE,TRUE,FALSE,FALSE,FALSE,FALSE,TRUE,6,"TD",FALSE,FALSE,FALSE,FALSE,FALSE,FALSE,,,FALSE,,,"4th and 2 at NEBRASKA07","Raesean Eaton rush for 7 yards to the NEBRASKA00, TOUCHDOWN, clock 00:00."
"20250906_dcg5",2025,"2025-09-06",1,"regular","Dakota St.","Nebraska Wesleyan",,,,34,5,10,1,1,"00:00",,"00:00","00:00",2700,,2700,2700,"Dakota St.","Nebraska Wesleyan",6,0,6,,,,,,,,"extra_point",FALSE,,FALSE,FALSE,FALSE,FALSE,FALSE,FALSE,FALSE,FALSE,FALSE,FALSE,FALSE,FALSE,FALSE,TRUE,1,"TD",FALSE,FALSE,FALSE,FALSE,FALSE,FALSE,,,FALSE,,,"","Adrian Villanue kick attempt good."
"20250906_dcg5",2025,"2025-09-06",1,"regular","Dakota St.","Nebraska Wesleyan",,,,35,6,1,2,1,"15:00","15:00","15:00","15:00",2700,2700,2700,2700,"Nebraska Wesleyan","Dakota St.",0,7,-7,,,,,1,10,75,"kickoff",FALSE,,FALSE,FALSE,FALSE,FALSE,FALSE,FALSE,FALSE,FALSE,FALSE,FALSE,FALSE,FALSE,FALSE,FALSE,0,"INT",FALSE,FALSE,FALSE,FALSE,FALSE,FALSE,,,FALSE,,,"","Adrian Villanue kickoff 65 yards to the NEBRASKA00, touchback."
"20250906_dcg5",2025,"2025-09-06",1,"regular","Dakota St.","Nebraska Wesleyan",,,,36,6,2,2,1,"15:00",,"15:00","15:00",2700,,2700,2700,"Nebraska Wesleyan","Dakota St.",0,7,-7,1,10,75,FALSE,2,2,67,"rush",TRUE,8,TRUE,FALSE,FALSE,FALSE,FALSE,FALSE,FALSE,FALSE,FALSE,FALSE,FALSE,FALSE,FALSE,FALSE,0,"INT",TRUE,FALSE,FALSE,FALSE,TRUE,FALSE,,,FALSE,,,"1st and 10 at NEBRASKA25","Nathan Athouris rush for 8 yards to the NEBRASKA33 (Kacey Cauley)."
"20250906_dcg5",2025,"2025-09-06",1,"regular","Dakota St.","Nebraska Wesleyan",,,,37,6,3,2,1,,,"15:00","12:25",,,2700,2545,"Nebraska Wesleyan","Dakota St.",0,7,-7,2,2,67,FALSE,1,10,48,"rush",TRUE,4,TRUE,FALSE,FALSE,FALSE,FALSE,FALSE,FALSE,FALSE,FALSE,FALSE,FALSE,FALSE,FALSE,FALSE,0,"INT",FALSE,FALSE,FALSE,FALSE,FALSE,TRUE,15,"Dakota St.",FALSE,FALSE,"PENALTY DAKOTA S face mask (Taron Serr) 15 yards to the DAKOTA S48.","2nd and 2 at NEBRASKA33","Nathan Athouris rush for 4 yards to the NEBRASKA37 (Taron Serr), PENALTY DAKOTA S face mask (Taron Serr) 15 yards to the DAKOTA S48."
"20250906_dcg5",2025,"2025-09-06",1,"regular","Dakota St.","Nebraska Wesleyan",,,,38,6,4,2,1,,,"15:00","12:25",,,2700,2545,"Nebraska Wesleyan","Dakota St.",0,7,-7,1,10,48,FALSE,2,11,49,"rush",TRUE,-1,TRUE,FALSE,FALSE,FALSE,FALSE,FALSE,FALSE,FALSE,FALSE,FALSE,FALSE,FALSE,FALSE,FALSE,0,"INT",FALSE,FALSE,TRUE,FALSE,TRUE,FALSE,,,FALSE,,,"1st and 10 at DAKOTA S48","Trystin Myers rush for loss of 1 yard to the DAKOTA S49 (Tamareon Foster; Cole Paulson)."
"20250906_dcg5",2025,"2025-09-06",1,"regular","Dakota St.","Nebraska Wesleyan",,,,39,6,5,2,1,,,"15:00","12:25",,,2700,2545,"Nebraska Wesleyan","Dakota St.",0,7,-7,2,11,49,FALSE,3,9,47,"rush",TRUE,2,TRUE,FALSE,FALSE,FALSE,FALSE,FALSE,FALSE,FALSE,FALSE,FALSE,FALSE,FALSE,FALSE,FALSE,0,"INT",FALSE,FALSE,FALSE,FALSE,FALSE,FALSE,,,FALSE,,,"2nd and 11 at DAKOTA S49","Nathan Athouris rush for 2 yards to the DAKOTA S47 (Jack Hemmen; Cole Paulson)."
"20250906_dcg5",2025,"2025-09-06",1,"regular","Dakota St.","Nebraska Wesleyan",,,,40,6,6,2,1,,"12:25","15:00","12:25",,2545,2700,2545,"Nebraska Wesleyan","Dakota St.",0,7,-7,3,9,47,FALSE,,,,"pass_intercepted",TRUE,,FALSE,TRUE,FALSE,FALSE,TRUE,FALSE,TRUE,FALSE,TRUE,FALSE,FALSE,FALSE,FALSE,TRUE,-6,"INT",FALSE,FALSE,FALSE,FALSE,FALSE,FALSE,,,FALSE,,,"3rd and 9 at DAKOTA S47","Connor White pass intercepted by Cole Paulson at the DAKOTA S40, Cole Paulson return 60 yards to the NEBRASKA00, TOUCHDOWN, clock 12:25."
"20250906_dcg5",2025,"2025-09-06",1,"regular","Dakota St.","Nebraska Wesleyan",,,,41,6,7,2,1,"12:25",,"12:25","12:25",2545,,2545,2545,"Dakota St.","Nebraska Wesleyan",13,0,13,,,,,,,,"extra_point",FALSE,,FALSE,FALSE,FALSE,FALSE,FALSE,FALSE,FALSE,FALSE,FALSE,FALSE,FALSE,FALSE,FALSE,TRUE,1,"INT",FALSE,FALSE,FALSE,FALSE,FALSE,FALSE,,,FALSE,,,"","Adrian Villanue kick attempt good."
"20250906_dcg5",2025,"2025-09-06",1,"regular","Dakota St.","Nebraska Wesleyan",,,,42,7,1,2,1,"12:25","12:25","12:25","12:25",2545,2545,2545,2545,"Nebraska Wesleyan","Dakota St.",0,14,-14,,,,,1,10,75,"kickoff",FALSE,,FALSE,FALSE,FALSE,FALSE,FALSE,FALSE,FALSE,FALSE,FALSE,FALSE,FALSE,FALSE,FALSE,FALSE,0,"PUNT",FALSE,FALSE,FALSE,FALSE,FALSE,FALSE,,,FALSE,,,"","Adrian Villanue kickoff 65 yards to the NEBRASKA00, touchback."
"20250906_dcg5",2025,"2025-09-06",1,"regular","Dakota St.","Nebraska Wesleyan",,,,43,7,2,2,1,"12:25",,"12:25","12:25",2545,,2545,2545,"Nebraska Wesleyan","Dakota St.",0,14,-14,1,10,75,FALSE,2,7,72,"rush",TRUE,3,TRUE,FALSE,FALSE,FALSE,FALSE,FALSE,FALSE,FALSE,FALSE,FALSE,FALSE,FALSE,FALSE,FALSE,0,"PUNT",TRUE,FALSE,FALSE,FALSE,TRUE,FALSE,,,FALSE,,,"1st and 10 at NEBRASKA25","Nathan Athouris rush for 3 yards to the NEBRASKA28 (Elliot Devries; Taron Serr)."
"20250906_dcg5",2025,"2025-09-06",1,"regular","Dakota St.","Nebraska Wesleyan",,,,44,7,3,2,1,,,"12:25","09:01",,,2545,2341,"Nebraska Wesleyan","Dakota St.",0,14,-14,2,7,72,FALSE,1,10,65,"pass_complete",TRUE,7,FALSE,TRUE,TRUE,FALSE,FALSE,FALSE,FALSE,FALSE,FALSE,FALSE,FALSE,FALSE,FALSE,FALSE,0,"PUNT",FALSE,FALSE,FALSE,FALSE,FALSE,FALSE,,,FALSE,,,"2nd and 7 at NEBRASKA28","Connor White pass complete to Josh Phillips for 7 yards to the NEBRASKA35 (Trevon Johnson)."
"20250906_dcg5",2025,"2025-09-06",1,"regular","Dakota St.","Nebraska Wesleyan",,,,45,7,4,2,1,,,"12:25","09:01",,,2545,2341,"Nebraska Wesleyan","Dakota St.",0,14,-14,1,10,65,FALSE,1,15,70,"penalty_no_play",TRUE,,FALSE,FALSE,FALSE,FALSE,FALSE,FALSE,FALSE,FALSE,FALSE,FALSE,FALSE,FALSE,FALSE,FALSE,0,"PUNT",FALSE,FALSE,TRUE,FALSE,TRUE,TRUE,-5,"Nebraska Wesleyan",TRUE,FALSE,"PENALTY NEBRASKA false start (Caleb Ohlrich) 5 yards to the NEBRASKA30.","1st and 10 at NEBRASKA35","PENALTY NEBRASKA false start (Caleb Ohlrich) 5 yards to the NEBRASKA30."
"20250906_dcg5",2025,"2025-09-06",1,"regular","Dakota St.","Nebraska Wesleyan",,,,46,7,5,2,1,,,"12:25","09:01",,,2545,2341,"Nebraska Wesleyan","Dakota St.",0,14,-14,1,15,70,FALSE,2,8,63,"pass_complete",TRUE,7,FALSE,TRUE,TRUE,FALSE,FALSE,FALSE,FALSE,FALSE,FALSE,FALSE,FALSE,FALSE,FALSE,FALSE,0,"PUNT",FALSE,FALSE,FALSE,FALSE,FALSE,FALSE,,,FALSE,,,"1st and 15 at NEBRASKA30","Connor White pass complete to Jaheim Felder for 7 yards to the NEBRASKA37 (Kaden Eng)."
"20250906_dcg5",2025,"2025-09-06",1,"regular","Dakota St.","Nebraska Wesleyan",,,,47,7,6,2,1,,,"12:25","09:01",,,2545,2341,"Nebraska Wesleyan","Dakota St.",0,14,-14,2,8,63,FALSE,3,4,59,"rush",TRUE,4,TRUE,FALSE,FALSE,FALSE,FALSE,FALSE,FALSE,FALSE,FALSE,FALSE,FALSE,FALSE,FALSE,FALSE,0,"PUNT",FALSE,FALSE,FALSE,FALSE,FALSE,FALSE,,,FALSE,,,"2nd and 8 at NEBRASKA37","Connor White rush for 4 yards to the NEBRASKA41."
"20250906_dcg5",2025,"2025-09-06",1,"regular","Dakota St.","Nebraska Wesleyan",,,,48,7,7,2,1,,,"12:25","09:01",,,2545,2341,"Nebraska Wesleyan","Dakota St.",0,14,-14,3,4,59,FALSE,4,4,59,"pass_incomplete",TRUE,0,FALSE,TRUE,FALSE,FALSE,FALSE,FALSE,FALSE,FALSE,FALSE,FALSE,FALSE,FALSE,FALSE,FALSE,0,"PUNT",FALSE,FALSE,FALSE,FALSE,FALSE,FALSE,,,FALSE,,,"3rd and 4 at NEBRASKA41","Connor White pass incomplete to Nathan Athouris."
"20250906_dcg5",2025,"2025-09-06",1,"regular","Dakota St.","Nebraska Wesleyan",,,,49,7,8,2,1,,"09:01","12:25","09:01",,2341,2545,2341,"Nebraska Wesleyan","Dakota St.",0,14,-14,4,4,59,FALSE,1,10,74,"punt_with_return",TRUE,,FALSE,FALSE,FALSE,FALSE,FALSE,FALSE,FALSE,FALSE,FALSE,FALSE,FALSE,FALSE,TRUE,FALSE,0,"PUNT",FALSE,FALSE,FALSE,FALSE,FALSE,FALSE,,,FALSE,,,"4th and 4 at NEBRASKA41","Jace Winkler punt 32 yards to the DAKOTA S27, Jovi Wolf return -1 yards to the DAKOTA S26 (Laurent Gozo)."
"20250906_dcg5",2025,"2025-09-06",1,"regular","Dakota St.","Nebraska Wesleyan",,,,50,8,1,2,1,"09:01",,"09:01","09:01",2341,,2341,2341,"Dakota St.","Nebraska Wesleyan",14,0,14,1,10,74,FALSE,1,10,53,"rush",TRUE,6,TRUE,FALSE,FALSE,FALSE,FALSE,FALSE,FALSE,FALSE,FALSE,FALSE,FALSE,FALSE,FALSE,FALSE,0,"TD",FALSE,TRUE,FALSE,FALSE,TRUE,TRUE,15,"Nebraska Wesleyan",FALSE,FALSE,"PENALTY NEBRASKA unnecessary roughness (Ivan Eloume) 15 yards to the DAKOTA S47.","1st and 10 at DAKOTA S26","Raesean Eaton rush for 6 yards to the DAKOTA S32 (Maleik Bradford), PENALTY NEBRASKA unnecessary roughness (Ivan Eloume) 15 yards to the DAKOTA S47."
"20250906_dcg5",2025,"2025-09-06",1,"regular","Dakota St.","Nebraska Wesleyan",,,,51,8,2,2,1,,,"09:01","07:57",,,2341,2277,"Dakota St.","Nebraska Wesleyan",14,0,14,1,10,53,FALSE,1,6,6,"pass_complete",TRUE,47,FALSE,TRUE,TRUE,FALSE,FALSE,FALSE,FALSE,FALSE,FALSE,FALSE,FALSE,FALSE,FALSE,FALSE,0,"TD",FALSE,FALSE,FALSE,TRUE,TRUE,FALSE,,,FALSE,,,"1st and 10 at DAKOTA S47","Raesean Eaton pass complete to Melek Ford for 47 yards to the NEBRASKA06 (Terrell Davis)."
"20250906_dcg5",2025,"2025-09-06",1,"regular","Dakota St.","Nebraska Wesleyan",,,,52,8,3,2,1,,"07:57","09:01","07:57",,2277,2341,2277,"Dakota St.","Nebraska Wesleyan",14,0,14,1,6,6,TRUE,,,,"rush",TRUE,6,TRUE,FALSE,FALSE,FALSE,FALSE,FALSE,FALSE,FALSE,TRUE,FALSE,FALSE,FALSE,FALSE,TRUE,6,"TD",FALSE,FALSE,TRUE,FALSE,TRUE,FALSE,,,FALSE,,,"1st and Goal at NEBRASKA06","Raesean Eaton rush for 6 yards to the NEBRASKA00, TOUCHDOWN, clock 07:57."
"20250906_dcg5",2025,"2025-09-06",1,"regular","Dakota St.","Nebraska Wesleyan",,,,53,8,4,2,1,"07:57",,"07:57","07:57",2277,,2277,2277,"Dakota St.","Nebraska Wesleyan",20,0,20,,,,,,,,"extra_point",FALSE,,FALSE,FALSE,FALSE,FALSE,FALSE,FALSE,FALSE,FALSE,FALSE,FALSE,FALSE,FALSE,FALSE,FALSE,0,"TD",FALSE,FALSE,FALSE,FALSE,FALSE,FALSE,,,FALSE,,,"","Adrian Villanue kick attempt failed."
"20250906_dcg5",2025,"2025-09-06",1,"regular","Dakota St.","Nebraska Wesleyan",,,,54,9,1,2,1,"07:57","07:57","07:57","07:57",2277,2277,2277,2277,"Nebraska Wesleyan","Dakota St.",0,20,-20,,,,,1,10,72,"kickoff",FALSE,,FALSE,FALSE,FALSE,FALSE,FALSE,FALSE,FALSE,FALSE,FALSE,FALSE,FALSE,FALSE,FALSE,FALSE,0,"PUNT",FALSE,FALSE,FALSE,FALSE,FALSE,FALSE,,,FALSE,,,"","Adrian Villanue kickoff 48 yards to the NEBRASKA17, Maleik Bradford return 11 yards to the NEBRASKA28 (Lucas Chamberli)."
"20250906_dcg5",2025,"2025-09-06",1,"regular","Dakota St.","Nebraska Wesleyan",,,,55,9,2,2,1,"07:57",,"07:57","07:57",2277,,2277,2277,"Nebraska Wesleyan","Dakota St.",0,20,-20,1,10,72,FALSE,2,6,68,"rush",TRUE,4,TRUE,FALSE,FALSE,FALSE,FALSE,FALSE,FALSE,FALSE,FALSE,FALSE,FALSE,FALSE,FALSE,FALSE,0,"PUNT",TRUE,FALSE,FALSE,FALSE,TRUE,FALSE,,,FALSE,,,"1st and 10 at NEBRASKA28","Trystin Myers rush for 4 yards to the NEBRASKA32 (Oscar Kooistra; Kaden Van Otter)."
"20250906_dcg5",2025,"2025-09-06",1,"regular","Dakota St.","Nebraska Wesleyan",,,,56,9,3,2,1,,,"07:57","05:24",,,2277,2124,"Nebraska Wesleyan","Dakota St.",0,20,-20,2,6,68,FALSE,1,10,62,"rush",TRUE,6,TRUE,FALSE,FALSE,FALSE,FALSE,FALSE,FALSE,FALSE,FALSE,FALSE,FALSE,FALSE,FALSE,FALSE,0,"PUNT",FALSE,FALSE,FALSE,FALSE,FALSE,FALSE,,,FALSE,,,"2nd and 6 at NEBRASKA32","Trystin Myers rush for 6 yards to the NEBRASKA38 (Tamareon Foster; Gabriel Chambli)."
"20250906_dcg5",2025,"2025-09-06",1,"regular","Dakota St.","Nebraska Wesleyan",,,,57,9,4,2,1,,,"07:57","05:24",,,2277,2124,"Nebraska Wesleyan","Dakota St.",0,20,-20,1,10,62,FALSE,2,8,60,"rush",TRUE,2,TRUE,FALSE,FALSE,FALSE,FALSE,FALSE,FALSE,FALSE,FALSE,FALSE,FALSE,FALSE,FALSE,FALSE,0,"PUNT",FALSE,FALSE,TRUE,FALSE,TRUE,FALSE,,,FALSE,,,"1st and 10 at NEBRASKA38","Trystin Myers rush for 2 yards to the NEBRASKA40 (Kaden Van Otter; Taron Serr)."
"20250906_dcg5",2025,"2025-09-06",1,"regular","Dakota St.","Nebraska Wesleyan",,,,58,9,5,2,1,,,"07:57","05:24",,,2277,2124,"Nebraska Wesleyan","Dakota St.",0,20,-20,2,8,60,FALSE,3,8,60,"pass_incomplete",TRUE,0,FALSE,TRUE,FALSE,FALSE,FALSE,FALSE,FALSE,FALSE,FALSE,FALSE,FALSE,FALSE,FALSE,FALSE,0,"PUNT",FALSE,FALSE,FALSE,FALSE,FALSE,FALSE,,,FALSE,,,"2nd and 8 at NEBRASKA40","Connor White pass incomplete to Josh Phillips."
"20250906_dcg5",2025,"2025-09-06",1,"regular","Dakota St.","Nebraska Wesleyan",,,,59,9,6,2,1,,,"07:57","05:24",,,2277,2124,"Nebraska Wesleyan","Dakota St.",0,20,-20,3,8,60,FALSE,4,8,60,"pass_incomplete",TRUE,0,FALSE,TRUE,FALSE,FALSE,FALSE,FALSE,FALSE,FALSE,FALSE,FALSE,FALSE,FALSE,FALSE,FALSE,0,"PUNT",FALSE,FALSE,FALSE,FALSE,FALSE,FALSE,,,FALSE,,,"3rd and 8 at NEBRASKA40","Connor White pass incomplete to Jaheim Felder."
"20250906_dcg5",2025,"2025-09-06",1,"regular","Dakota St.","Nebraska Wesleyan",,,,60,9,7,2,1,,"05:24","07:57","05:24",,2124,2277,2124,"Nebraska Wesleyan","Dakota St.",0,20,-20,4,8,60,FALSE,1,10,67,"punt_with_return",TRUE,,FALSE,FALSE,FALSE,FALSE,FALSE,FALSE,FALSE,FALSE,FALSE,FALSE,FALSE,FALSE,TRUE,FALSE,0,"PUNT",FALSE,FALSE,FALSE,FALSE,FALSE,FALSE,,,FALSE,,,"4th and 8 at NEBRASKA40","R. Stortenbecke punt 31 yards to the DAKOTA S29, Jovi Wolf return 4 yards to the DAKOTA S33 (Jared Hodgson)."
"20250906_dcg5",2025,"2025-09-06",1,"regular","Dakota St.","Nebraska Wesleyan",,,,61,10,1,2,1,"05:24",,"05:24","05:24",2124,,2124,2124,"Dakota St.","Nebraska Wesleyan",20,0,20,1,10,67,FALSE,2,10,67,"pass_incomplete",TRUE,0,FALSE,TRUE,FALSE,FALSE,FALSE,FALSE,FALSE,FALSE,FALSE,FALSE,FALSE,FALSE,FALSE,FALSE,0,"PUNT",FALSE,TRUE,FALSE,FALSE,TRUE,FALSE,,,FALSE,,,"1st and 10 at DAKOTA S33","Raesean Eaton pass incomplete to Victor Boggs, J, dropped pass."
"20250906_dcg5",2025,"2025-09-06",1,"regular","Dakota St.","Nebraska Wesleyan",,,,62,10,2,2,1,,,"05:24","03:49",,,2124,2029,"Dakota St.","Nebraska Wesleyan",20,0,20,2,10,67,FALSE,3,9,66,"rush",TRUE,1,TRUE,FALSE,FALSE,FALSE,FALSE,FALSE,FALSE,FALSE,FALSE,FALSE,FALSE,FALSE,FALSE,FALSE,0,"PUNT",FALSE,FALSE,FALSE,FALSE,FALSE,FALSE,,,FALSE,,,"2nd and 10 at DAKOTA S33","Preston Iverson rush for 1 yard to the DAKOTA S34 (Carlos Porter; Jian Aguilar)."
"20250906_dcg5",2025,"2025-09-06",1,"regular","Dakota St.","Nebraska Wesleyan",,,,63,10,3,2,1,,,"05:24","03:49",,,2124,2029,"Dakota St.","Nebraska Wesleyan",20,0,20,3,9,66,FALSE,4,4,61,"rush",TRUE,5,TRUE,FALSE,FALSE,FALSE,FALSE,FALSE,FALSE,FALSE,FALSE,FALSE,FALSE,FALSE,FALSE,FALSE,0,"PUNT",FALSE,FALSE,FALSE,FALSE,FALSE,FALSE,,,FALSE,,,"3rd and 9 at DAKOTA S34","Raesean Eaton rush for 5 yards to the DAKOTA S39 (Dillon Moralez; Carlos Porter)."
"20250906_dcg5",2025,"2025-09-06",1,"regular","Dakota St.","Nebraska Wesleyan",,,,64,10,4,2,1,,"03:49","05:24","03:49",,2029,2124,2029,"Dakota St.","Nebraska Wesleyan",20,0,20,4,4,61,FALSE,1,10,72,"punt_no_return",TRUE,,FALSE,FALSE,FALSE,FALSE,FALSE,FALSE,FALSE,FALSE,FALSE,FALSE,FALSE,FALSE,TRUE,FALSE,0,"PUNT",FALSE,FALSE,FALSE,FALSE,FALSE,FALSE,,,FALSE,,,"4th and 4 at DAKOTA S39","Xander Sheehan punt 33 yards to the NEBRASKA28, fair catch by Jaheim Felder."
"20250906_dcg5",2025,"2025-09-06",1,"regular","Dakota St.","Nebraska Wesleyan",,,,65,11,1,2,1,"03:49",,"03:49","03:49",2029,,2029,2029,"Nebraska Wesleyan","Dakota St.",0,20,-20,1,10,72,FALSE,2,2,64,"pass_complete",TRUE,8,FALSE,TRUE,TRUE,FALSE,FALSE,FALSE,FALSE,FALSE,FALSE,FALSE,FALSE,FALSE,FALSE,FALSE,0,"PUNT",FALSE,TRUE,FALSE,FALSE,TRUE,FALSE,,,FALSE,,,"1st and 10 at NEBRASKA28","Connor White pass complete to Nathan Athouris for 8 yards to the NEBRASKA36 (Taron Serr; Kaden Van Otter)."
"20250906_dcg5",2025,"2025-09-06",1,"regular","Dakota St.","Nebraska Wesleyan",,,,66,11,2,2,1,,,"03:49","02:04",,,2029,1924,"Nebraska Wesleyan","Dakota St.",0,20,-20,2,2,64,FALSE,3,5,67,"pass_complete",TRUE,-3,FALSE,TRUE,TRUE,FALSE,FALSE,FALSE,FALSE,FALSE,FALSE,FALSE,FALSE,FALSE,FALSE,FALSE,0,"PUNT",FALSE,FALSE,FALSE,FALSE,FALSE,FALSE,,,FALSE,,,"2nd and 2 at NEBRASKA36","Connor White pass complete to Jaheim Felder for loss of 3 yards to the NEBRASKA33 (Michael Foster)."
"20250906_dcg5",2025,"2025-09-06",1,"regular","Dakota St.","Nebraska Wesleyan",,,,67,11,3,2,1,,,"03:49","02:04",,,2029,1924,"Nebraska Wesleyan","Dakota St.",0,20,-20,3,5,67,FALSE,4,5,67,"pass_incomplete",TRUE,0,FALSE,TRUE,FALSE,FALSE,FALSE,FALSE,FALSE,FALSE,FALSE,FALSE,FALSE,FALSE,FALSE,FALSE,0,"PUNT",FALSE,FALSE,FALSE,FALSE,FALSE,FALSE,,,FALSE,,,"3rd and 5 at NEBRASKA33","Connor White pass incomplete to Josh Phillips, QB hurry by Caleb Dwyer."
"20250906_dcg5",2025,"2025-09-06",1,"regular","Dakota St.","Nebraska Wesleyan",,,,68,11,4,2,1,,"02:04","03:49","02:04",,1924,2029,1924,"Nebraska Wesleyan","Dakota St.",0,20,-20,4,5,67,FALSE,1,10,51,"punt_with_return",TRUE,,FALSE,FALSE,FALSE,FALSE,FALSE,FALSE,FALSE,FALSE,FALSE,FALSE,FALSE,FALSE,TRUE,FALSE,0,"PUNT",FALSE,FALSE,FALSE,FALSE,FALSE,FALSE,,,FALSE,,,"4th and 5 at NEBRASKA33","Jace Winkler punt 30 yards to the DAKOTA S37, Jovi Wolf return 12 yards to the DAKOTA S49 (Jared Hodgson)."
"20250906_dcg5",2025,"2025-09-06",1,"regular","Dakota St.","Nebraska Wesleyan",,,,69,12,1,2,1,"02:04",,"02:04","02:04",1924,,1924,1924,"Dakota St.","Nebraska Wesleyan",20,0,20,1,10,51,FALSE,2,9,50,"rush",TRUE,1,TRUE,FALSE,FALSE,FALSE,FALSE,FALSE,FALSE,FALSE,FALSE,FALSE,FALSE,FALSE,FALSE,FALSE,0,"PUNT",FALSE,TRUE,FALSE,FALSE,TRUE,FALSE,,,FALSE,,,"1st and 10 at DAKOTA S49","Trajan Davis rush for 1 yard to the 50 yardline (Hunter Hanke)."
"20250906_dcg5",2025,"2025-09-06",1,"regular","Dakota St.","Nebraska Wesleyan",,,,70,12,2,2,1,,,"02:00","01:08",,,1920,1868,"Dakota St.","Nebraska Wesleyan",20,0,20,2,9,50,FALSE,3,9,50,"pass_incomplete",TRUE,0,FALSE,TRUE,FALSE,FALSE,FALSE,FALSE,FALSE,FALSE,FALSE,FALSE,FALSE,FALSE,FALSE,FALSE,0,"PUNT",FALSE,FALSE,FALSE,FALSE,FALSE,FALSE,,,FALSE,,,"2nd and 9 at DAKOTA S50","Raesean Eaton pass incomplete to Owen Heath (Hunter Hanke)."
"20250906_dcg5",2025,"2025-09-06",1,"regular","Dakota St.","Nebraska Wesleyan",,,,71,12,3,2,1,,,"02:00","01:08",,,1920,1868,"Dakota St.","Nebraska Wesleyan",20,0,20,3,9,50,FALSE,4,15,56,"sack",TRUE,-6,FALSE,FALSE,FALSE,TRUE,FALSE,FALSE,FALSE,FALSE,FALSE,FALSE,FALSE,FALSE,FALSE,FALSE,0,"PUNT",FALSE,FALSE,FALSE,FALSE,FALSE,FALSE,,,FALSE,,,"3rd and 9 at DAKOTA S50","Raesean Eaton sacked for loss of 6 yards to the DAKOTA S44 (Carlos Porter)."
"20250906_dcg5",2025,"2025-09-06",1,"regular","Dakota St.","Nebraska Wesleyan",,,,72,12,4,2,1,,"01:08","02:00","01:08",,1868,1920,1868,"Dakota St.","Nebraska Wesleyan",20,0,20,4,15,56,FALSE,1,10,84,"punt_no_return",TRUE,,FALSE,FALSE,FALSE,FALSE,FALSE,FALSE,FALSE,FALSE,FALSE,FALSE,FALSE,FALSE,TRUE,FALSE,0,"PUNT",FALSE,FALSE,FALSE,FALSE,FALSE,FALSE,,,FALSE,,,"4th and 15 at DAKOTA S44","Xander Sheehan punt 40 yards to the NEBRASKA16, fair catch by Maleik Bradford."
"20250906_dcg5",2025,"2025-09-06",1,"regular","Dakota St.","Nebraska Wesleyan",,,,73,13,1,2,1,"01:08",,"01:08","01:08",1868,,1868,1868,"Nebraska Wesleyan","Dakota St.",0,20,-20,1,10,84,FALSE,1,10,74,"pass_complete",TRUE,10,FALSE,TRUE,TRUE,FALSE,FALSE,FALSE,FALSE,FALSE,FALSE,FALSE,FALSE,FALSE,FALSE,FALSE,0,"END OF HALF",FALSE,TRUE,FALSE,FALSE,TRUE,FALSE,,,FALSE,,,"1st and 10 at NEBRASKA16","Connor White pass complete to Trystin Myers for 10 yards to the NEBRASKA26 (Gabriel Chambli)."
"20250906_dcg5",2025,"2025-09-06",1,"regular","Dakota St.","Nebraska Wesleyan",,,,74,13,2,2,1,,,"00:59","00:56",,,1859,1856,"Nebraska Wesleyan","Dakota St.",0,20,-20,1,10,74,FALSE,2,10,74,"pass_incomplete",TRUE,0,FALSE,TRUE,FALSE,FALSE,FALSE,FALSE,FALSE,FALSE,FALSE,FALSE,FALSE,FALSE,FALSE,FALSE,0,"END OF HALF",FALSE,FALSE,TRUE,FALSE,TRUE,FALSE,,,FALSE,,,"1st and 10 at NEBRASKA26","Connor White pass incomplete to Joey McLaughlin."
"20250906_dcg5",2025,"2025-09-06",1,"regular","Dakota St.","Nebraska Wesleyan",,,,75,13,3,2,1,,,"00:56","00:29",,,1856,1829,"Nebraska Wesleyan","Dakota St.",0,20,-20,2,10,74,FALSE,3,3,67,"rush",TRUE,7,TRUE,FALSE,FALSE,FALSE,FALSE,FALSE,FALSE,FALSE,FALSE,FALSE,FALSE,FALSE,FALSE,FALSE,0,"END OF HALF",FALSE,FALSE,FALSE,FALSE,FALSE,FALSE,,,FALSE,,,"2nd and 10 at NEBRASKA26","Trystin Myers rush for 7 yards to the NEBRASKA33 (Kacey Cauley; Taron Serr)."
"20250906_dcg5",2025,"2025-09-06",1,"regular","Dakota St.","Nebraska Wesleyan",,,,76,13,4,2,1,,,"00:56","00:29",,,1856,1829,"Nebraska Wesleyan","Dakota St.",0,20,-20,3,3,67,FALSE,1,10,53,"pass_complete",TRUE,14,FALSE,TRUE,TRUE,FALSE,FALSE,FALSE,FALSE,FALSE,FALSE,FALSE,FALSE,FALSE,FALSE,FALSE,0,"END OF HALF",FALSE,FALSE,FALSE,FALSE,FALSE,FALSE,,,FALSE,,,"3rd and 3 at NEBRASKA33","Connor White pass complete to Ka'Derian Ivey for 14 yards to the NEBRASKA47 (Josiah Perez)."
"20250906_dcg5",2025,"2025-09-06",1,"regular","Dakota St.","Nebraska Wesleyan",,,,77,13,5,2,1,,,"00:29","00:00",,,1829,1800,"Nebraska Wesleyan","Dakota St.",0,20,-20,1,10,53,FALSE,2,7,50,"pass_complete",TRUE,3,FALSE,TRUE,TRUE,FALSE,FALSE,FALSE,FALSE,FALSE,FALSE,FALSE,FALSE,FALSE,FALSE,FALSE,0,"END OF HALF",FALSE,FALSE,TRUE,FALSE,TRUE,FALSE,,,FALSE,,,"1st and 10 at NEBRASKA47","Connor White pass complete to Ka'Derian Ivey for 3 yards to the 50 yardline (Trevon Johnson)."
"20250906_dcg5",2025,"2025-09-06",1,"regular","Dakota St.","Nebraska Wesleyan",,,,78,13,6,2,1,,,"00:29","00:00",,,1829,1800,"Nebraska Wesleyan","Dakota St.",0,20,-20,2,7,50,FALSE,3,7,50,"pass_incomplete",TRUE,0,FALSE,TRUE,FALSE,FALSE,FALSE,FALSE,FALSE,FALSE,FALSE,FALSE,FALSE,FALSE,FALSE,FALSE,0,"END OF HALF",FALSE,FALSE,FALSE,FALSE,FALSE,FALSE,,,FALSE,,,"2nd and 7 at NEBRASKA50","Connor White pass incomplete to Jian Aguilar, dropped pass."
"20250906_dcg5",2025,"2025-09-06",1,"regular","Dakota St.","Nebraska Wesleyan",,,,79,13,7,2,1,,,"00:29","00:00",,,1829,1800,"Nebraska Wesleyan","Dakota St.",0,20,-20,3,7,50,FALSE,4,7,50,"pass_incomplete",TRUE,0,FALSE,TRUE,FALSE,FALSE,FALSE,FALSE,FALSE,FALSE,FALSE,FALSE,FALSE,FALSE,FALSE,FALSE,0,"END OF HALF",FALSE,FALSE,FALSE,FALSE,FALSE,FALSE,,,FALSE,,,"3rd and 7 at NEBRASKA50","Connor White pass incomplete to Corbin Horner (Taron Serr)."
"20250906_dcg5",2025,"2025-09-06",1,"regular","Dakota St.","Nebraska Wesleyan",,,,80,13,8,2,1,,,"00:29","00:00",,,1829,1800,"Nebraska Wesleyan","Dakota St.",0,20,-20,4,7,50,FALSE,1,10,29,"pass_complete",TRUE,21,FALSE,TRUE,TRUE,FALSE,FALSE,FALSE,FALSE,FALSE,FALSE,FALSE,FALSE,FALSE,FALSE,FALSE,0,"END OF HALF",FALSE,FALSE,FALSE,FALSE,FALSE,FALSE,,,FALSE,,,"4th and 7 at NEBRASKA50","Connor White pass complete to Corbin Horner for 21 yards to the DAKOTA S29 (Gabriel Chambli; Oscar Kooistra)."
"20250906_dcg5",2025,"2025-09-06",1,"regular","Dakota St.","Nebraska Wesleyan",,,,81,13,9,2,1,,,"00:29","00:00",,,1829,1800,"Nebraska Wesleyan","Dakota St.",0,20,-20,1,10,29,FALSE,2,10,29,"pass_incomplete",TRUE,0,FALSE,TRUE,FALSE,FALSE,FALSE,FALSE,FALSE,FALSE,FALSE,FALSE,FALSE,FALSE,FALSE,FALSE,0,"END OF HALF",FALSE,FALSE,TRUE,FALSE,TRUE,FALSE,,,FALSE,,,"1st and 10 at DAKOTA S29","Connor White pass incomplete."
"20250906_dcg5",2025,"2025-09-06",1,"regular","Dakota St.","Nebraska Wesleyan",,,,82,13,10,2,1,,,"00:29","00:00",,,1829,1800,"Nebraska Wesleyan","Dakota St.",0,20,-20,2,10,29,FALSE,,,,"rush",TRUE,-11,TRUE,FALSE,FALSE,FALSE,FALSE,FALSE,FALSE,FALSE,FALSE,FALSE,FALSE,FALSE,FALSE,FALSE,0,"END OF HALF",FALSE,FALSE,FALSE,FALSE,FALSE,FALSE,,,FALSE,,,"2nd and 10 at DAKOTA S29","R. Stortenbecke rush for loss of 11 yards to the DAKOTA S40 (Kaden Eng; Josiah Perez)."
"20250906_dcg5",2025,"2025-09-06",1,"regular","Dakota St.","Nebraska Wesleyan",,,,83,14,1,3,2,"15:00","15:00","15:00","15:00",1800,1800,1800,1800,"Nebraska Wesleyan","Dakota St.",0,20,-20,,,,,1,10,75,"kickoff",FALSE,,FALSE,FALSE,FALSE,FALSE,FALSE,FALSE,FALSE,FALSE,FALSE,FALSE,FALSE,FALSE,FALSE,FALSE,0,"PUNT",FALSE,FALSE,FALSE,FALSE,FALSE,FALSE,,,FALSE,,,"","Adrian Villanue kickoff 65 yards to the NEBRASKA00, touchback."
"20250906_dcg5",2025,"2025-09-06",1,"regular","Dakota St.","Nebraska Wesleyan",,,,84,14,2,3,2,"15:00",,"15:00","15:00",1800,,1800,1800,"Nebraska Wesleyan","Dakota St.",0,20,-20,1,10,75,FALSE,2,6,71,"rush",TRUE,4,TRUE,FALSE,FALSE,FALSE,FALSE,FALSE,FALSE,FALSE,FALSE,FALSE,FALSE,FALSE,FALSE,FALSE,0,"PUNT",TRUE,FALSE,FALSE,FALSE,TRUE,FALSE,,,FALSE,,,"1st and 10 at NEBRASKA25","Trystin Myers rush for 4 yards to the NEBRASKA29 (Jordan Cooper)."
"20250906_dcg5",2025,"2025-09-06",1,"regular","Dakota St.","Nebraska Wesleyan",,,,85,14,3,3,2,,,"15:00","12:52",,,1800,1672,"Nebraska Wesleyan","Dakota St.",0,20,-20,2,6,71,FALSE,3,4,69,"rush",TRUE,2,TRUE,FALSE,FALSE,FALSE,FALSE,FALSE,FALSE,FALSE,FALSE,FALSE,FALSE,FALSE,FALSE,FALSE,0,"PUNT",FALSE,FALSE,FALSE,FALSE,FALSE,FALSE,,,FALSE,,,"2nd and 6 at NEBRASKA29","Trystin Myers rush for 2 yards to the NEBRASKA31 (Kaden Eng)."
"20250906_dcg5",2025,"2025-09-06",1,"regular","Dakota St.","Nebraska Wesleyan",,,,86,14,4,3,2,,,"15:00","12:52",,,1800,1672,"Nebraska Wesleyan","Dakota St.",0,20,-20,3,4,69,FALSE,4,8,73,"pass_complete",TRUE,-4,FALSE,TRUE,TRUE,FALSE,FALSE,FALSE,FALSE,FALSE,FALSE,FALSE,FALSE,FALSE,FALSE,FALSE,0,"PUNT",FALSE,FALSE,FALSE,FALSE,FALSE,FALSE,,,FALSE,,,"3rd and 4 at NEBRASKA31","Connor White pass complete to Trystin Myers for loss of 4 yards to the NEBRASKA27 (Gabriel Chambli)."
"20250906_dcg5",2025,"2025-09-06",1,"regular","Dakota St.","Nebraska Wesleyan",,,,87,14,5,3,2,,"12:52","15:00","12:52",,1672,1800,1672,"Nebraska Wesleyan","Dakota St.",0,20,-20,4,8,73,FALSE,1,10,60,"punt_no_return",TRUE,,FALSE,FALSE,FALSE,FALSE,FALSE,FALSE,FALSE,FALSE,FALSE,FALSE,FALSE,FALSE,TRUE,FALSE,0,"PUNT",FALSE,FALSE,FALSE,FALSE,FALSE,FALSE,,,FALSE,,,"4th and 8 at NEBRASKA27","R. Stortenbecke punt 33 yards to the DAKOTA S40, fair catch by Jovi Wolf."
"20250906_dcg5",2025,"2025-09-06",1,"regular","Dakota St.","Nebraska Wesleyan",,,,88,15,1,3,2,"12:52",,"12:52","12:52",1672,,1672,1672,"Dakota St.","Nebraska Wesleyan",20,0,20,1,10,60,FALSE,2,7,57,"rush",TRUE,3,TRUE,FALSE,FALSE,FALSE,FALSE,FALSE,FALSE,FALSE,FALSE,FALSE,FALSE,FALSE,FALSE,FALSE,0,"TD",FALSE,TRUE,FALSE,FALSE,TRUE,FALSE,,,FALSE,,,"1st and 10 at DAKOTA S40","Trajan Davis rush for 3 yards to the DAKOTA S43 (Dillon Moralez)."
"20250906_dcg5",2025,"2025-09-06",1,"regular","Dakota St.","Nebraska Wesleyan",,,,89,15,2,3,2,,,"12:52","08:11",,,1672,1391,"Dakota St.","Nebraska Wesleyan",20,0,20,2,7,57,FALSE,3,4,54,"rush",TRUE,3,TRUE,FALSE,FALSE,FALSE,FALSE,FALSE,FALSE,FALSE,FALSE,FALSE,FALSE,FALSE,FALSE,FALSE,0,"TD",FALSE,FALSE,FALSE,FALSE,FALSE,FALSE,,,FALSE,,,"2nd and 7 at DAKOTA S43","Trajan Davis rush for 3 yards to the DAKOTA S46 (Julius German)."
"20250906_dcg5",2025,"2025-09-06",1,"regular","Dakota St.","Nebraska Wesleyan",,,,90,15,3,3,2,,,"12:52","08:11",,,1672,1391,"Dakota St.","Nebraska Wesleyan",20,0,20,3,4,54,FALSE,1,10,45,"pass_complete",TRUE,9,FALSE,TRUE,TRUE,FALSE,FALSE,FALSE,FALSE,FALSE,FALSE,FALSE,FALSE,FALSE,FALSE,FALSE,0,"TD",FALSE,FALSE,FALSE,FALSE,FALSE,FALSE,,,FALSE,,,"3rd and 4 at DAKOTA S46","Raesean Eaton pass complete to Victor Boggs, J for 9 yards to the NEBRASKA45 (Terrell Davis)."
"20250906_dcg5",2025,"2025-09-06",1,"regular","Dakota St.","Nebraska Wesleyan",,,,91,15,4,3,2,,,"12:52","08:11",,,1672,1391,"Dakota St.","Nebraska Wesleyan",20,0,20,1,10,45,FALSE,1,10,34,"rush",TRUE,11,TRUE,FALSE,FALSE,FALSE,FALSE,FALSE,FALSE,FALSE,FALSE,FALSE,FALSE,FALSE,FALSE,FALSE,0,"TD",FALSE,FALSE,TRUE,FALSE,TRUE,FALSE,,,FALSE,,,"1st and 10 at NEBRASKA45","Preston Iverson rush for 11 yards to the NEBRASKA34 (Carlos Porter)."
"20250906_dcg5",2025,"2025-09-06",1,"regular","Dakota St.","Nebraska Wesleyan",,,,92,15,5,3,2,,,"12:52","08:11",,,1672,1391,"Dakota St.","Nebraska Wesleyan",20,0,20,1,10,34,FALSE,2,9,33,"rush",TRUE,1,TRUE,FALSE,FALSE,FALSE,FALSE,FALSE,FALSE,FALSE,FALSE,FALSE,FALSE,FALSE,FALSE,FALSE,0,"TD",FALSE,FALSE,TRUE,FALSE,TRUE,FALSE,,,FALSE,,,"1st and 10 at NEBRASKA34","Raesean Eaton rush for 1 yard to the NEBRASKA33 (Hunter Hanke)."
"20250906_dcg5",2025,"2025-09-06",1,"regular","Dakota St.","Nebraska Wesleyan",,,,93,15,6,3,2,,,"12:52","08:11",,,1672,1391,"Dakota St.","Nebraska Wesleyan",20,0,20,2,9,33,FALSE,3,9,33,"pass_incomplete",TRUE,0,FALSE,TRUE,FALSE,FALSE,FALSE,FALSE,FALSE,FALSE,FALSE,FALSE,FALSE,FALSE,FALSE,FALSE,0,"TD",FALSE,FALSE,FALSE,FALSE,FALSE,FALSE,,,FALSE,,,"2nd and 9 at NEBRASKA33","Raesean Eaton pass incomplete to Trajan Davis."
"20250906_dcg5",2025,"2025-09-06",1,"regular","Dakota St.","Nebraska Wesleyan",,,,94,15,7,3,2,,,"12:52","08:11",,,1672,1391,"Dakota St.","Nebraska Wesleyan",20,0,20,3,9,33,FALSE,4,2,26,"pass_complete",TRUE,7,FALSE,TRUE,TRUE,FALSE,FALSE,FALSE,FALSE,FALSE,FALSE,FALSE,FALSE,FALSE,FALSE,FALSE,0,"TD",FALSE,FALSE,FALSE,FALSE,FALSE,FALSE,,,FALSE,,,"3rd and 9 at NEBRASKA33","Raesean Eaton pass complete to Preston Iverson for 7 yards to the NEBRASKA26 (Julius German; Laurent Gozo)."
"20250906_dcg5",2025,"2025-09-06",1,"regular","Dakota St.","Nebraska Wesleyan",,,,95,15,8,3,2,,,"12:52","08:11",,,1672,1391,"Dakota St.","Nebraska Wesleyan",20,0,20,4,2,26,FALSE,1,6,6,"rush",TRUE,20,TRUE,FALSE,FALSE,FALSE,FALSE,FALSE,FALSE,FALSE,FALSE,FALSE,FALSE,FALSE,FALSE,FALSE,0,"TD",FALSE,FALSE,FALSE,FALSE,FALSE,FALSE,,,FALSE,,,"4th and 2 at NEBRASKA26","Raesean Eaton rush for 20 yards to the NEBRASKA06 (Jian Aguilar)."
"20250906_dcg5",2025,"2025-09-06",1,"regular","Dakota St.","Nebraska Wesleyan",,,,96,15,9,3,2,,"08:11","12:52","08:11",,1391,1672,1391,"Dakota St.","Nebraska Wesleyan",20,0,20,1,6,6,TRUE,,,,"pass_complete",TRUE,6,FALSE,TRUE,TRUE,FALSE,FALSE,FALSE,FALSE,FALSE,TRUE,FALSE,FALSE,FALSE,FALSE,TRUE,6,"TD",FALSE,FALSE,TRUE,FALSE,TRUE,FALSE,,,FALSE,,,"1st and Goal at NEBRASKA06","Raesean Eaton pass complete to Maddox Kihne for 6 yards to the NEBRASKA00, TOUCHDOWN, clock 08:11."
"20250906_dcg5",2025,"2025-09-06",1,"regular","Dakota St.","Nebraska Wesleyan",,,,97,15,10,3,2,"08:11",,"08:11","08:11",1391,,1391,1391,"Dakota St.","Nebraska Wesleyan",26,0,26,,,,,,,,"extra_point",FALSE,,FALSE,FALSE,FALSE,FALSE,FALSE,FALSE,FALSE,FALSE,FALSE,FALSE,FALSE,FALSE,FALSE,TRUE,1,"TD",FALSE,FALSE,FALSE,FALSE,FALSE,FALSE,,,FALSE,,,"","Adrian Villanue kick attempt good."
"20250906_dcg5",2025,"2025-09-06",1,"regular","Dakota St.","Nebraska Wesleyan",,,,98,15,11,3,2,"08:11",,"08:11","08:11",1391,,1391,1391,"Dakota St.","Nebraska Wesleyan",27,0,27,1,10,65,FALSE,,,,"penalty_no_play",TRUE,,FALSE,FALSE,FALSE,FALSE,FALSE,FALSE,FALSE,FALSE,FALSE,FALSE,FALSE,FALSE,FALSE,FALSE,0,"TD",FALSE,FALSE,FALSE,FALSE,FALSE,TRUE,15,"Nebraska Wesleyan",TRUE,FALSE,"PENALTY NEBRASKA roughing the kicker (Cam McCoy) 15 yards to the 50 yardline.","1st and 10 at DAKOTA S35","PENALTY NEBRASKA roughing the kicker (Cam McCoy) 15 yards to the 50 yardline."
"20250906_dcg5",2025,"2025-09-06",1,"regular","Dakota St.","Nebraska Wesleyan",,,,99,16,1,3,2,"08:11","08:02","08:11","08:11",1391,1382,1391,1391,"Nebraska Wesleyan","Dakota St.",0,27,-27,,,,,1,10,89,"kickoff",FALSE,,FALSE,FALSE,FALSE,FALSE,FALSE,FALSE,FALSE,FALSE,FALSE,FALSE,FALSE,FALSE,FALSE,FALSE,0,"PUNT",FALSE,FALSE,FALSE,FALSE,FALSE,TRUE,-11,"Nebraska Wesleyan",FALSE,FALSE,"PENALTY NEBRASKA blind side block 11 yards to the NEBRASKA11.","","Adrian Villanue kickoff 35 yards to the NEBRASKA15, Darrius Paige return 7 yards to the NEBRASKA22 (Cole Paulson), PENALTY NEBRASKA blind side block 11 yards to the NEBRASKA11."
"20250906_dcg5",2025,"2025-09-06",1,"regular","Dakota St.","Nebraska Wesleyan",,,,100,16,2,3,2,"08:02",,"08:02","08:02",1382,,1382,1382,"Nebraska Wesleyan","Dakota St.",0,27,-27,1,10,89,FALSE,1,10,75,"rush",TRUE,14,TRUE,FALSE,FALSE,FALSE,FALSE,FALSE,FALSE,FALSE,FALSE,FALSE,FALSE,FALSE,FALSE,FALSE,0,"PUNT",TRUE,FALSE,FALSE,FALSE,TRUE,FALSE,,,FALSE,,,"1st and 10 at NEBRASKA11","Trystin Myers rush for 14 yards to the NEBRASKA25 (Kaden Van Otter)."
"20250906_dcg5",2025,"2025-09-06",1,"regular","Dakota St.","Nebraska Wesleyan",,,,101,16,3,3,2,,,"08:02","05:24",,,1382,1224,"Nebraska Wesleyan","Dakota St.",0,27,-27,1,10,75,FALSE,2,12,77,"rush",TRUE,-2,TRUE,FALSE,FALSE,FALSE,FALSE,FALSE,FALSE,FALSE,FALSE,FALSE,FALSE,FALSE,FALSE,FALSE,0,"PUNT",FALSE,FALSE,TRUE,FALSE,TRUE,FALSE,,,FALSE,,,"1st and 10 at NEBRASKA25","Trystin Myers rush for loss of 2 yards to the NEBRASKA23 (Jack Hemmen)."
"20250906_dcg5",2025,"2025-09-06",1,"regular","Dakota St.","Nebraska Wesleyan",,,,102,16,4,3,2,,,"08:02","05:24",,,1382,1224,"Nebraska Wesleyan","Dakota St.",0,27,-27,2,12,77,FALSE,3,6,71,"pass_complete",TRUE,6,FALSE,TRUE,TRUE,FALSE,FALSE,FALSE,FALSE,FALSE,FALSE,FALSE,FALSE,FALSE,FALSE,FALSE,0,"PUNT",FALSE,FALSE,FALSE,FALSE,FALSE,FALSE,,,FALSE,,,"2nd and 12 at NEBRASKA23","Connor White pass complete to Jaheim Felder for 6 yards to the NEBRASKA29 (Trevon Johnson; Gabriel Chambli)."
"20250906_dcg5",2025,"2025-09-06",1,"regular","Dakota St.","Nebraska Wesleyan",,,,103,16,5,3,2,,,"08:02","05:24",,,1382,1224,"Nebraska Wesleyan","Dakota St.",0,27,-27,3,6,71,FALSE,4,2,67,"pass_complete",TRUE,4,FALSE,TRUE,TRUE,FALSE,FALSE,FALSE,FALSE,FALSE,FALSE,FALSE,FALSE,FALSE,FALSE,FALSE,0,"PUNT",FALSE,FALSE,FALSE,FALSE,FALSE,FALSE,,,FALSE,,,"3rd and 6 at NEBRASKA29","Connor White pass complete to Trystin Myers for 4 yards to the NEBRASKA33, out-of-bounds."
"20250906_dcg5",2025,"2025-09-06",1,"regular","Dakota St.","Nebraska Wesleyan",,,,104,16,6,3,2,,"05:24","08:02","05:24",,1224,1382,1224,"Nebraska Wesleyan","Dakota St.",0,27,-27,4,2,67,FALSE,1,10,69,"punt_no_return",TRUE,,FALSE,FALSE,FALSE,FALSE,FALSE,FALSE,FALSE,FALSE,FALSE,FALSE,FALSE,FALSE,TRUE,FALSE,0,"PUNT",FALSE,FALSE,FALSE,FALSE,FALSE,FALSE,,,FALSE,,,"4th and 2 at NEBRASKA33","Jace Winkler punt 36 yards to the DAKOTA S31, fair catch by Jovi Wolf."
"20250906_dcg5",2025,"2025-09-06",1,"regular","Dakota St.","Nebraska Wesleyan",,,,105,17,1,3,2,"05:24",,"05:24","05:24",1224,,1224,1224,"Dakota St.","Nebraska Wesleyan",27,0,27,1,10,69,FALSE,2,9,68,"rush",TRUE,1,TRUE,FALSE,FALSE,FALSE,FALSE,FALSE,FALSE,FALSE,FALSE,FALSE,FALSE,FALSE,FALSE,FALSE,0,"PUNT",FALSE,TRUE,FALSE,FALSE,TRUE,FALSE,,,FALSE,,,"1st and 10 at DAKOTA S31","Raesean Eaton rush for 1 yard to the DAKOTA S32 (Chevalier Curry; Hunter Hanke)."
"20250906_dcg5",2025,"2025-09-06",1,"regular","Dakota St.","Nebraska Wesleyan",,,,106,17,2,3,2,,,"05:24","01:45",,,1224,1005,"Dakota St.","Nebraska Wesleyan",27,0,27,2,9,68,FALSE,3,1,60,"rush",TRUE,8,TRUE,FALSE,FALSE,FALSE,FALSE,FALSE,FALSE,FALSE,FALSE,FALSE,FALSE,FALSE,FALSE,FALSE,0,"PUNT",FALSE,FALSE,FALSE,FALSE,FALSE,FALSE,,,FALSE,,,"2nd and 9 at DAKOTA S32","Darius Jay rush for 8 yards to the DAKOTA S40 (Hunter Hanke)."
"20250906_dcg5",2025,"2025-09-06",1,"regular","Dakota St.","Nebraska Wesleyan",,,,107,17,3,3,2,,,"05:24","01:45",,,1224,1005,"Dakota St.","Nebraska Wesleyan",27,0,27,3,1,60,FALSE,1,10,58,"rush",TRUE,2,TRUE,FALSE,FALSE,FALSE,FALSE,FALSE,FALSE,FALSE,FALSE,FALSE,FALSE,FALSE,FALSE,FALSE,0,"PUNT",FALSE,FALSE,FALSE,FALSE,FALSE,FALSE,,,FALSE,,,"3rd and 1 at DAKOTA S40","Darius Jay rush for 2 yards to the DAKOTA S42 (Maleik Bradford)."
"20250906_dcg5",2025,"2025-09-06",1,"regular","Dakota St.","Nebraska Wesleyan",,,,108,17,4,3,2,,,"05:24","01:45",,,1224,1005,"Dakota St.","Nebraska Wesleyan",27,0,27,1,10,58,FALSE,2,8,56,"pass_complete",TRUE,2,FALSE,TRUE,TRUE,FALSE,FALSE,FALSE,FALSE,FALSE,FALSE,FALSE,FALSE,FALSE,FALSE,FALSE,0,"PUNT",FALSE,FALSE,TRUE,FALSE,TRUE,FALSE,,,FALSE,,,"1st and 10 at DAKOTA S42","Raesean Eaton pass complete to Victor Boggs, J for 2 yards to the DAKOTA S44 (A. Martinez; Caiden Rose)."
"20250906_dcg5",2025,"2025-09-06",1,"regular","Dakota St.","Nebraska Wesleyan",,,,109,17,5,3,2,,,"05:24","01:45",,,1224,1005,"Dakota St.","Nebraska Wesleyan",27,0,27,2,8,56,FALSE,3,8,56,"pass_incomplete",TRUE,0,FALSE,TRUE,FALSE,FALSE,FALSE,FALSE,FALSE,FALSE,FALSE,FALSE,FALSE,FALSE,FALSE,FALSE,0,"PUNT",FALSE,FALSE,FALSE,FALSE,FALSE,FALSE,,,FALSE,,,"2nd and 8 at DAKOTA S44","Raesean Eaton pass incomplete to Melek Ford (Darrius Paige)."
"20250906_dcg5",2025,"2025-09-06",1,"regular","Dakota St.","Nebraska Wesleyan",,,,110,17,6,3,2,,,"05:24","01:45",,,1224,1005,"Dakota St.","Nebraska Wesleyan",27,0,27,3,8,56,FALSE,4,3,51,"pass_complete",TRUE,5,FALSE,TRUE,TRUE,FALSE,FALSE,FALSE,FALSE,FALSE,FALSE,FALSE,FALSE,FALSE,FALSE,FALSE,0,"PUNT",FALSE,FALSE,FALSE,FALSE,FALSE,FALSE,,,FALSE,,,"3rd and 8 at DAKOTA S44","Raesean Eaton pass complete to Darius Jay for 5 yards to the DAKOTA S49 (Jian Aguilar; Hunter Hanke)."
"20250906_dcg5",2025,"2025-09-06",1,"regular","Dakota St.","Nebraska Wesleyan",,,,111,17,7,3,2,,"01:45","05:24","01:45",,1005,1224,1005,"Dakota St.","Nebraska Wesleyan",27,0,27,4,3,51,FALSE,1,10,88,"punt_no_return",TRUE,,FALSE,FALSE,FALSE,FALSE,FALSE,FALSE,FALSE,FALSE,FALSE,FALSE,FALSE,FALSE,TRUE,FALSE,0,"PUNT",FALSE,FALSE,FALSE,FALSE,FALSE,FALSE,,,FALSE,,,"4th and 3 at DAKOTA S49","Xander Sheehan punt 39 yards to the NEBRASKA12, fair catch by Maleik Bradford."
"20250906_dcg5",2025,"2025-09-06",1,"regular","Dakota St.","Nebraska Wesleyan",,,,112,18,1,3,2,"01:45",,"01:45","01:45",1005,,1005,1005,"Nebraska Wesleyan","Dakota St.",0,27,-27,1,10,88,FALSE,2,10,88,"rush",TRUE,0,TRUE,FALSE,FALSE,FALSE,FALSE,FALSE,FALSE,FALSE,FALSE,FALSE,FALSE,FALSE,FALSE,FALSE,0,"PUNT",FALSE,TRUE,FALSE,FALSE,TRUE,FALSE,,,FALSE,,,"1st and 10 at NEBRASKA12","Nathan Athouris rush for no gain to the NEBRASKA12 (Tamareon Foster)."
"20250906_dcg5",2025,"2025-09-06",1,"regular","Dakota St.","Nebraska Wesleyan",,,,113,18,2,3,2,,,"01:45","00:00",,,1005,900,"Nebraska Wesleyan","Dakota St.",0,27,-27,2,10,88,FALSE,1,10,74,"pass_complete",TRUE,14,FALSE,TRUE,TRUE,FALSE,FALSE,FALSE,FALSE,FALSE,FALSE,FALSE,FALSE,FALSE,FALSE,FALSE,0,"PUNT",FALSE,FALSE,FALSE,FALSE,FALSE,FALSE,,,FALSE,,,"2nd and 10 at NEBRASKA12","Connor White pass complete to Connor Smith for 14 yards to the NEBRASKA26 (Tamareon Foster)."
"20250906_dcg5",2025,"2025-09-06",1,"regular","Dakota St.","Nebraska Wesleyan",,,,114,18,3,3,2,,,"01:45","00:00",,,1005,900,"Nebraska Wesleyan","Dakota St.",0,27,-27,1,10,74,FALSE,2,9,73,"rush",TRUE,1,TRUE,FALSE,FALSE,FALSE,FALSE,FALSE,FALSE,FALSE,FALSE,FALSE,FALSE,FALSE,FALSE,FALSE,0,"PUNT",FALSE,FALSE,TRUE,FALSE,TRUE,FALSE,,,FALSE,,,"1st and 10 at NEBRASKA26","Nathan Athouris rush for 1 yard to the NEBRASKA27 (Kacey Cauley; Taron Serr)."
"20250906_dcg5",2025,"2025-09-06",1,"regular","Dakota St.","Nebraska Wesleyan",,,,115,18,4,4,2,"15:00",,"15:00","15:00",900,,900,900,"Nebraska Wesleyan","Dakota St.",0,27,-27,2,9,73,FALSE,3,12,76,"pass_complete",TRUE,-3,FALSE,TRUE,TRUE,FALSE,FALSE,FALSE,FALSE,FALSE,FALSE,FALSE,FALSE,FALSE,FALSE,FALSE,0,"PUNT",FALSE,FALSE,FALSE,FALSE,FALSE,FALSE,,,FALSE,,,"2nd and 9 at NEBRASKA27","Connor White pass complete to Nathan Athouris for loss of 3 yards to the NEBRASKA24 (Michael Foster; Tamareon Foster)."
"20250906_dcg5",2025,"2025-09-06",1,"regular","Dakota St.","Nebraska Wesleyan",,,,116,18,5,4,2,,,"15:00","13:28",,,900,808,"Nebraska Wesleyan","Dakota St.",0,27,-27,3,12,76,FALSE,4,7,71,"pass_complete",TRUE,5,FALSE,TRUE,TRUE,FALSE,FALSE,FALSE,FALSE,FALSE,FALSE,FALSE,FALSE,FALSE,FALSE,FALSE,0,"PUNT",FALSE,FALSE,FALSE,FALSE,FALSE,FALSE,,,FALSE,,,"3rd and 12 at NEBRASKA24","Connor White pass complete to Josh Phillips for 5 yards to the NEBRASKA29 (Taron Serr; Cole Paulson)."
"20250906_dcg5",2025,"2025-09-06",1,"regular","Dakota St.","Nebraska Wesleyan",,,,117,18,6,4,2,,"13:28","15:00","13:28",,808,900,808,"Nebraska Wesleyan","Dakota St.",0,27,-27,4,7,71,FALSE,1,10,55,"punt_no_return",TRUE,,FALSE,FALSE,FALSE,FALSE,FALSE,FALSE,FALSE,FALSE,FALSE,FALSE,FALSE,FALSE,TRUE,FALSE,0,"PUNT",FALSE,FALSE,FALSE,FALSE,FALSE,FALSE,,,FALSE,,,"4th and 7 at NEBRASKA29","R. Stortenbecke punt 26 yards to the DAKOTA S45, fair catch by Jovi Wolf."
"20250906_dcg5",2025,"2025-09-06",1,"regular","Dakota St.","Nebraska Wesleyan",,,,118,19,1,4,2,"13:28",,"13:28","13:28",808,,808,808,"Dakota St.","Nebraska Wesleyan",27,0,27,1,10,55,FALSE,2,6,51,"rush",TRUE,4,TRUE,FALSE,FALSE,FALSE,FALSE,FALSE,FALSE,FALSE,FALSE,FALSE,FALSE,FALSE,FALSE,FALSE,0,"FG",FALSE,TRUE,FALSE,FALSE,TRUE,FALSE,,,FALSE,,,"1st and 10 at DAKOTA S45","Samuel Livingst rush for 4 yards to the DAKOTA S49 (Chevalier Curry)."
"20250906_dcg5",2025,"2025-09-06",1,"regular","Dakota St.","Nebraska Wesleyan",,,,119,19,2,4,2,,,"13:28","08:35",,,808,515,"Dakota St.","Nebraska Wesleyan",27,0,27,2,6,51,FALSE,3,2,47,"rush",TRUE,4,TRUE,FALSE,FALSE,FALSE,FALSE,FALSE,FALSE,FALSE,FALSE,FALSE,FALSE,FALSE,FALSE,FALSE,0,"FG",FALSE,FALSE,FALSE,FALSE,FALSE,FALSE,,,FALSE,,,"2nd and 6 at DAKOTA S49","Samuel Livingst rush for 4 yards to the NEBRASKA47 (Chevalier Curry)."
"20250906_dcg5",2025,"2025-09-06",1,"regular","Dakota St.","Nebraska Wesleyan",,,,120,19,3,4,2,,,"13:28","08:35",,,808,515,"Dakota St.","Nebraska Wesleyan",27,0,27,3,2,47,FALSE,1,10,45,"rush",TRUE,2,TRUE,FALSE,FALSE,FALSE,FALSE,FALSE,FALSE,FALSE,FALSE,FALSE,FALSE,FALSE,FALSE,FALSE,0,"FG",FALSE,FALSE,FALSE,FALSE,FALSE,FALSE,,,FALSE,,,"3rd and 2 at NEBRASKA47","Samuel Livingst rush for 2 yards to the NEBRASKA45 (Brice Eloume; Lorenzo Guinto)."
"20250906_dcg5",2025,"2025-09-06",1,"regular","Dakota St.","Nebraska Wesleyan",,,,121,19,4,4,2,,,"13:28","08:35",,,808,515,"Dakota St.","Nebraska Wesleyan",27,0,27,1,10,45,FALSE,1,10,18,"pass_complete",TRUE,27,FALSE,TRUE,TRUE,FALSE,FALSE,FALSE,FALSE,FALSE,FALSE,FALSE,FALSE,FALSE,FALSE,FALSE,0,"FG",FALSE,FALSE,TRUE,FALSE,TRUE,FALSE,,,FALSE,,,"1st and 10 at NEBRASKA45","Raesean Eaton pass complete to Victor Boggs, J for 27 yards to the NEBRASKA18 (Elias Jackson)."
"20250906_dcg5",2025,"2025-09-06",1,"regular","Dakota St.","Nebraska Wesleyan",,,,122,19,5,4,2,,,"13:28","08:35",,,808,515,"Dakota St.","Nebraska Wesleyan",27,0,27,1,10,18,FALSE,2,5,13,"rush",TRUE,5,TRUE,FALSE,FALSE,FALSE,FALSE,FALSE,FALSE,FALSE,FALSE,FALSE,FALSE,FALSE,FALSE,FALSE,0,"FG",FALSE,FALSE,TRUE,FALSE,TRUE,FALSE,,,FALSE,,,"1st and 10 at NEBRASKA18","Samuel Livingst rush for 5 yards to the NEBRASKA13 (Jian Aguilar)."
"20250906_dcg5",2025,"2025-09-06",1,"regular","Dakota St.","Nebraska Wesleyan",,,,123,19,6,4,2,,,"13:28","08:35",,,808,515,"Dakota St.","Nebraska Wesleyan",27,0,27,2,5,13,FALSE,3,2,10,"rush",TRUE,3,TRUE,FALSE,FALSE,FALSE,FALSE,FALSE,FALSE,FALSE,FALSE,FALSE,FALSE,FALSE,FALSE,FALSE,0,"FG",FALSE,FALSE,FALSE,FALSE,FALSE,FALSE,,,FALSE,,,"2nd and 5 at NEBRASKA13","Samuel Livingst rush for 3 yards to the NEBRASKA10 (Chevalier Curry)."
"20250906_dcg5",2025,"2025-09-06",1,"regular","Dakota St.","Nebraska Wesleyan",,,,124,19,7,4,2,,,"13:28","08:35",,,808,515,"Dakota St.","Nebraska Wesleyan",27,0,27,3,2,10,FALSE,4,2,10,"rush",TRUE,0,TRUE,FALSE,FALSE,FALSE,FALSE,FALSE,FALSE,FALSE,FALSE,FALSE,FALSE,FALSE,FALSE,FALSE,0,"FG",FALSE,FALSE,FALSE,FALSE,FALSE,FALSE,,,FALSE,,,"3rd and 2 at NEBRASKA10","Samuel Livingst rush for no gain to the NEBRASKA10 (Hunter Hanke; B. Archambault)."
"20250906_dcg5",2025,"2025-09-06",1,"regular","Dakota St.","Nebraska Wesleyan",,,,125,19,8,4,2,,"08:35","13:28","08:35",,515,808,515,"Dakota St.","Nebraska Wesleyan",27,0,27,4,2,10,FALSE,,,,"field_goal_good",TRUE,,FALSE,FALSE,FALSE,FALSE,FALSE,FALSE,FALSE,FALSE,FALSE,FALSE,TRUE,TRUE,FALSE,TRUE,3,"FG",FALSE,FALSE,FALSE,FALSE,FALSE,FALSE,,,FALSE,,,"4th and 2 at NEBRASKA10","Adrian Villanue field goal attempt from 27 GOOD, clock 08:35."
"20250906_dcg5",2025,"2025-09-06",1,"regular","Dakota St.","Nebraska Wesleyan",,,,126,20,1,4,2,"08:35","08:35","08:35","08:35",515,515,515,515,"Nebraska Wesleyan","Dakota St.",0,30,-30,,,,,1,10,75,"kickoff",FALSE,,FALSE,FALSE,FALSE,FALSE,FALSE,FALSE,FALSE,FALSE,FALSE,FALSE,FALSE,FALSE,FALSE,FALSE,0,"PUNT",FALSE,FALSE,FALSE,FALSE,FALSE,FALSE,,,FALSE,,,"","Adrian Villanue kickoff 65 yards to the NEBRASKA00, touchback."
"20250906_dcg5",2025,"2025-09-06",1,"regular","Dakota St.","Nebraska Wesleyan",,,,127,20,2,4,2,"08:35",,"08:35","08:35",515,,515,515,"Nebraska Wesleyan","Dakota St.",0,30,-30,1,10,75,FALSE,2,6,71,"pass_complete",TRUE,4,FALSE,TRUE,TRUE,FALSE,FALSE,FALSE,FALSE,FALSE,FALSE,FALSE,FALSE,FALSE,FALSE,FALSE,0,"PUNT",TRUE,FALSE,FALSE,FALSE,TRUE,FALSE,,,FALSE,,,"1st and 10 at NEBRASKA25","Connor White pass complete to Ka'Derian Ivey for 4 yards to the NEBRASKA29 (Cole Paulson)."
"20250906_dcg5",2025,"2025-09-06",1,"regular","Dakota St.","Nebraska Wesleyan",,,,128,20,3,4,2,,,"08:35","06:17",,,515,377,"Nebraska Wesleyan","Dakota St.",0,30,-30,2,6,71,FALSE,3,1,66,"rush",TRUE,5,TRUE,FALSE,FALSE,FALSE,FALSE,FALSE,FALSE,FALSE,FALSE,FALSE,FALSE,FALSE,FALSE,FALSE,0,"PUNT",FALSE,FALSE,FALSE,FALSE,FALSE,FALSE,,,FALSE,,,"2nd and 6 at NEBRASKA29","Jackson Byers rush for 5 yards to the NEBRASKA34 (Lucas Chamberli)."
"20250906_dcg5",2025,"2025-09-06",1,"regular","Dakota St.","Nebraska Wesleyan",,,,129,20,4,4,2,,,"08:35","06:17",,,515,377,"Nebraska Wesleyan","Dakota St.",0,30,-30,3,1,66,FALSE,4,1,66,"rush",TRUE,0,TRUE,FALSE,FALSE,FALSE,FALSE,FALSE,FALSE,FALSE,FALSE,FALSE,FALSE,FALSE,FALSE,FALSE,0,"PUNT",FALSE,FALSE,FALSE,FALSE,FALSE,FALSE,,,FALSE,,,"3rd and 1 at NEBRASKA34","Jackson Byers rush for no gain to the NEBRASKA34 (Cole Paulson; Josiah Perez)."
"20250906_dcg5",2025,"2025-09-06",1,"regular","Dakota St.","Nebraska Wesleyan",,,,130,20,5,4,2,,"06:17","08:35","06:17",,377,515,377,"Nebraska Wesleyan","Dakota St.",0,30,-30,4,1,66,FALSE,1,10,79,"punt_no_return",TRUE,,FALSE,FALSE,FALSE,FALSE,FALSE,FALSE,FALSE,FALSE,FALSE,FALSE,FALSE,FALSE,TRUE,FALSE,0,"PUNT",FALSE,FALSE,FALSE,FALSE,FALSE,FALSE,,,FALSE,,,"4th and 1 at NEBRASKA34","Jace Winkler punt 45 yards to the DAKOTA S21, downed."
"20250906_dcg5",2025,"2025-09-06",1,"regular","Dakota St.","Nebraska Wesleyan",,,,131,21,1,4,2,"06:17",,"06:17","06:17",377,,377,377,"Dakota St.","Nebraska Wesleyan",30,0,30,1,10,79,FALSE,2,7,76,"rush",TRUE,3,TRUE,FALSE,FALSE,FALSE,FALSE,FALSE,FALSE,FALSE,FALSE,FALSE,FALSE,FALSE,FALSE,FALSE,0,"TD",FALSE,TRUE,FALSE,FALSE,TRUE,FALSE,,,FALSE,,,"1st and 10 at DAKOTA S21","Samuel Livingst rush for 3 yards to the DAKOTA S24 (Lorenzo Guinto)."
"20250906_dcg5",2025,"2025-09-06",1,"regular","Dakota St.","Nebraska Wesleyan",,,,132,21,2,4,2,,,"06:17","03:27",,,377,207,"Dakota St.","Nebraska Wesleyan",30,0,30,2,7,76,FALSE,1,10,40,"pass_complete",TRUE,36,FALSE,TRUE,TRUE,FALSE,FALSE,FALSE,FALSE,FALSE,FALSE,FALSE,FALSE,FALSE,FALSE,FALSE,0,"TD",FALSE,FALSE,FALSE,FALSE,FALSE,FALSE,,,FALSE,,,"2nd and 7 at DAKOTA S24","Raesean Eaton pass complete to Jovi Wolf for 36 yards to the NEBRASKA40 (Caiden Rose)."
"20250906_dcg5",2025,"2025-09-06",1,"regular","Dakota St.","Nebraska Wesleyan",,,,133,21,3,4,2,,,"06:17","03:27",,,377,207,"Dakota St.","Nebraska Wesleyan",30,0,30,1,10,40,FALSE,2,7,37,"rush",TRUE,3,TRUE,FALSE,FALSE,FALSE,FALSE,FALSE,FALSE,FALSE,FALSE,FALSE,FALSE,FALSE,FALSE,FALSE,0,"TD",FALSE,FALSE,TRUE,FALSE,TRUE,FALSE,,,FALSE,,,"1st and 10 at NEBRASKA40","Trajan Davis rush for 3 yards to the NEBRASKA37 (Parker Salladay)."
"20250906_dcg5",2025,"2025-09-06",1,"regular","Dakota St.","Nebraska Wesleyan",,,,134,21,4,4,2,,,"06:17","03:27",,,377,207,"Dakota St.","Nebraska Wesleyan",30,0,30,2,7,37,FALSE,3,7,37,"pass_complete",TRUE,0,FALSE,TRUE,TRUE,FALSE,FALSE,FALSE,FALSE,FALSE,FALSE,FALSE,FALSE,FALSE,FALSE,FALSE,0,"TD",FALSE,FALSE,FALSE,FALSE,FALSE,FALSE,,,FALSE,,,"2nd and 7 at NEBRASKA37","Raesean Eaton pass complete to Trajan Davis for no gain to the NEBRASKA37 (Owen Long)."
"20250906_dcg5",2025,"2025-09-06",1,"regular","Dakota St.","Nebraska Wesleyan",,,,135,21,5,4,2,,"03:27","06:17","03:27",,207,377,207,"Dakota St.","Nebraska Wesleyan",30,0,30,3,7,37,FALSE,,,,"pass_complete",TRUE,37,FALSE,TRUE,TRUE,FALSE,FALSE,FALSE,FALSE,FALSE,TRUE,FALSE,FALSE,FALSE,FALSE,TRUE,6,"TD",FALSE,FALSE,FALSE,FALSE,FALSE,FALSE,,,FALSE,,,"3rd and 7 at NEBRASKA37","Raesean Eaton pass complete to Grant VanDenHul for 37 yards to the NEBRASKA00, TOUCHDOWN, clock 03:27."
"20250906_dcg5",2025,"2025-09-06",1,"regular","Dakota St.","Nebraska Wesleyan",,,,136,21,6,4,2,"03:27",,"03:27","03:27",207,,207,207,"Dakota St.","Nebraska Wesleyan",36,0,36,,,,,,,,"extra_point",FALSE,,FALSE,FALSE,FALSE,FALSE,FALSE,FALSE,FALSE,FALSE,FALSE,FALSE,FALSE,FALSE,FALSE,FALSE,0,"TD",FALSE,FALSE,FALSE,FALSE,FALSE,TRUE,1,"Nebraska Wesleyan",TRUE,FALSE,"PENALTY NEBRASKA offside (Cam McCoy) 1 yards to the NEBRASKA02, NO PLAY.","","Adrian Villanue kick attempt failed, PENALTY NEBRASKA offside (Cam McCoy) 1 yards to the NEBRASKA02, NO PLAY."
"20250906_dcg5",2025,"2025-09-06",1,"regular","Dakota St.","Nebraska Wesleyan",,,,137,21,7,4,2,"03:27",,"03:27","03:27",207,,207,207,"Dakota St.","Nebraska Wesleyan",36,0,36,,,,,,,,"extra_point",FALSE,,FALSE,FALSE,FALSE,FALSE,FALSE,FALSE,FALSE,FALSE,FALSE,FALSE,FALSE,FALSE,FALSE,TRUE,1,"TD",FALSE,FALSE,FALSE,FALSE,FALSE,FALSE,,,FALSE,,,"","Adrian Villanue kick attempt good."
"20250906_dcg5",2025,"2025-09-06",1,"regular","Dakota St.","Nebraska Wesleyan",,,,138,22,1,4,2,"03:27","03:20","03:27","03:27",207,200,207,207,"Nebraska Wesleyan","Dakota St.",0,37,-37,,,,,1,10,81,"kickoff",FALSE,,FALSE,FALSE,FALSE,FALSE,FALSE,FALSE,FALSE,FALSE,FALSE,FALSE,FALSE,FALSE,FALSE,FALSE,0,"TD",FALSE,FALSE,FALSE,FALSE,FALSE,FALSE,,,FALSE,,,"","Adrian Villanue kickoff 55 yards to the NEBRASKA10, Maleik Bradford return 9 yards to the NEBRASKA19 (Lucas Chamberli; Talon George)."
"20250906_dcg5",2025,"2025-09-06",1,"regular","Dakota St.","Nebraska Wesleyan",,,,139,22,2,4,2,"03:20",,"03:20","03:20",200,,200,200,"Nebraska Wesleyan","Dakota St.",0,37,-37,1,10,81,FALSE,2,1,72,"pass_complete",TRUE,9,FALSE,TRUE,TRUE,FALSE,FALSE,FALSE,FALSE,FALSE,FALSE,FALSE,FALSE,FALSE,FALSE,FALSE,0,"TD",TRUE,FALSE,FALSE,FALSE,TRUE,FALSE,,,FALSE,,,"1st and 10 at NEBRASKA19","Connor White pass complete to Jackson Byers for 9 yards to the NEBRASKA28 (Rhet Bertram; Lucas Chamberli)."
"20250906_dcg5",2025,"2025-09-06",1,"regular","Dakota St.","Nebraska Wesleyan",,,,140,22,3,4,2,,,"03:20","00:00",,,200,0,"Nebraska Wesleyan","Dakota St.",0,37,-37,2,1,72,FALSE,1,10,66,"pass_complete",TRUE,6,FALSE,TRUE,TRUE,FALSE,FALSE,FALSE,FALSE,FALSE,FALSE,FALSE,FALSE,FALSE,FALSE,FALSE,0,"TD",FALSE,FALSE,FALSE,FALSE,FALSE,FALSE,,,FALSE,,,"2nd and 1 at NEBRASKA28","Connor White pass complete to Corbin Horner for 6 yards to the NEBRASKA34 (Aidan Jahns; Trevon Johnson)."
"20250906_dcg5",2025,"2025-09-06",1,"regular","Dakota St.","Nebraska Wesleyan",,,,141,22,4,4,2,,,"03:20","00:00",,,200,0,"Nebraska Wesleyan","Dakota St.",0,37,-37,1,10,66,FALSE,2,3,59,"rush",TRUE,7,TRUE,FALSE,FALSE,FALSE,FALSE,FALSE,FALSE,FALSE,FALSE,FALSE,FALSE,FALSE,FALSE,FALSE,0,"TD",FALSE,FALSE,TRUE,FALSE,TRUE,FALSE,,,FALSE,,,"1st and 10 at NEBRASKA34","Connor White rush for 7 yards to the NEBRASKA41, out-of-bounds."
"20250906_dcg5",2025,"2025-09-06",1,"regular","Dakota St.","Nebraska Wesleyan",,,,142,22,5,4,2,,,"03:20","00:00",,,200,0,"Nebraska Wesleyan","Dakota St.",0,37,-37,2,3,59,FALSE,1,10,55,"rush",TRUE,4,TRUE,FALSE,FALSE,FALSE,FALSE,FALSE,FALSE,FALSE,FALSE,FALSE,FALSE,FALSE,FALSE,FALSE,0,"TD",FALSE,FALSE,FALSE,FALSE,FALSE,FALSE,,,FALSE,,,"2nd and 3 at NEBRASKA41","Jackson Byers rush for 4 yards to the NEBRASKA45 (Lucas Chamberli)."
"20250906_dcg5",2025,"2025-09-06",1,"regular","Dakota St.","Nebraska Wesleyan",,,,143,22,6,4,2,,,"03:20","00:00",,,200,0,"Nebraska Wesleyan","Dakota St.",0,37,-37,1,10,55,FALSE,2,10,55,"pass_incomplete",TRUE,0,FALSE,TRUE,FALSE,FALSE,FALSE,FALSE,FALSE,FALSE,FALSE,FALSE,FALSE,FALSE,FALSE,FALSE,0,"TD",FALSE,FALSE,TRUE,FALSE,TRUE,FALSE,,,FALSE,,,"1st and 10 at NEBRASKA45","Keaton Erdmann pass incomplete to Josh Phillips."
"20250906_dcg5",2025,"2025-09-06",1,"regular","Dakota St.","Nebraska Wesleyan",,,,144,22,7,4,2,,,"03:20","00:00",,,200,0,"Nebraska Wesleyan","Dakota St.",0,37,-37,2,10,55,FALSE,3,10,55,"pass_incomplete",TRUE,0,FALSE,TRUE,FALSE,FALSE,FALSE,FALSE,FALSE,FALSE,FALSE,FALSE,FALSE,FALSE,FALSE,FALSE,0,"TD",FALSE,FALSE,FALSE,FALSE,FALSE,FALSE,,,FALSE,,,"2nd and 10 at NEBRASKA45","Keaton Erdmann pass incomplete to Jackson Byers."
"20250906_dcg5",2025,"2025-09-06",1,"regular","Dakota St.","Nebraska Wesleyan",,,,145,22,8,4,2,,,"03:20","00:00",,,200,0,"Nebraska Wesleyan","Dakota St.",0,37,-37,3,10,55,FALSE,4,3,48,"rush",TRUE,7,TRUE,FALSE,FALSE,FALSE,FALSE,FALSE,FALSE,FALSE,FALSE,FALSE,FALSE,FALSE,FALSE,FALSE,0,"TD",FALSE,FALSE,FALSE,FALSE,FALSE,FALSE,,,FALSE,,,"3rd and 10 at NEBRASKA45","Keaton Erdmann rush for 7 yards to the DAKOTA S48 (Lamarcus Osborn; Caden Langenfel)."
"20250906_dcg5",2025,"2025-09-06",1,"regular","Dakota St.","Nebraska Wesleyan",,,,146,22,9,4,2,,,"03:20","00:00",,,200,0,"Nebraska Wesleyan","Dakota St.",0,37,-37,4,3,48,FALSE,1,10,41,"rush",TRUE,7,TRUE,FALSE,FALSE,FALSE,FALSE,FALSE,FALSE,FALSE,FALSE,FALSE,FALSE,FALSE,FALSE,FALSE,0,"TD",FALSE,FALSE,FALSE,FALSE,FALSE,FALSE,,,FALSE,,,"4th and 3 at DAKOTA S48","Keaton Erdmann rush for 7 yards to the DAKOTA S41 (Lucas Chamberli)."
"20250906_dcg5",2025,"2025-09-06",1,"regular","Dakota St.","Nebraska Wesleyan",,,,147,22,10,4,2,,,"03:20","00:00",,,200,0,"Nebraska Wesleyan","Dakota St.",0,37,-37,1,10,41,FALSE,1,10,26,"pass_incomplete",TRUE,,FALSE,FALSE,FALSE,FALSE,FALSE,FALSE,FALSE,FALSE,FALSE,FALSE,FALSE,FALSE,FALSE,FALSE,0,"TD",FALSE,FALSE,TRUE,FALSE,TRUE,TRUE,15,"Dakota St.",TRUE,FALSE,"PENALTY DAKOTA S pass interference (Trevon Johnson) 15 yards to the DAKOTA S26, NO PLAY.","1st and 10 at DAKOTA S41","Keaton Erdmann pass incomplete to Joey McLaughlin, PENALTY DAKOTA S pass interference (Trevon Johnson) 15 yards to the DAKOTA S26, NO PLAY."
"20250906_dcg5",2025,"2025-09-06",1,"regular","Dakota St.","Nebraska Wesleyan",,,,148,22,11,4,2,,"00:00","03:20","00:00",,0,200,0,"Nebraska Wesleyan","Dakota St.",0,37,-37,1,10,26,FALSE,,,,"pass_complete",TRUE,26,FALSE,TRUE,TRUE,FALSE,FALSE,FALSE,FALSE,FALSE,TRUE,FALSE,FALSE,FALSE,FALSE,TRUE,6,"TD",FALSE,FALSE,FALSE,TRUE,TRUE,FALSE,,,FALSE,,,"1st and 10 at DAKOTA S26","Keaton Erdmann pass complete to Joey McLaughlin for 26 yards to the DAKOTA S00, TOUCHDOWN, clock 00:00."
"20250906_dcg5",2025,"2025-09-06",1,"regular","Dakota St.","Nebraska Wesleyan",,,,149,22,12,4,2,"00:00",,"00:00","00:00",0,,0,0,"Nebraska Wesleyan","Dakota St.",6,37,-31,,,,,,,,"extra_point",FALSE,,FALSE,FALSE,FALSE,FALSE,FALSE,FALSE,FALSE,FALSE,FALSE,FALSE,FALSE,FALSE,FALSE,TRUE,1,"TD",FALSE,FALSE,FALSE,FALSE,FALSE,FALSE,,,FALSE,,,"","Jace Winkler kick attempt good."
