"game_id","season","game_date","week","season_type","home","away","play_index","drive_number","drive_play_number","period","half","clock_start","clock_end","clock_upper","clock_lower","pos_team","def_pos_team","pos_team_score","def_pos_team_score","score_diff","down","distance","yards_to_goal","Goal_To_Go","down_end","distance_end","yards_to_goal_end","play_type","scrimmage_play","yards_gained","rush","pass","completion","sack","int","fumble_vec","turnover","downs_turnover","touchdown","safety","field_goal_attempt","field_goal_made","punt","scoring_play","score_pts","firstD_by_yards","firstD_by_penalty","penalty_flag","penalty_yards_signed","penalized_team","penalty_no_play","penalty_declined","penalty_text","drive_result","situation","play_text"
"20250913_6i95",2025,"2025-09-13",2,"regular","Carnegie Mellon","Wis.-La Crosse",1,1,1,1,1,"15:00","15:00","15:00","15:00","Wis.-La Crosse","Carnegie Mellon",0,0,0,,,,,1,10,75,"kickoff",FALSE,,FALSE,FALSE,FALSE,FALSE,FALSE,FALSE,FALSE,FALSE,FALSE,FALSE,FALSE,FALSE,FALSE,FALSE,0,FALSE,FALSE,FALSE,,,FALSE,,,"TD","","Noah Godhard kickoff 65 yards to the UWL00, touchback."
"20250913_6i95",2025,"2025-09-13",2,"regular","Carnegie Mellon","Wis.-La Crosse",2,1,2,1,1,"15:00",,"15:00","15:00","Wis.-La Crosse","Carnegie Mellon",0,0,0,1,10,75,FALSE,2,7,72,"rush",TRUE,3,TRUE,FALSE,FALSE,FALSE,FALSE,FALSE,FALSE,FALSE,FALSE,FALSE,FALSE,FALSE,FALSE,FALSE,0,FALSE,FALSE,FALSE,,,FALSE,,,"TD","1st and 10 at UWL25","Gabe Lynch rush for 3 yards to the UWL28 (Leighton Tarke; Lucas Hazard)."
"20250913_6i95",2025,"2025-09-13",2,"regular","Carnegie Mellon","Wis.-La Crosse",3,1,3,1,1,,,"15:00","09:37","Wis.-La Crosse","Carnegie Mellon",0,0,0,2,7,72,FALSE,3,1,66,"pass_complete",TRUE,6,FALSE,TRUE,TRUE,FALSE,FALSE,FALSE,FALSE,FALSE,FALSE,FALSE,FALSE,FALSE,FALSE,FALSE,0,FALSE,FALSE,FALSE,,,FALSE,,,"TD","2nd and 7 at UWL28","Kyle Haas pass complete to Keaton Arendt for 6 yards to the UWL34 (Tai Mann; Jack Lawson)."
"20250913_6i95",2025,"2025-09-13",2,"regular","Carnegie Mellon","Wis.-La Crosse",4,1,4,1,1,,,"15:00","09:37","Wis.-La Crosse","Carnegie Mellon",0,0,0,3,1,66,FALSE,1,10,61,"rush",TRUE,5,TRUE,FALSE,FALSE,FALSE,FALSE,FALSE,FALSE,FALSE,FALSE,FALSE,FALSE,FALSE,FALSE,FALSE,0,TRUE,FALSE,FALSE,,,FALSE,,,"TD","3rd and 1 at UWL34","Gabe Lynch rush for 5 yards to the UWL39 (Jacob Franze; Amani Tchamwa)."
"20250913_6i95",2025,"2025-09-13",2,"regular","Carnegie Mellon","Wis.-La Crosse",5,1,5,1,1,,,"15:00","09:37","Wis.-La Crosse","Carnegie Mellon",0,0,0,1,10,61,FALSE,2,4,55,"pass_complete",TRUE,6,FALSE,TRUE,TRUE,FALSE,FALSE,FALSE,FALSE,FALSE,FALSE,FALSE,FALSE,FALSE,FALSE,FALSE,0,FALSE,FALSE,FALSE,,,FALSE,,,"TD","1st and 10 at UWL39","Kyle Haas pass complete to Najeh Mitchell for 6 yards to the UWL45 (Tai Mann)."
"20250913_6i95",2025,"2025-09-13",2,"regular","Carnegie Mellon","Wis.-La Crosse",6,1,6,1,1,,,"15:00","09:37","Wis.-La Crosse","Carnegie Mellon",0,0,0,2,4,55,FALSE,3,1,52,"pass_complete",TRUE,3,FALSE,TRUE,TRUE,FALSE,FALSE,FALSE,FALSE,FALSE,FALSE,FALSE,FALSE,FALSE,FALSE,FALSE,0,FALSE,FALSE,FALSE,,,FALSE,,,"TD","2nd and 4 at UWL45","Kyle Haas pass complete to Nolan Wulf for 3 yards to the UWL48, out-of-bounds."
"20250913_6i95",2025,"2025-09-13",2,"regular","Carnegie Mellon","Wis.-La Crosse",7,1,7,1,1,,,"15:00","09:37","Wis.-La Crosse","Carnegie Mellon",0,0,0,3,1,52,FALSE,1,10,49,"rush",TRUE,3,TRUE,FALSE,FALSE,FALSE,FALSE,FALSE,FALSE,FALSE,FALSE,FALSE,FALSE,FALSE,FALSE,FALSE,0,TRUE,FALSE,FALSE,,,FALSE,,,"TD","3rd and 1 at UWL48","Gabe Lynch rush for 3 yards to the CMU49 (Leighton Tarke; Connor Warren)."
"20250913_6i95",2025,"2025-09-13",2,"regular","Carnegie Mellon","Wis.-La Crosse",8,1,8,1,1,,,"15:00","09:37","Wis.-La Crosse","Carnegie Mellon",0,0,0,1,10,49,FALSE,1,10,24,"rush",TRUE,25,TRUE,FALSE,FALSE,FALSE,FALSE,FALSE,FALSE,FALSE,FALSE,FALSE,FALSE,FALSE,FALSE,FALSE,0,TRUE,FALSE,FALSE,,,FALSE,,,"TD","1st and 10 at CMU49","Braedon Ott rush for 25 yards to the CMU24 (Jack Lawson)."
"20250913_6i95",2025,"2025-09-13",2,"regular","Carnegie Mellon","Wis.-La Crosse",9,1,9,1,1,,,"15:00","09:37","Wis.-La Crosse","Carnegie Mellon",0,0,0,1,10,24,FALSE,1,10,12,"rush",TRUE,12,TRUE,FALSE,FALSE,FALSE,FALSE,FALSE,FALSE,FALSE,FALSE,FALSE,FALSE,FALSE,FALSE,FALSE,0,TRUE,FALSE,FALSE,,,FALSE,,,"TD","1st and 10 at CMU24","Kyle Haas rush for 12 yards to the CMU12 (DJ Johnson; Tai Mann)."
"20250913_6i95",2025,"2025-09-13",2,"regular","Carnegie Mellon","Wis.-La Crosse",10,1,10,1,1,,,"15:00","09:37","Wis.-La Crosse","Carnegie Mellon",0,0,0,1,10,12,FALSE,2,13,15,"rush",TRUE,-3,TRUE,FALSE,FALSE,FALSE,FALSE,FALSE,FALSE,FALSE,FALSE,FALSE,FALSE,FALSE,FALSE,FALSE,0,FALSE,FALSE,FALSE,,,FALSE,,,"TD","1st and 10 at CMU12","Gabe Lynch rush for loss of 3 yards to the CMU15 (Leighton Tarke; Mitchell Stokey)."
"20250913_6i95",2025,"2025-09-13",2,"regular","Carnegie Mellon","Wis.-La Crosse",11,1,11,1,1,,,"15:00","09:37","Wis.-La Crosse","Carnegie Mellon",0,0,0,2,13,15,FALSE,3,4,6,"pass_complete",TRUE,9,FALSE,TRUE,TRUE,FALSE,FALSE,FALSE,FALSE,FALSE,FALSE,FALSE,FALSE,FALSE,FALSE,FALSE,0,FALSE,FALSE,FALSE,,,FALSE,,,"TD","2nd and 13 at CMU15","Kyle Haas pass complete to Jack Janke for 9 yards to the CMU06 (Jack Lawson)."
"20250913_6i95",2025,"2025-09-13",2,"regular","Carnegie Mellon","Wis.-La Crosse",12,1,12,1,1,,"09:37","15:00","09:37","Wis.-La Crosse","Carnegie Mellon",0,0,0,3,4,6,FALSE,,,,"pass_complete",TRUE,6,FALSE,TRUE,TRUE,FALSE,FALSE,FALSE,FALSE,FALSE,TRUE,FALSE,FALSE,FALSE,FALSE,TRUE,6,TRUE,FALSE,FALSE,,,FALSE,,,"TD","3rd and 4 at CMU06","Kyle Haas pass complete to Gabe Lynch for 6 yards to the CMU00, TOUCHDOWN, clock 09:37."
"20250913_6i95",2025,"2025-09-13",2,"regular","Carnegie Mellon","Wis.-La Crosse",13,1,13,1,1,"09:37",,"09:37","09:37","Wis.-La Crosse","Carnegie Mellon",6,0,6,,,,,,,,"extra_point",FALSE,,FALSE,FALSE,FALSE,FALSE,FALSE,FALSE,FALSE,FALSE,FALSE,FALSE,FALSE,FALSE,FALSE,TRUE,1,FALSE,FALSE,FALSE,,,FALSE,,,"TD","","Michael Stack kick attempt good."
"20250913_6i95",2025,"2025-09-13",2,"regular","Carnegie Mellon","Wis.-La Crosse",14,2,1,1,1,"09:37","09:37","09:37","09:37","Carnegie Mellon","Wis.-La Crosse",0,7,-7,,,,,1,10,75,"kickoff",FALSE,,FALSE,FALSE,FALSE,FALSE,FALSE,FALSE,FALSE,FALSE,FALSE,FALSE,FALSE,FALSE,FALSE,FALSE,0,FALSE,FALSE,FALSE,,,FALSE,,,"PUNT","","Michael Stack kickoff 65 yards to the CMU00, touchback."
"20250913_6i95",2025,"2025-09-13",2,"regular","Carnegie Mellon","Wis.-La Crosse",15,2,2,1,1,"09:37",,"09:37","09:37","Carnegie Mellon","Wis.-La Crosse",0,7,-7,1,10,75,FALSE,1,10,60,"pass_complete",TRUE,15,FALSE,TRUE,TRUE,FALSE,FALSE,FALSE,FALSE,FALSE,FALSE,FALSE,FALSE,FALSE,FALSE,FALSE,0,TRUE,FALSE,FALSE,,,FALSE,,,"PUNT","1st and 10 at CMU25","Joey McGinnis I pass complete to Brendan McCullo for 15 yards to the CMU40 (Sa Balistrieri)."
"20250913_6i95",2025,"2025-09-13",2,"regular","Carnegie Mellon","Wis.-La Crosse",16,2,3,1,1,,,"09:37","07:31","Carnegie Mellon","Wis.-La Crosse",0,7,-7,1,10,60,FALSE,2,8,58,"rush",TRUE,2,TRUE,FALSE,FALSE,FALSE,FALSE,FALSE,FALSE,FALSE,FALSE,FALSE,FALSE,FALSE,FALSE,FALSE,0,FALSE,FALSE,FALSE,,,FALSE,,,"PUNT","1st and 10 at CMU40","Willem Bouma rush for 2 yards to the CMU42 (Colin O'Neil)."
"20250913_6i95",2025,"2025-09-13",2,"regular","Carnegie Mellon","Wis.-La Crosse",17,2,4,1,1,,,"09:37","07:31","Carnegie Mellon","Wis.-La Crosse",0,7,-7,2,8,58,FALSE,3,8,58,"pass_incomplete",TRUE,0,FALSE,TRUE,FALSE,FALSE,FALSE,FALSE,FALSE,FALSE,FALSE,FALSE,FALSE,FALSE,FALSE,FALSE,0,FALSE,FALSE,FALSE,,,FALSE,,,"PUNT","2nd and 8 at CMU42","Joey McGinnis I pass incomplete to Brendan McCullo (Trent Mullen)."
"20250913_6i95",2025,"2025-09-13",2,"regular","Carnegie Mellon","Wis.-La Crosse",18,2,5,1,1,,,"09:37","07:31","Carnegie Mellon","Wis.-La Crosse",0,7,-7,3,8,58,FALSE,4,1,51,"pass_complete",TRUE,7,FALSE,TRUE,TRUE,FALSE,FALSE,FALSE,FALSE,FALSE,FALSE,FALSE,FALSE,FALSE,FALSE,FALSE,0,FALSE,FALSE,FALSE,,,FALSE,,,"PUNT","3rd and 8 at CMU42","Joey McGinnis I pass complete to Reece Kolke for 7 yards to the CMU49 (Sa Balistrieri)."
"20250913_6i95",2025,"2025-09-13",2,"regular","Carnegie Mellon","Wis.-La Crosse",19,2,6,1,1,,"07:31","09:37","07:31","Carnegie Mellon","Wis.-La Crosse",0,7,-7,4,1,51,FALSE,1,10,87,"punt_no_return",TRUE,,FALSE,FALSE,FALSE,FALSE,FALSE,FALSE,FALSE,FALSE,FALSE,FALSE,FALSE,FALSE,TRUE,FALSE,0,FALSE,FALSE,FALSE,,,FALSE,,,"PUNT","4th and 1 at CMU49","John Norell punt 38 yards to the UWL13, downed."
"20250913_6i95",2025,"2025-09-13",2,"regular","Carnegie Mellon","Wis.-La Crosse",20,3,1,1,1,"07:31",,"07:31","07:31","Wis.-La Crosse","Carnegie Mellon",7,0,7,1,10,87,FALSE,2,11,88,"rush",TRUE,-1,TRUE,FALSE,FALSE,FALSE,FALSE,FALSE,FALSE,FALSE,FALSE,FALSE,FALSE,FALSE,FALSE,FALSE,0,FALSE,FALSE,FALSE,,,FALSE,,,"PUNT","1st and 10 at UWL13","Braedon Ott rush for loss of 1 yard to the UWL12 (Bennett Grace)."
"20250913_6i95",2025,"2025-09-13",2,"regular","Carnegie Mellon","Wis.-La Crosse",21,3,2,1,1,,,"07:31","03:32","Wis.-La Crosse","Carnegie Mellon",7,0,7,2,11,88,FALSE,3,8,85,"pass_complete",TRUE,3,FALSE,TRUE,TRUE,FALSE,FALSE,FALSE,FALSE,FALSE,FALSE,FALSE,FALSE,FALSE,FALSE,FALSE,0,FALSE,FALSE,FALSE,,,FALSE,,,"PUNT","2nd and 11 at UWL12","Kyle Haas pass complete to Jack Rilling for 3 yards to the UWL15 (Jack Lawson; Leighton Tarke)."
"20250913_6i95",2025,"2025-09-13",2,"regular","Carnegie Mellon","Wis.-La Crosse",22,3,3,1,1,,,"07:31","03:32","Wis.-La Crosse","Carnegie Mellon",7,0,7,3,8,85,FALSE,1,10,73,"pass_complete",TRUE,12,FALSE,TRUE,TRUE,FALSE,FALSE,FALSE,FALSE,FALSE,FALSE,FALSE,FALSE,FALSE,FALSE,FALSE,0,TRUE,FALSE,FALSE,,,FALSE,,,"PUNT","3rd and 8 at UWL15","Kyle Haas pass complete to Tyler Bowman for 12 yards to the UWL27 (DJ Johnson)."
"20250913_6i95",2025,"2025-09-13",2,"regular","Carnegie Mellon","Wis.-La Crosse",23,3,4,1,1,,,"07:31","03:32","Wis.-La Crosse","Carnegie Mellon",7,0,7,1,10,73,FALSE,2,7,70,"rush",TRUE,3,TRUE,FALSE,FALSE,FALSE,FALSE,FALSE,FALSE,FALSE,FALSE,FALSE,FALSE,FALSE,FALSE,FALSE,0,FALSE,FALSE,FALSE,,,FALSE,,,"PUNT","1st and 10 at UWL27","Braedon Ott rush for 3 yards to the UWL30 (Ethan Ming)."
"20250913_6i95",2025,"2025-09-13",2,"regular","Carnegie Mellon","Wis.-La Crosse",24,3,5,1,1,,,"07:31","03:32","Wis.-La Crosse","Carnegie Mellon",7,0,7,2,7,70,FALSE,3,17,80,"sack",TRUE,-10,FALSE,FALSE,FALSE,TRUE,FALSE,FALSE,FALSE,FALSE,FALSE,FALSE,FALSE,FALSE,FALSE,FALSE,0,FALSE,FALSE,FALSE,,,FALSE,,,"PUNT","2nd and 7 at UWL30","Kyle Haas sacked for loss of 10 yards to the UWL20 (Jack Lawson; Bennett Grace)."
"20250913_6i95",2025,"2025-09-13",2,"regular","Carnegie Mellon","Wis.-La Crosse",25,3,6,1,1,,,"07:31","03:32","Wis.-La Crosse","Carnegie Mellon",7,0,7,3,17,80,FALSE,4,1,64,"pass_complete",TRUE,16,FALSE,TRUE,TRUE,FALSE,FALSE,FALSE,FALSE,FALSE,FALSE,FALSE,FALSE,FALSE,FALSE,FALSE,0,FALSE,FALSE,FALSE,,,FALSE,,,"PUNT","3rd and 17 at UWL20","Kyle Haas pass complete to Braedon Ott for 16 yards to the UWL36 (Jacob Franze)."
"20250913_6i95",2025,"2025-09-13",2,"regular","Carnegie Mellon","Wis.-La Crosse",26,3,7,1,1,,,"07:31","03:32","Wis.-La Crosse","Carnegie Mellon",7,0,7,4,1,64,FALSE,4,6,69,"penalty_no_play",TRUE,,FALSE,FALSE,FALSE,FALSE,FALSE,FALSE,FALSE,FALSE,FALSE,FALSE,FALSE,FALSE,FALSE,FALSE,0,FALSE,FALSE,TRUE,-5,"Wis.-La Crosse",TRUE,FALSE,"PENALTY UWL delay of game (Ethan Tranel) 5 yards to the UWL31.","PUNT","4th and 1 at UWL36","PENALTY UWL delay of game (Ethan Tranel) 5 yards to the UWL31."
"20250913_6i95",2025,"2025-09-13",2,"regular","Carnegie Mellon","Wis.-La Crosse",27,3,8,1,1,,"03:32","07:31","03:32","Wis.-La Crosse","Carnegie Mellon",7,0,7,4,6,69,FALSE,1,10,93,"punt_no_return",TRUE,,FALSE,FALSE,FALSE,FALSE,FALSE,FALSE,FALSE,FALSE,FALSE,FALSE,FALSE,FALSE,TRUE,FALSE,0,FALSE,FALSE,FALSE,,,FALSE,,,"PUNT","4th and 6 at UWL31","Ethan Tranel punt 62 yards to the CMU07, downed."
"20250913_6i95",2025,"2025-09-13",2,"regular","Carnegie Mellon","Wis.-La Crosse",28,4,1,1,1,"03:32",,"03:32","03:32","Carnegie Mellon","Wis.-La Crosse",0,7,-7,1,10,93,FALSE,2,9,92,"rush",TRUE,1,TRUE,FALSE,FALSE,FALSE,FALSE,FALSE,FALSE,FALSE,FALSE,FALSE,FALSE,FALSE,FALSE,FALSE,0,FALSE,FALSE,FALSE,,,FALSE,,,"PUNT","1st and 10 at CMU07","Willem Bouma rush for 1 yard to the CMU08 (Nicholo Jorndt)."
"20250913_6i95",2025,"2025-09-13",2,"regular","Carnegie Mellon","Wis.-La Crosse",29,4,2,1,1,,,"03:32","00:00","Carnegie Mellon","Wis.-La Crosse",0,7,-7,2,9,92,FALSE,1,10,74,"pass_complete",TRUE,18,FALSE,TRUE,TRUE,FALSE,FALSE,FALSE,FALSE,FALSE,FALSE,FALSE,FALSE,FALSE,FALSE,FALSE,0,TRUE,FALSE,FALSE,,,FALSE,,,"PUNT","2nd and 9 at CMU08","Joey McGinnis I pass complete to Willem Bouma for 18 yards to the CMU26 (Tyler Burkley)."
"20250913_6i95",2025,"2025-09-13",2,"regular","Carnegie Mellon","Wis.-La Crosse",30,4,3,1,1,,,"03:32","00:00","Carnegie Mellon","Wis.-La Crosse",0,7,-7,1,10,74,FALSE,2,6,70,"rush",TRUE,4,TRUE,FALSE,FALSE,FALSE,FALSE,FALSE,FALSE,FALSE,FALSE,FALSE,FALSE,FALSE,FALSE,FALSE,0,FALSE,FALSE,FALSE,,,FALSE,,,"PUNT","1st and 10 at CMU26","Willem Bouma rush for 4 yards to the CMU30 (Christi Powell; Nicholo Jorndt)."
"20250913_6i95",2025,"2025-09-13",2,"regular","Carnegie Mellon","Wis.-La Crosse",31,4,4,1,1,,,"03:32","00:00","Carnegie Mellon","Wis.-La Crosse",0,7,-7,2,6,70,FALSE,3,6,70,"pass_incomplete",TRUE,0,FALSE,TRUE,FALSE,FALSE,FALSE,FALSE,FALSE,FALSE,FALSE,FALSE,FALSE,FALSE,FALSE,FALSE,0,FALSE,FALSE,FALSE,,,FALSE,,,"PUNT","2nd and 6 at CMU30","Joey McGinnis I pass incomplete, QB hurry by Christi Powell."
"20250913_6i95",2025,"2025-09-13",2,"regular","Carnegie Mellon","Wis.-La Crosse",32,4,5,1,1,,,"03:32","00:00","Carnegie Mellon","Wis.-La Crosse",0,7,-7,3,6,70,FALSE,1,10,62,"rush",TRUE,8,TRUE,FALSE,FALSE,FALSE,FALSE,FALSE,FALSE,FALSE,FALSE,FALSE,FALSE,FALSE,FALSE,FALSE,0,TRUE,FALSE,FALSE,,,FALSE,,,"PUNT","3rd and 6 at CMU30","Joey McGinnis I rush for 8 yards to the CMU38 (Tyr Severson), out-of-bounds."
"20250913_6i95",2025,"2025-09-13",2,"regular","Carnegie Mellon","Wis.-La Crosse",33,4,6,1,1,,,"03:32","00:00","Carnegie Mellon","Wis.-La Crosse",0,7,-7,1,10,62,FALSE,2,7,59,"rush",TRUE,3,TRUE,FALSE,FALSE,FALSE,FALSE,FALSE,FALSE,FALSE,FALSE,FALSE,FALSE,FALSE,FALSE,FALSE,0,FALSE,FALSE,FALSE,,,FALSE,,,"PUNT","1st and 10 at CMU38","Jake Langdon rush for 3 yards to the CMU41 (Isaac Dagit)."
"20250913_6i95",2025,"2025-09-13",2,"regular","Carnegie Mellon","Wis.-La Crosse",34,4,7,1,1,,,"03:32","00:00","Carnegie Mellon","Wis.-La Crosse",0,7,-7,2,7,59,FALSE,3,3,55,"rush",TRUE,4,TRUE,FALSE,FALSE,FALSE,FALSE,FALSE,FALSE,FALSE,FALSE,FALSE,FALSE,FALSE,FALSE,FALSE,0,FALSE,FALSE,FALSE,,,FALSE,,,"PUNT","2nd and 7 at CMU41","Willem Bouma rush for 4 yards to the CMU45 (Noah Gehin)."
"20250913_6i95",2025,"2025-09-13",2,"regular","Carnegie Mellon","Wis.-La Crosse",35,4,8,2,1,"15:00",,"15:00","15:00","Carnegie Mellon","Wis.-La Crosse",0,7,-7,3,3,55,FALSE,4,1,53,"rush",TRUE,2,TRUE,FALSE,FALSE,FALSE,FALSE,FALSE,FALSE,FALSE,FALSE,FALSE,FALSE,FALSE,FALSE,FALSE,0,FALSE,FALSE,FALSE,,,FALSE,,,"PUNT","3rd and 3 at CMU45","Jake Langdon rush for 2 yards to the CMU47 (Aaron Winters; Christi Powell)."
"20250913_6i95",2025,"2025-09-13",2,"regular","Carnegie Mellon","Wis.-La Crosse",36,4,9,2,1,,"14:06","15:00","14:06","Carnegie Mellon","Wis.-La Crosse",0,7,-7,4,1,53,FALSE,1,10,94,"punt_no_return",TRUE,,FALSE,FALSE,FALSE,FALSE,FALSE,FALSE,FALSE,FALSE,FALSE,FALSE,FALSE,FALSE,TRUE,FALSE,0,FALSE,FALSE,FALSE,,,FALSE,,,"PUNT","4th and 1 at CMU47","John Norell punt 47 yards to the UWL06, downed."
"20250913_6i95",2025,"2025-09-13",2,"regular","Carnegie Mellon","Wis.-La Crosse",37,5,1,2,1,"14:06",,"14:06","14:06","Wis.-La Crosse","Carnegie Mellon",7,0,7,1,10,94,FALSE,1,10,73,"rush",TRUE,21,TRUE,FALSE,FALSE,FALSE,FALSE,FALSE,FALSE,FALSE,FALSE,FALSE,FALSE,FALSE,FALSE,FALSE,0,TRUE,FALSE,FALSE,,,FALSE,,,"PUNT","1st and 10 at UWL06","Gabe Lynch rush for 21 yards to the UWL27 (Tai Mann), out-of-bounds."
"20250913_6i95",2025,"2025-09-13",2,"regular","Carnegie Mellon","Wis.-La Crosse",38,5,2,2,1,,,"14:06","11:57","Wis.-La Crosse","Carnegie Mellon",7,0,7,1,10,73,FALSE,2,6,69,"rush",TRUE,4,TRUE,FALSE,FALSE,FALSE,FALSE,FALSE,FALSE,FALSE,FALSE,FALSE,FALSE,FALSE,FALSE,FALSE,0,FALSE,FALSE,FALSE,,,FALSE,,,"PUNT","1st and 10 at UWL27","Gabe Lynch rush for 4 yards to the UWL31 (Ethan Ming; Connor Warren)."
"20250913_6i95",2025,"2025-09-13",2,"regular","Carnegie Mellon","Wis.-La Crosse",39,5,3,2,1,,,"14:06","11:57","Wis.-La Crosse","Carnegie Mellon",7,0,7,2,6,69,FALSE,3,6,69,"pass_incomplete",TRUE,0,FALSE,TRUE,FALSE,FALSE,FALSE,FALSE,FALSE,FALSE,FALSE,FALSE,FALSE,FALSE,FALSE,FALSE,0,FALSE,FALSE,FALSE,,,FALSE,,,"PUNT","2nd and 6 at UWL31","Kyle Haas pass incomplete to Tyler Bowman."
"20250913_6i95",2025,"2025-09-13",2,"regular","Carnegie Mellon","Wis.-La Crosse",40,5,4,2,1,,,"14:06","11:57","Wis.-La Crosse","Carnegie Mellon",7,0,7,3,6,69,FALSE,4,1,64,"pass_complete",TRUE,5,FALSE,TRUE,TRUE,FALSE,FALSE,FALSE,FALSE,FALSE,FALSE,FALSE,FALSE,FALSE,FALSE,FALSE,0,FALSE,FALSE,FALSE,,,FALSE,,,"PUNT","3rd and 6 at UWL31","Kyle Haas pass complete to Jack Janke for 5 yards to the UWL36 (Leighton Tarke; Ethan Ming)."
"20250913_6i95",2025,"2025-09-13",2,"regular","Carnegie Mellon","Wis.-La Crosse",41,5,5,2,1,,"11:57","14:06","11:57","Wis.-La Crosse","Carnegie Mellon",7,0,7,4,1,64,FALSE,1,10,56,"punt_with_return",TRUE,,FALSE,FALSE,FALSE,FALSE,FALSE,FALSE,FALSE,FALSE,FALSE,FALSE,FALSE,FALSE,TRUE,FALSE,0,FALSE,FALSE,TRUE,-15,"Wis.-La Crosse",FALSE,FALSE,"PENALTY UWL personal foul (Ben Walsh) 15 yards to the CMU44.","PUNT","4th and 1 at UWL36","Ethan Tranel punt 46 yards to the CMU18, Brendan McCullo return 11 yards to the CMU29 (Tyr Severson), out-of-bounds, PENALTY UWL personal foul (Ben Walsh) 15 yards to the CMU44."
"20250913_6i95",2025,"2025-09-13",2,"regular","Carnegie Mellon","Wis.-La Crosse",42,6,1,2,1,"11:57",,"11:57","11:57","Carnegie Mellon","Wis.-La Crosse",0,7,-7,1,10,56,FALSE,1,15,61,"pass_complete",TRUE,,FALSE,FALSE,FALSE,FALSE,FALSE,FALSE,FALSE,FALSE,FALSE,FALSE,FALSE,FALSE,FALSE,FALSE,0,FALSE,FALSE,TRUE,-5,"Carnegie Mellon",TRUE,FALSE,"PENALTY CMU ineligible man down field (Andy Champe) 5 yards to the CMU39, NO PLAY.","PUNT","1st and 10 at CMU44","Joey McGinnis I pass complete to Brendan McCullo for 35 yards to the UWL21, PENALTY CMU ineligible man down field (Andy Champe) 5 yards to the CMU39, NO PLAY."
"20250913_6i95",2025,"2025-09-13",2,"regular","Carnegie Mellon","Wis.-La Crosse",43,6,2,2,1,,,"11:57","10:36","Carnegie Mellon","Wis.-La Crosse",0,7,-7,1,15,61,FALSE,2,15,61,"rush",TRUE,0,TRUE,FALSE,FALSE,FALSE,FALSE,FALSE,FALSE,FALSE,FALSE,FALSE,FALSE,FALSE,FALSE,FALSE,0,FALSE,FALSE,FALSE,,,FALSE,,,"PUNT","1st and 15 at CMU39","Willem Bouma rush for no gain to the CMU39 (Ben Ott)."
"20250913_6i95",2025,"2025-09-13",2,"regular","Carnegie Mellon","Wis.-La Crosse",44,6,3,2,1,,,"11:57","10:36","Carnegie Mellon","Wis.-La Crosse",0,7,-7,2,15,61,FALSE,3,15,61,"pass_incomplete",TRUE,0,FALSE,TRUE,FALSE,FALSE,FALSE,FALSE,FALSE,FALSE,FALSE,FALSE,FALSE,FALSE,FALSE,FALSE,0,FALSE,FALSE,FALSE,,,FALSE,,,"PUNT","2nd and 15 at CMU39","Joey McGinnis I pass incomplete to Nick McCullough."
"20250913_6i95",2025,"2025-09-13",2,"regular","Carnegie Mellon","Wis.-La Crosse",45,6,4,2,1,,,"11:57","10:36","Carnegie Mellon","Wis.-La Crosse",0,7,-7,3,15,61,FALSE,4,15,61,"pass_incomplete",TRUE,0,FALSE,TRUE,FALSE,FALSE,FALSE,FALSE,FALSE,FALSE,FALSE,FALSE,FALSE,FALSE,FALSE,FALSE,0,FALSE,FALSE,FALSE,,,FALSE,,,"PUNT","3rd and 15 at CMU39","Joey McGinnis I pass incomplete to Reece Kolke."
"20250913_6i95",2025,"2025-09-13",2,"regular","Carnegie Mellon","Wis.-La Crosse",46,6,5,2,1,,,"11:57","10:36","Carnegie Mellon","Wis.-La Crosse",0,7,-7,4,15,61,FALSE,4,20,66,"penalty_no_play",TRUE,,FALSE,FALSE,FALSE,FALSE,FALSE,FALSE,FALSE,FALSE,FALSE,FALSE,FALSE,FALSE,FALSE,FALSE,0,FALSE,FALSE,TRUE,-5,"Carnegie Mellon",TRUE,FALSE,"PENALTY CMU false start (Jack Korzeniows) 5 yards to the CMU34.","PUNT","4th and 15 at CMU39","PENALTY CMU false start (Jack Korzeniows) 5 yards to the CMU34."
"20250913_6i95",2025,"2025-09-13",2,"regular","Carnegie Mellon","Wis.-La Crosse",47,6,6,2,1,,"10:36","11:57","10:36","Carnegie Mellon","Wis.-La Crosse",0,7,-7,4,20,66,FALSE,1,10,71,"punt_no_return",TRUE,,FALSE,FALSE,FALSE,FALSE,FALSE,FALSE,FALSE,FALSE,FALSE,FALSE,FALSE,FALSE,TRUE,FALSE,0,FALSE,FALSE,FALSE,,,FALSE,,,"PUNT","4th and 20 at CMU34","John Norell punt 37 yards to the UWL29, fair catch by Jack Janke."
"20250913_6i95",2025,"2025-09-13",2,"regular","Carnegie Mellon","Wis.-La Crosse",48,7,1,2,1,"10:36",,"10:36","10:36","Wis.-La Crosse","Carnegie Mellon",7,0,7,1,10,71,FALSE,2,10,71,"pass_incomplete",TRUE,0,FALSE,TRUE,FALSE,FALSE,FALSE,FALSE,FALSE,FALSE,FALSE,FALSE,FALSE,FALSE,FALSE,FALSE,0,FALSE,FALSE,FALSE,,,FALSE,,,"BLOCKED FG","1st and 10 at UWL29","Kyle Haas pass incomplete to Nolan Wulf."
"20250913_6i95",2025,"2025-09-13",2,"regular","Carnegie Mellon","Wis.-La Crosse",49,7,2,2,1,,,"10:36","05:00","Wis.-La Crosse","Carnegie Mellon",7,0,7,2,10,71,FALSE,3,8,69,"rush",TRUE,2,TRUE,FALSE,FALSE,FALSE,FALSE,FALSE,FALSE,FALSE,FALSE,FALSE,FALSE,FALSE,FALSE,FALSE,0,FALSE,FALSE,FALSE,,,FALSE,,,"BLOCKED FG","2nd and 10 at UWL29","Gabe Lynch rush for 2 yards to the UWL31 (Logan Armstrong; Jacob Franze)."
"20250913_6i95",2025,"2025-09-13",2,"regular","Carnegie Mellon","Wis.-La Crosse",50,7,3,2,1,,,"10:36","05:00","Wis.-La Crosse","Carnegie Mellon",7,0,7,3,8,69,FALSE,1,10,60,"pass_incomplete",TRUE,,FALSE,FALSE,FALSE,FALSE,FALSE,FALSE,FALSE,FALSE,FALSE,FALSE,FALSE,FALSE,FALSE,FALSE,0,FALSE,TRUE,TRUE,9,"Carnegie Mellon",TRUE,FALSE,"PENALTY CMU pass interference (Ethan Ming) 9 yards to the UWL40, NO PLAY.","BLOCKED FG","3rd and 8 at UWL31","Kyle Haas pass incomplete to Jack Janke (Ethan Ming), PENALTY CMU pass interference (Ethan Ming) 9 yards to the UWL40, NO PLAY."
"20250913_6i95",2025,"2025-09-13",2,"regular","Carnegie Mellon","Wis.-La Crosse",51,7,4,2,1,,,"10:36","05:00","Wis.-La Crosse","Carnegie Mellon",7,0,7,1,10,60,FALSE,1,10,26,"pass_complete",TRUE,34,FALSE,TRUE,TRUE,FALSE,FALSE,FALSE,FALSE,FALSE,FALSE,FALSE,FALSE,FALSE,FALSE,FALSE,0,TRUE,FALSE,FALSE,,,FALSE,,,"BLOCKED FG","1st and 10 at UWL40","Kyle Haas pass complete to Keaton Arendt for 34 yards to the CMU26 (Ethan Ming)."
"20250913_6i95",2025,"2025-09-13",2,"regular","Carnegie Mellon","Wis.-La Crosse",52,7,5,2,1,,,"10:36","05:00","Wis.-La Crosse","Carnegie Mellon",7,0,7,1,10,26,FALSE,2,11,27,"rush",TRUE,-1,TRUE,FALSE,FALSE,FALSE,FALSE,FALSE,FALSE,FALSE,FALSE,FALSE,FALSE,FALSE,FALSE,FALSE,0,FALSE,FALSE,FALSE,,,FALSE,,,"BLOCKED FG","1st and 10 at CMU26","Braedon Ott rush for loss of 1 yard to the CMU27 (Bennett Grace; Mitchell Stokey)."
"20250913_6i95",2025,"2025-09-13",2,"regular","Carnegie Mellon","Wis.-La Crosse",53,7,6,2,1,,,"10:36","05:00","Wis.-La Crosse","Carnegie Mellon",7,0,7,2,11,27,FALSE,3,4,20,"pass_complete",TRUE,7,FALSE,TRUE,TRUE,FALSE,FALSE,FALSE,FALSE,FALSE,FALSE,FALSE,FALSE,FALSE,FALSE,FALSE,0,FALSE,FALSE,FALSE,,,FALSE,,,"BLOCKED FG","2nd and 11 at CMU27","Kyle Haas pass complete to Jack Janke for 7 yards to the CMU20 (DJ Johnson), out-of-bounds."
"20250913_6i95",2025,"2025-09-13",2,"regular","Carnegie Mellon","Wis.-La Crosse",54,7,7,2,1,,,"10:36","05:00","Wis.-La Crosse","Carnegie Mellon",7,0,7,3,4,20,FALSE,3,9,25,"penalty_no_play",TRUE,,FALSE,FALSE,FALSE,FALSE,FALSE,FALSE,FALSE,FALSE,FALSE,FALSE,FALSE,FALSE,FALSE,FALSE,0,FALSE,FALSE,TRUE,-5,"Wis.-La Crosse",TRUE,FALSE,"PENALTY UWL false start (Zach Mlsna) 5 yards to the CMU25.","BLOCKED FG","3rd and 4 at CMU20","PENALTY UWL false start (Zach Mlsna) 5 yards to the CMU25."
"20250913_6i95",2025,"2025-09-13",2,"regular","Carnegie Mellon","Wis.-La Crosse",55,7,8,2,1,,,"10:36","05:00","Wis.-La Crosse","Carnegie Mellon",7,0,7,3,9,25,FALSE,1,10,14,"pass_complete",TRUE,11,FALSE,TRUE,TRUE,FALSE,FALSE,FALSE,FALSE,FALSE,FALSE,FALSE,FALSE,FALSE,FALSE,FALSE,0,TRUE,FALSE,FALSE,,,FALSE,,,"BLOCKED FG","3rd and 9 at CMU25","Kyle Haas pass complete to Keaton Arendt for 11 yards to the CMU14 (Jacob Franze)."
"20250913_6i95",2025,"2025-09-13",2,"regular","Carnegie Mellon","Wis.-La Crosse",56,7,9,2,1,,,"10:36","05:00","Wis.-La Crosse","Carnegie Mellon",7,0,7,1,10,14,FALSE,1,20,24,"rush",TRUE,,FALSE,FALSE,FALSE,FALSE,FALSE,FALSE,FALSE,FALSE,FALSE,FALSE,FALSE,FALSE,FALSE,FALSE,0,FALSE,FALSE,TRUE,-10,"Wis.-La Crosse",TRUE,FALSE,"PENALTY UWL holding 10 yards to the CMU24, NO PLAY.","BLOCKED FG","1st and 10 at CMU14","Brady Wilde rush for no gain to the CMU14 (Jack Lawson; Leighton Tarke), PENALTY UWL holding 10 yards to the CMU24, NO PLAY."
"20250913_6i95",2025,"2025-09-13",2,"regular","Carnegie Mellon","Wis.-La Crosse",57,7,10,2,1,,,"10:36","05:00","Wis.-La Crosse","Carnegie Mellon",7,0,7,1,20,24,FALSE,2,20,24,"pass_incomplete",TRUE,0,FALSE,TRUE,FALSE,FALSE,FALSE,FALSE,FALSE,FALSE,FALSE,FALSE,FALSE,FALSE,FALSE,FALSE,0,FALSE,FALSE,FALSE,,,FALSE,,,"BLOCKED FG","1st and 20 at CMU24","Kyle Haas pass incomplete, QB hurry by Robert Sturges."
"20250913_6i95",2025,"2025-09-13",2,"regular","Carnegie Mellon","Wis.-La Crosse",58,7,11,2,1,,,"10:36","05:00","Wis.-La Crosse","Carnegie Mellon",7,0,7,2,20,24,FALSE,3,14,18,"pass_complete",TRUE,6,FALSE,TRUE,TRUE,FALSE,FALSE,FALSE,FALSE,FALSE,FALSE,FALSE,FALSE,FALSE,FALSE,FALSE,0,FALSE,FALSE,FALSE,,,FALSE,,,"BLOCKED FG","2nd and 20 at CMU24","Kyle Haas pass complete to Brady Wilde for 6 yards to the CMU18 (Jack Lawson)."
"20250913_6i95",2025,"2025-09-13",2,"regular","Carnegie Mellon","Wis.-La Crosse",59,7,12,2,1,,,"10:36","05:00","Wis.-La Crosse","Carnegie Mellon",7,0,7,3,14,18,FALSE,4,14,18,"rush",TRUE,0,TRUE,FALSE,FALSE,FALSE,FALSE,FALSE,FALSE,FALSE,FALSE,FALSE,FALSE,FALSE,FALSE,FALSE,0,FALSE,FALSE,FALSE,,,FALSE,,,"BLOCKED FG","3rd and 14 at CMU18","Gabe Lynch rush for no gain to the CMU18 (Avery Campbell)."
"20250913_6i95",2025,"2025-09-13",2,"regular","Carnegie Mellon","Wis.-La Crosse",60,7,13,2,1,,"05:00","10:36","05:00","Wis.-La Crosse","Carnegie Mellon",7,0,7,4,14,18,FALSE,1,10,80,"field_goal_blocked",TRUE,,FALSE,FALSE,FALSE,FALSE,FALSE,FALSE,FALSE,FALSE,FALSE,FALSE,TRUE,FALSE,FALSE,FALSE,0,FALSE,FALSE,FALSE,,,FALSE,,,"BLOCKED FG","4th and 14 at CMU18","Maddox Pratt field goal attempt from 36 BLOCKED, recovered by CMU TEAM, spot at CMU00 (blocked by Mitchell Stokey), touchback, clock 05:00."
"20250913_6i95",2025,"2025-09-13",2,"regular","Carnegie Mellon","Wis.-La Crosse",61,8,1,2,1,"05:00",,"05:00","05:00","Carnegie Mellon","Wis.-La Crosse",0,7,-7,1,10,80,FALSE,2,5,75,"rush",TRUE,5,TRUE,FALSE,FALSE,FALSE,FALSE,FALSE,FALSE,FALSE,FALSE,FALSE,FALSE,FALSE,FALSE,FALSE,0,FALSE,FALSE,FALSE,,,FALSE,,,"TD","1st and 10 at CMU20","Joey McGinnis I rush for 5 yards to the CMU25 (Nicholo Jorndt; Tho Laufenberg)."
"20250913_6i95",2025,"2025-09-13",2,"regular","Carnegie Mellon","Wis.-La Crosse",62,8,2,2,1,,"04:29","05:00","04:29","Carnegie Mellon","Wis.-La Crosse",0,7,-7,2,5,75,FALSE,,,,"pass_complete",TRUE,75,FALSE,TRUE,TRUE,FALSE,FALSE,FALSE,FALSE,FALSE,TRUE,FALSE,FALSE,FALSE,FALSE,TRUE,6,TRUE,FALSE,FALSE,,,FALSE,,,"TD","2nd and 5 at CMU25","Joey McGinnis I pass complete to Brendan McCullo for 75 yards to the UWL00, TOUCHDOWN, clock 04:29."
"20250913_6i95",2025,"2025-09-13",2,"regular","Carnegie Mellon","Wis.-La Crosse",63,8,3,2,1,"04:29",,"04:29","04:29","Carnegie Mellon","Wis.-La Crosse",6,7,-1,,,,,,,,"extra_point",FALSE,,FALSE,FALSE,FALSE,FALSE,FALSE,FALSE,FALSE,FALSE,FALSE,FALSE,FALSE,FALSE,FALSE,TRUE,1,FALSE,FALSE,FALSE,,,FALSE,,,"TD","","Justin Caputo kick attempt good."
"20250913_6i95",2025,"2025-09-13",2,"regular","Carnegie Mellon","Wis.-La Crosse",64,9,1,2,1,"04:29","04:29","04:29","04:29","Wis.-La Crosse","Carnegie Mellon",7,7,0,,,,,1,10,75,"kickoff",FALSE,,FALSE,FALSE,FALSE,FALSE,FALSE,FALSE,FALSE,FALSE,FALSE,FALSE,FALSE,FALSE,FALSE,FALSE,0,FALSE,FALSE,FALSE,,,FALSE,,,"TD","","Noah Godhard kickoff 65 yards to the UWL00, touchback."
"20250913_6i95",2025,"2025-09-13",2,"regular","Carnegie Mellon","Wis.-La Crosse",65,9,2,2,1,"04:29",,"04:29","04:29","Wis.-La Crosse","Carnegie Mellon",7,7,0,1,10,75,FALSE,2,7,72,"pass_complete",TRUE,4,FALSE,TRUE,TRUE,FALSE,FALSE,TRUE,FALSE,FALSE,FALSE,FALSE,FALSE,FALSE,FALSE,FALSE,0,FALSE,FALSE,FALSE,,,FALSE,,,"TD","1st and 10 at UWL25","Kyle Haas pass complete to Jack Janke for 4 yards to the UWL29, fumble forced by Jack Lawson, fumble by Jack Janke recovered by UWL Jack Janke at UWL28."
"20250913_6i95",2025,"2025-09-13",2,"regular","Carnegie Mellon","Wis.-La Crosse",66,9,3,2,1,,,"04:29","02:00","Wis.-La Crosse","Carnegie Mellon",7,7,0,2,7,72,FALSE,3,4,69,"rush",TRUE,3,TRUE,FALSE,FALSE,FALSE,FALSE,FALSE,FALSE,FALSE,FALSE,FALSE,FALSE,FALSE,FALSE,FALSE,0,FALSE,FALSE,FALSE,,,FALSE,,,"TD","2nd and 7 at UWL28","Gabe Lynch rush for 3 yards to the UWL31 (Ethan Ming; Leighton Tarke)."
"20250913_6i95",2025,"2025-09-13",2,"regular","Carnegie Mellon","Wis.-La Crosse",67,9,4,2,1,,,"04:29","02:00","Wis.-La Crosse","Carnegie Mellon",7,7,0,3,4,69,FALSE,1,10,64,"rush",TRUE,5,TRUE,FALSE,FALSE,FALSE,FALSE,FALSE,FALSE,FALSE,FALSE,FALSE,FALSE,FALSE,FALSE,FALSE,0,TRUE,FALSE,FALSE,,,FALSE,,,"TD","3rd and 4 at UWL31","Gabe Lynch rush for 5 yards to the UWL36 (Amani Tchamwa; Lucas Hazard)."
"20250913_6i95",2025,"2025-09-13",2,"regular","Carnegie Mellon","Wis.-La Crosse",68,9,5,2,1,,,"04:29","02:00","Wis.-La Crosse","Carnegie Mellon",7,7,0,1,10,64,FALSE,1,10,53,"pass_complete",TRUE,11,FALSE,TRUE,TRUE,FALSE,FALSE,FALSE,FALSE,FALSE,FALSE,FALSE,FALSE,FALSE,FALSE,FALSE,0,TRUE,FALSE,FALSE,,,FALSE,,,"TD","1st and 10 at UWL36","Kyle Haas pass complete to Jack Rilling for 11 yards to the UWL47 (DJ Johnson)."
"20250913_6i95",2025,"2025-09-13",2,"regular","Carnegie Mellon","Wis.-La Crosse",69,9,6,2,1,,,"04:29","02:00","Wis.-La Crosse","Carnegie Mellon",7,7,0,1,10,53,FALSE,2,4,47,"pass_complete",TRUE,6,FALSE,TRUE,TRUE,FALSE,FALSE,FALSE,FALSE,FALSE,FALSE,FALSE,FALSE,FALSE,FALSE,FALSE,0,FALSE,FALSE,FALSE,,,FALSE,,,"TD","1st and 10 at UWL47","Kyle Haas pass complete to Cade Myszewski for 6 yards to the CMU47 (Ethan Ming; Jacob Franze)."
"20250913_6i95",2025,"2025-09-13",2,"regular","Carnegie Mellon","Wis.-La Crosse",70,9,7,2,1,,,"02:00","00:27","Wis.-La Crosse","Carnegie Mellon",7,7,0,2,4,47,FALSE,1,10,29,"rush",TRUE,18,TRUE,FALSE,FALSE,FALSE,FALSE,FALSE,FALSE,FALSE,FALSE,FALSE,FALSE,FALSE,FALSE,FALSE,0,TRUE,FALSE,FALSE,,,FALSE,,,"TD","2nd and 4 at CMU47","Kyle Haas rush for 18 yards to the CMU29 (Jack Korzeniows)."
"20250913_6i95",2025,"2025-09-13",2,"regular","Carnegie Mellon","Wis.-La Crosse",71,9,8,2,1,,,"02:00","00:27","Wis.-La Crosse","Carnegie Mellon",7,7,0,1,10,29,FALSE,2,7,26,"pass_complete",TRUE,3,FALSE,TRUE,TRUE,FALSE,FALSE,FALSE,FALSE,FALSE,FALSE,FALSE,FALSE,FALSE,FALSE,FALSE,0,FALSE,FALSE,FALSE,,,FALSE,,,"TD","1st and 10 at CMU29","Kyle Haas pass complete to Gabe Lynch for 3 yards to the CMU26 (Ethan Ming), out-of-bounds."
"20250913_6i95",2025,"2025-09-13",2,"regular","Carnegie Mellon","Wis.-La Crosse",72,9,9,2,1,,,"02:00","00:27","Wis.-La Crosse","Carnegie Mellon",7,7,0,2,7,26,FALSE,3,1,20,"rush",TRUE,6,TRUE,FALSE,FALSE,FALSE,FALSE,FALSE,FALSE,FALSE,FALSE,FALSE,FALSE,FALSE,FALSE,FALSE,0,FALSE,FALSE,FALSE,,,FALSE,,,"TD","2nd and 7 at CMU26","Gabe Lynch rush for 6 yards to the CMU20 (Logan Armstrong)."
"20250913_6i95",2025,"2025-09-13",2,"regular","Carnegie Mellon","Wis.-La Crosse",73,9,10,2,1,,,"02:00","00:27","Wis.-La Crosse","Carnegie Mellon",7,7,0,3,1,20,FALSE,1,10,11,"rush",TRUE,9,TRUE,FALSE,FALSE,FALSE,FALSE,FALSE,FALSE,FALSE,FALSE,FALSE,FALSE,FALSE,FALSE,FALSE,0,TRUE,FALSE,FALSE,,,FALSE,,,"TD","3rd and 1 at CMU20","Kyle Haas rush for 9 yards to the CMU11 (Ethan Ming), out-of-bounds."
"20250913_6i95",2025,"2025-09-13",2,"regular","Carnegie Mellon","Wis.-La Crosse",74,9,11,2,1,,,"02:00","00:27","Wis.-La Crosse","Carnegie Mellon",7,7,0,1,10,11,FALSE,2,10,11,"pass_incomplete",TRUE,0,FALSE,TRUE,FALSE,FALSE,FALSE,FALSE,FALSE,FALSE,FALSE,FALSE,FALSE,FALSE,FALSE,FALSE,0,FALSE,FALSE,FALSE,,,FALSE,,,"TD","1st and 10 at CMU11","Kyle Haas pass incomplete to Keaton Arendt (Tai Mann)."
"20250913_6i95",2025,"2025-09-13",2,"regular","Carnegie Mellon","Wis.-La Crosse",75,9,12,2,1,,"00:27","02:00","00:27","Wis.-La Crosse","Carnegie Mellon",7,7,0,2,10,11,FALSE,,,,"rush",TRUE,11,TRUE,FALSE,FALSE,FALSE,FALSE,FALSE,FALSE,FALSE,TRUE,FALSE,FALSE,FALSE,FALSE,TRUE,6,TRUE,FALSE,FALSE,,,FALSE,,,"TD","2nd and 10 at CMU11","Gabe Lynch rush for 11 yards to the CMU00, TOUCHDOWN, clock 00:27."
"20250913_6i95",2025,"2025-09-13",2,"regular","Carnegie Mellon","Wis.-La Crosse",76,9,13,2,1,"00:27",,"00:27","00:27","Wis.-La Crosse","Carnegie Mellon",13,7,6,,,,,,,,"extra_point",FALSE,,FALSE,FALSE,FALSE,FALSE,FALSE,FALSE,FALSE,FALSE,FALSE,FALSE,FALSE,FALSE,FALSE,TRUE,1,FALSE,FALSE,FALSE,,,FALSE,,,"TD","","Michael Stack kick attempt good."
"20250913_6i95",2025,"2025-09-13",2,"regular","Carnegie Mellon","Wis.-La Crosse",77,10,1,2,1,"00:27","00:21","00:27","00:27","Carnegie Mellon","Wis.-La Crosse",7,14,-7,,,,,1,10,71,"kickoff",FALSE,,FALSE,FALSE,FALSE,FALSE,FALSE,FALSE,FALSE,FALSE,FALSE,FALSE,FALSE,FALSE,FALSE,FALSE,0,FALSE,FALSE,FALSE,,,FALSE,,,"MISSED FG","","Michael Stack kickoff 63 yards to the CMU02, Nick McCullough return 27 yards to the CMU29 (Steven Piontek; Colin O'Neil)."
"20250913_6i95",2025,"2025-09-13",2,"regular","Carnegie Mellon","Wis.-La Crosse",78,10,2,2,1,"00:21",,"00:21","00:21","Carnegie Mellon","Wis.-La Crosse",7,14,-7,1,10,71,FALSE,1,10,51,"pass_complete",TRUE,20,FALSE,TRUE,TRUE,FALSE,FALSE,FALSE,FALSE,FALSE,FALSE,FALSE,FALSE,FALSE,FALSE,FALSE,0,TRUE,FALSE,FALSE,,,FALSE,,,"MISSED FG","1st and 10 at CMU29","Joey McGinnis I pass complete to Brendan McCullo for 20 yards to the CMU49 (Jared Pelishek)."
"20250913_6i95",2025,"2025-09-13",2,"regular","Carnegie Mellon","Wis.-La Crosse",79,10,3,2,1,"00:16",,"00:16","00:16","Carnegie Mellon","Wis.-La Crosse",7,14,-7,1,10,51,FALSE,2,1,42,"pass_complete",TRUE,9,FALSE,TRUE,TRUE,FALSE,FALSE,FALSE,FALSE,FALSE,FALSE,FALSE,FALSE,FALSE,FALSE,FALSE,0,FALSE,FALSE,FALSE,,,FALSE,,,"MISSED FG","1st and 10 at CMU49","Joey McGinnis I pass complete to Willem Bouma for 9 yards to the UWL42 (Tate Pitcher), out-of-bounds."
"20250913_6i95",2025,"2025-09-13",2,"regular","Carnegie Mellon","Wis.-La Crosse",80,10,4,2,1,,,"00:16","00:04","Carnegie Mellon","Wis.-La Crosse",7,14,-7,2,1,42,FALSE,1,10,26,"pass_complete",TRUE,16,FALSE,TRUE,TRUE,FALSE,FALSE,FALSE,FALSE,FALSE,FALSE,FALSE,FALSE,FALSE,FALSE,FALSE,0,TRUE,FALSE,FALSE,,,FALSE,,,"MISSED FG","2nd and 1 at UWL42","Joey McGinnis I pass complete to Brendan McCullo for 16 yards to the UWL26 (Colin O'Neil; Gr Achterkirch)."
"20250913_6i95",2025,"2025-09-13",2,"regular","Carnegie Mellon","Wis.-La Crosse",81,10,5,2,1,"00:04","00:00","00:04","00:04","Carnegie Mellon","Wis.-La Crosse",7,14,-7,1,10,26,FALSE,,,,"field_goal_missed",TRUE,,FALSE,FALSE,FALSE,FALSE,FALSE,FALSE,FALSE,FALSE,FALSE,FALSE,TRUE,FALSE,FALSE,FALSE,0,FALSE,FALSE,FALSE,,,FALSE,,,"MISSED FG","1st and 10 at UWL26","Justin Caputo field goal attempt from 43 MISSED - wide right, spot at UWL26."
"20250913_6i95",2025,"2025-09-13",2,"regular","Carnegie Mellon","Wis.-La Crosse",82,11,1,3,2,"15:00","14:52","15:00","15:00","Carnegie Mellon","Wis.-La Crosse",7,14,-7,,,,,1,10,68,"kickoff",FALSE,,FALSE,FALSE,FALSE,FALSE,FALSE,FALSE,FALSE,FALSE,FALSE,FALSE,FALSE,FALSE,FALSE,FALSE,0,FALSE,FALSE,FALSE,,,FALSE,,,"PUNT","","Michael Stack kickoff 61 yards to the CMU04, Nick McCullough return 28 yards to the CMU32 (Calahan Miles)."
"20250913_6i95",2025,"2025-09-13",2,"regular","Carnegie Mellon","Wis.-La Crosse",83,11,2,3,2,"14:52",,"14:52","14:52","Carnegie Mellon","Wis.-La Crosse",7,14,-7,1,10,68,FALSE,1,15,73,"penalty_no_play",TRUE,,FALSE,FALSE,FALSE,FALSE,FALSE,FALSE,FALSE,FALSE,FALSE,FALSE,FALSE,FALSE,FALSE,FALSE,0,FALSE,FALSE,TRUE,-5,"Carnegie Mellon",TRUE,FALSE,"PENALTY CMU false start (Jake Langdon) 5 yards to the CMU27.","PUNT","1st and 10 at CMU32","PENALTY CMU false start (Jake Langdon) 5 yards to the CMU27."
"20250913_6i95",2025,"2025-09-13",2,"regular","Carnegie Mellon","Wis.-La Crosse",84,11,3,3,2,"14:52",,"14:52","14:52","Carnegie Mellon","Wis.-La Crosse",7,14,-7,1,15,73,FALSE,2,15,73,"pass_incomplete",TRUE,0,FALSE,TRUE,FALSE,FALSE,FALSE,FALSE,FALSE,FALSE,FALSE,FALSE,FALSE,FALSE,FALSE,FALSE,0,FALSE,FALSE,FALSE,,,FALSE,,,"PUNT","1st and 15 at CMU27","Joey McGinnis I pass incomplete to Nick McCullough (Sa Balistrieri)."
"20250913_6i95",2025,"2025-09-13",2,"regular","Carnegie Mellon","Wis.-La Crosse",85,11,4,3,2,,,"14:52","13:45","Carnegie Mellon","Wis.-La Crosse",7,14,-7,2,15,73,FALSE,3,9,67,"pass_complete",TRUE,6,FALSE,TRUE,TRUE,FALSE,FALSE,FALSE,FALSE,FALSE,FALSE,FALSE,FALSE,FALSE,FALSE,FALSE,0,FALSE,FALSE,FALSE,,,FALSE,,,"PUNT","2nd and 15 at CMU27","Joey McGinnis I pass complete to Danny Moynihan for 6 yards to the CMU33 (Tyr Severson; Tyler Shaver)."
"20250913_6i95",2025,"2025-09-13",2,"regular","Carnegie Mellon","Wis.-La Crosse",86,11,5,3,2,,,"14:52","13:45","Carnegie Mellon","Wis.-La Crosse",7,14,-7,3,9,67,FALSE,4,9,67,"pass_incomplete",TRUE,0,FALSE,TRUE,FALSE,FALSE,FALSE,FALSE,FALSE,FALSE,FALSE,FALSE,FALSE,FALSE,FALSE,FALSE,0,FALSE,FALSE,FALSE,,,FALSE,,,"PUNT","3rd and 9 at CMU33","Joey McGinnis I pass incomplete to Brendan McCullo, QB hurry by Jac Wesolowski."
"20250913_6i95",2025,"2025-09-13",2,"regular","Carnegie Mellon","Wis.-La Crosse",87,11,6,3,2,,"13:45","14:52","13:45","Carnegie Mellon","Wis.-La Crosse",7,14,-7,4,9,67,FALSE,1,10,89,"punt_no_return",TRUE,,FALSE,FALSE,FALSE,FALSE,FALSE,FALSE,FALSE,FALSE,FALSE,FALSE,FALSE,FALSE,TRUE,FALSE,0,FALSE,FALSE,FALSE,,,FALSE,,,"PUNT","4th and 9 at CMU33","John Norell punt 56 yards to the UWL11, downed."
"20250913_6i95",2025,"2025-09-13",2,"regular","Carnegie Mellon","Wis.-La Crosse",88,12,1,3,2,"13:45",,"13:45","13:45","Wis.-La Crosse","Carnegie Mellon",14,7,7,1,10,89,FALSE,2,11,90,"rush",TRUE,-1,TRUE,FALSE,FALSE,FALSE,FALSE,FALSE,FALSE,FALSE,FALSE,FALSE,FALSE,FALSE,FALSE,FALSE,0,FALSE,FALSE,FALSE,,,FALSE,,,"FG","1st and 10 at UWL11","Gabe Lynch rush for loss of 1 yard to the UWL10 (Amani Tchamwa; Jacob Franze)."
"20250913_6i95",2025,"2025-09-13",2,"regular","Carnegie Mellon","Wis.-La Crosse",89,12,2,3,2,,,"13:45","07:26","Wis.-La Crosse","Carnegie Mellon",14,7,7,2,11,90,FALSE,1,10,61,"pass_complete",TRUE,29,FALSE,TRUE,TRUE,FALSE,FALSE,FALSE,FALSE,FALSE,FALSE,FALSE,FALSE,FALSE,FALSE,FALSE,0,TRUE,FALSE,FALSE,,,FALSE,,,"FG","2nd and 11 at UWL10","Kyle Haas pass complete to Jack Janke for 29 yards to the UWL39 (Tai Mann), out-of-bounds."
"20250913_6i95",2025,"2025-09-13",2,"regular","Carnegie Mellon","Wis.-La Crosse",90,12,3,3,2,,,"13:45","07:26","Wis.-La Crosse","Carnegie Mellon",14,7,7,1,10,61,FALSE,2,4,55,"rush",TRUE,6,TRUE,FALSE,FALSE,FALSE,FALSE,FALSE,FALSE,FALSE,FALSE,FALSE,FALSE,FALSE,FALSE,FALSE,0,FALSE,FALSE,FALSE,,,FALSE,,,"FG","1st and 10 at UWL39","Kyle Haas rush for 6 yards to the UWL45 (Leighton Tarke; Ethan Ming)."
"20250913_6i95",2025,"2025-09-13",2,"regular","Carnegie Mellon","Wis.-La Crosse",91,12,4,3,2,,,"13:45","07:26","Wis.-La Crosse","Carnegie Mellon",14,7,7,2,4,55,FALSE,1,10,49,"pass_complete",TRUE,6,FALSE,TRUE,TRUE,FALSE,FALSE,FALSE,FALSE,FALSE,FALSE,FALSE,FALSE,FALSE,FALSE,FALSE,0,TRUE,FALSE,FALSE,,,FALSE,,,"FG","2nd and 4 at UWL45","Kyle Haas pass complete to Keaton Arendt for 6 yards to the CMU49 (Ethan Ming), out-of-bounds."
"20250913_6i95",2025,"2025-09-13",2,"regular","Carnegie Mellon","Wis.-La Crosse",92,12,5,3,2,,,"13:45","07:26","Wis.-La Crosse","Carnegie Mellon",14,7,7,1,10,49,FALSE,2,2,41,"rush",TRUE,8,TRUE,FALSE,FALSE,FALSE,FALSE,FALSE,FALSE,FALSE,FALSE,FALSE,FALSE,FALSE,FALSE,FALSE,0,FALSE,FALSE,FALSE,,,FALSE,,,"FG","1st and 10 at CMU49","Owen Leitel rush for 8 yards to the CMU41 (Connor Warren)."
"20250913_6i95",2025,"2025-09-13",2,"regular","Carnegie Mellon","Wis.-La Crosse",93,12,6,3,2,,,"13:45","07:26","Wis.-La Crosse","Carnegie Mellon",14,7,7,2,2,41,FALSE,1,10,35,"rush",TRUE,6,TRUE,FALSE,FALSE,FALSE,FALSE,FALSE,FALSE,FALSE,FALSE,FALSE,FALSE,FALSE,FALSE,FALSE,0,TRUE,FALSE,FALSE,,,FALSE,,,"FG","2nd and 2 at CMU41","Owen Leitel rush for 6 yards to the CMU35 (Jack Lawson; Jacob Franze)."
"20250913_6i95",2025,"2025-09-13",2,"regular","Carnegie Mellon","Wis.-La Crosse",94,12,7,3,2,,,"13:45","07:26","Wis.-La Crosse","Carnegie Mellon",14,7,7,1,10,35,FALSE,2,10,35,"pass_incomplete",TRUE,0,FALSE,TRUE,FALSE,FALSE,FALSE,FALSE,FALSE,FALSE,FALSE,FALSE,FALSE,FALSE,FALSE,FALSE,0,FALSE,FALSE,FALSE,,,FALSE,,,"FG","1st and 10 at CMU35","Kyle Haas pass incomplete to Keaton Arendt (Ethan Ming)."
"20250913_6i95",2025,"2025-09-13",2,"regular","Carnegie Mellon","Wis.-La Crosse",95,12,8,3,2,,,"13:45","07:26","Wis.-La Crosse","Carnegie Mellon",14,7,7,2,10,35,FALSE,3,5,30,"rush",TRUE,5,TRUE,FALSE,FALSE,FALSE,FALSE,FALSE,FALSE,FALSE,FALSE,FALSE,FALSE,FALSE,FALSE,FALSE,0,FALSE,FALSE,FALSE,,,FALSE,,,"FG","2nd and 10 at CMU35","Braedon Ott rush for 5 yards to the CMU30 (Mitchell Stokey; Jack Lawson)."
"20250913_6i95",2025,"2025-09-13",2,"regular","Carnegie Mellon","Wis.-La Crosse",96,12,9,3,2,,,"13:45","07:26","Wis.-La Crosse","Carnegie Mellon",14,7,7,3,5,30,FALSE,1,10,13,"pass_complete",TRUE,17,FALSE,TRUE,TRUE,FALSE,FALSE,FALSE,FALSE,FALSE,FALSE,FALSE,FALSE,FALSE,FALSE,FALSE,0,TRUE,FALSE,FALSE,,,FALSE,,,"FG","3rd and 5 at CMU30","Kyle Haas pass complete to Jack Janke for 17 yards to the CMU13 (Jack Korzeniows), out-of-bounds."
"20250913_6i95",2025,"2025-09-13",2,"regular","Carnegie Mellon","Wis.-La Crosse",97,12,10,3,2,,,"13:45","07:26","Wis.-La Crosse","Carnegie Mellon",14,7,7,1,10,13,FALSE,2,5,8,"rush",TRUE,5,TRUE,FALSE,FALSE,FALSE,FALSE,FALSE,FALSE,FALSE,FALSE,FALSE,FALSE,FALSE,FALSE,FALSE,0,FALSE,FALSE,FALSE,,,FALSE,,,"FG","1st and 10 at CMU13","Gabe Lynch rush for 5 yards to the CMU08 (Gabe Bonnet)."
"20250913_6i95",2025,"2025-09-13",2,"regular","Carnegie Mellon","Wis.-La Crosse",98,12,11,3,2,,,"13:45","07:26","Wis.-La Crosse","Carnegie Mellon",14,7,7,2,5,8,FALSE,3,14,17,"sack",TRUE,-9,FALSE,FALSE,FALSE,TRUE,FALSE,FALSE,FALSE,FALSE,FALSE,FALSE,FALSE,FALSE,FALSE,FALSE,0,FALSE,FALSE,FALSE,,,FALSE,,,"FG","2nd and 5 at CMU08","Kyle Haas sacked for loss of 9 yards to the CMU17 (Mitchell Stokey)."
"20250913_6i95",2025,"2025-09-13",2,"regular","Carnegie Mellon","Wis.-La Crosse",99,12,12,3,2,,,"13:45","07:26","Wis.-La Crosse","Carnegie Mellon",14,7,7,3,14,17,FALSE,4,14,17,"pass_incomplete",TRUE,0,FALSE,TRUE,FALSE,FALSE,FALSE,FALSE,FALSE,FALSE,FALSE,FALSE,FALSE,FALSE,FALSE,FALSE,0,FALSE,FALSE,FALSE,,,FALSE,,,"FG","3rd and 14 at CMU17","Kyle Haas pass incomplete to Evan Richmond, dropped pass."
"20250913_6i95",2025,"2025-09-13",2,"regular","Carnegie Mellon","Wis.-La Crosse",100,12,13,3,2,,"07:26","13:45","07:26","Wis.-La Crosse","Carnegie Mellon",14,7,7,4,14,17,FALSE,,,,"field_goal_good",TRUE,,FALSE,FALSE,FALSE,FALSE,FALSE,FALSE,FALSE,FALSE,FALSE,FALSE,TRUE,TRUE,FALSE,TRUE,3,FALSE,FALSE,FALSE,,,FALSE,,,"FG","4th and 14 at CMU17","Maddox Pratt field goal attempt from 34 GOOD, clock 07:26."
"20250913_6i95",2025,"2025-09-13",2,"regular","Carnegie Mellon","Wis.-La Crosse",101,13,1,3,2,"07:26","07:21","07:26","07:26","Carnegie Mellon","Wis.-La Crosse",7,17,-10,,,,,1,10,78,"kickoff",FALSE,,FALSE,FALSE,FALSE,FALSE,FALSE,FALSE,FALSE,FALSE,FALSE,FALSE,FALSE,FALSE,FALSE,FALSE,0,FALSE,FALSE,FALSE,,,FALSE,,,"INT","","Michael Stack kickoff 48 yards to the CMU17, Nick McCullough return 5 yards to the CMU22 (Kyle Lynch)."
"20250913_6i95",2025,"2025-09-13",2,"regular","Carnegie Mellon","Wis.-La Crosse",102,13,2,3,2,"07:21",,"07:21","07:21","Carnegie Mellon","Wis.-La Crosse",7,17,-10,1,10,78,FALSE,2,7,75,"rush",TRUE,3,TRUE,FALSE,FALSE,FALSE,FALSE,FALSE,FALSE,FALSE,FALSE,FALSE,FALSE,FALSE,FALSE,FALSE,0,FALSE,FALSE,FALSE,,,FALSE,,,"INT","1st and 10 at CMU22","Willem Bouma rush for 3 yards to the CMU25 (Ben Ott)."
"20250913_6i95",2025,"2025-09-13",2,"regular","Carnegie Mellon","Wis.-La Crosse",103,13,3,3,2,,"06:32","07:21","06:32","Carnegie Mellon","Wis.-La Crosse",7,17,-10,2,7,75,FALSE,,,,"pass_intercepted",TRUE,,FALSE,TRUE,FALSE,FALSE,TRUE,FALSE,TRUE,FALSE,TRUE,FALSE,FALSE,FALSE,FALSE,TRUE,-6,FALSE,FALSE,FALSE,,,FALSE,,,"INT","2nd and 7 at CMU25","Joey McGinnis I pass intercepted by Sam Baumgard at the CMU41, Sam Baumgard return 41 yards to the CMU00, TOUCHDOWN, clock 06:32."
"20250913_6i95",2025,"2025-09-13",2,"regular","Carnegie Mellon","Wis.-La Crosse",104,13,4,3,2,"06:32",,"06:32","06:32","Wis.-La Crosse","Carnegie Mellon",23,7,16,,,,,,,,"extra_point",FALSE,,FALSE,FALSE,FALSE,FALSE,FALSE,FALSE,FALSE,FALSE,FALSE,FALSE,FALSE,FALSE,FALSE,TRUE,1,FALSE,FALSE,FALSE,,,FALSE,,,"INT","","Michael Stack kick attempt good."
"20250913_6i95",2025,"2025-09-13",2,"regular","Carnegie Mellon","Wis.-La Crosse",105,13,5,3,2,"06:32",,"06:32","06:32","Wis.-La Crosse","Carnegie Mellon",24,7,17,1,10,65,FALSE,,,,"penalty_no_play",TRUE,,FALSE,FALSE,FALSE,FALSE,FALSE,FALSE,FALSE,FALSE,FALSE,FALSE,FALSE,FALSE,FALSE,FALSE,0,FALSE,FALSE,TRUE,15,"Carnegie Mellon",TRUE,FALSE,"PENALTY CMU unsportmanlike conduct (Danny Moynihan) 15 yards to the 50 yardline.","INT","1st and 10 at UWL35","PENALTY CMU unsportmanlike conduct (Danny Moynihan) 15 yards to the 50 yardline."
"20250913_6i95",2025,"2025-09-13",2,"regular","Carnegie Mellon","Wis.-La Crosse",106,13,6,3,2,"06:32",,"06:32","06:32","Wis.-La Crosse","Carnegie Mellon",24,7,17,1,10,50,FALSE,,,,"penalty_no_play",TRUE,,FALSE,FALSE,FALSE,FALSE,FALSE,FALSE,FALSE,FALSE,FALSE,FALSE,FALSE,FALSE,FALSE,FALSE,0,FALSE,FALSE,TRUE,,,FALSE,FALSE,,"INT","1st and 10 at UWL50","Penalty after touchdown before PAT"
"20250913_6i95",2025,"2025-09-13",2,"regular","Carnegie Mellon","Wis.-La Crosse",107,14,1,3,2,"06:32","06:32","06:32","06:32","Carnegie Mellon","Wis.-La Crosse",7,24,-17,,,,,1,10,75,"kickoff",FALSE,,FALSE,FALSE,FALSE,FALSE,FALSE,FALSE,FALSE,FALSE,FALSE,FALSE,FALSE,FALSE,FALSE,FALSE,0,FALSE,FALSE,FALSE,,,FALSE,,,"INT","","Michael Stack kickoff 50 yards to the CMU00, touchback."
"20250913_6i95",2025,"2025-09-13",2,"regular","Carnegie Mellon","Wis.-La Crosse",108,14,2,3,2,"06:32",,"06:32","06:32","Carnegie Mellon","Wis.-La Crosse",7,24,-17,1,10,75,FALSE,2,5,70,"rush",TRUE,5,TRUE,FALSE,FALSE,FALSE,FALSE,FALSE,FALSE,FALSE,FALSE,FALSE,FALSE,FALSE,FALSE,FALSE,0,FALSE,FALSE,FALSE,,,FALSE,,,"INT","1st and 10 at CMU25","Willem Bouma rush for 5 yards to the CMU30 (Tate Pitcher)."
"20250913_6i95",2025,"2025-09-13",2,"regular","Carnegie Mellon","Wis.-La Crosse",109,14,3,3,2,,,"06:32","03:43","Carnegie Mellon","Wis.-La Crosse",7,24,-17,2,5,70,FALSE,1,10,49,"pass_complete",TRUE,21,FALSE,TRUE,TRUE,FALSE,FALSE,FALSE,FALSE,FALSE,FALSE,FALSE,FALSE,FALSE,FALSE,FALSE,0,TRUE,FALSE,FALSE,,,FALSE,,,"INT","2nd and 5 at CMU30","Joey McGinnis I pass complete to Danny Moynihan for 21 yards to the UWL49 (Tyler Shaver)."
"20250913_6i95",2025,"2025-09-13",2,"regular","Carnegie Mellon","Wis.-La Crosse",110,14,4,3,2,,,"06:32","03:43","Carnegie Mellon","Wis.-La Crosse",7,24,-17,1,10,49,FALSE,2,10,49,"pass_incomplete",TRUE,0,FALSE,TRUE,FALSE,FALSE,FALSE,FALSE,FALSE,FALSE,FALSE,FALSE,FALSE,FALSE,FALSE,FALSE,0,FALSE,FALSE,FALSE,,,FALSE,,,"INT","1st and 10 at UWL49","Joey McGinnis I pass incomplete to Reece Kolke (Tho Laufenberg)."
"20250913_6i95",2025,"2025-09-13",2,"regular","Carnegie Mellon","Wis.-La Crosse",111,14,5,3,2,,,"06:32","03:43","Carnegie Mellon","Wis.-La Crosse",7,24,-17,2,10,49,FALSE,1,10,31,"pass_complete",TRUE,18,FALSE,TRUE,TRUE,FALSE,FALSE,FALSE,FALSE,FALSE,FALSE,FALSE,FALSE,FALSE,FALSE,FALSE,0,TRUE,FALSE,FALSE,,,FALSE,,,"INT","2nd and 10 at UWL49","Joey McGinnis I pass complete to Brendan McCullo for 18 yards to the UWL31 (Trent Mullen)."
"20250913_6i95",2025,"2025-09-13",2,"regular","Carnegie Mellon","Wis.-La Crosse",112,14,6,3,2,,,"06:32","03:43","Carnegie Mellon","Wis.-La Crosse",7,24,-17,1,10,31,FALSE,2,8,29,"rush",TRUE,2,TRUE,FALSE,FALSE,FALSE,FALSE,FALSE,FALSE,FALSE,FALSE,FALSE,FALSE,FALSE,FALSE,FALSE,0,FALSE,FALSE,FALSE,,,FALSE,,,"INT","1st and 10 at UWL31","Joey McGinnis I rush for 2 yards to the UWL29 (Tyler Burkley)."
"20250913_6i95",2025,"2025-09-13",2,"regular","Carnegie Mellon","Wis.-La Crosse",113,14,7,3,2,,,"06:32","03:43","Carnegie Mellon","Wis.-La Crosse",7,24,-17,2,8,29,FALSE,1,8,8,"pass_complete",TRUE,21,FALSE,TRUE,TRUE,FALSE,FALSE,FALSE,FALSE,FALSE,FALSE,FALSE,FALSE,FALSE,FALSE,FALSE,0,TRUE,FALSE,FALSE,,,FALSE,,,"INT","2nd and 8 at UWL29","Joey McGinnis I pass complete to Brendan McCullo for 21 yards to the UWL08 (Sa Balistrieri)."
"20250913_6i95",2025,"2025-09-13",2,"regular","Carnegie Mellon","Wis.-La Crosse",114,14,8,3,2,,"03:43","06:32","03:43","Carnegie Mellon","Wis.-La Crosse",7,24,-17,1,8,8,TRUE,1,13,13,"rush",TRUE,,FALSE,FALSE,FALSE,FALSE,FALSE,FALSE,FALSE,FALSE,FALSE,FALSE,FALSE,FALSE,FALSE,FALSE,0,FALSE,FALSE,TRUE,-5,"Carnegie Mellon",TRUE,FALSE,"PENALTY CMU illegal formation 5 yards to the UWL13, NO PLAY.","INT","1st and Goal at UWL08","Joey McGinnis I rush for 8 yards to the UWL00, TOUCHDOWN, clock 03:43, PENALTY CMU illegal formation 5 yards to the UWL13, NO PLAY."
"20250913_6i95",2025,"2025-09-13",2,"regular","Carnegie Mellon","Wis.-La Crosse",115,14,9,3,2,,,"03:43","02:57","Carnegie Mellon","Wis.-La Crosse",7,24,-17,1,13,13,TRUE,2,15,15,"pass_complete",TRUE,-2,FALSE,TRUE,TRUE,FALSE,FALSE,FALSE,FALSE,FALSE,FALSE,FALSE,FALSE,FALSE,FALSE,FALSE,0,FALSE,FALSE,FALSE,,,FALSE,,,"INT","1st and Goal at UWL13","Joey McGinnis I pass complete to Brendan McCullo for loss of 2 yards to the UWL15 (Trent Mullen)."
"20250913_6i95",2025,"2025-09-13",2,"regular","Carnegie Mellon","Wis.-La Crosse",116,14,10,3,2,,"02:57","03:43","02:57","Carnegie Mellon","Wis.-La Crosse",7,24,-17,2,15,15,TRUE,1,10,94,"pass_intercepted",TRUE,,FALSE,TRUE,FALSE,FALSE,TRUE,FALSE,TRUE,FALSE,FALSE,FALSE,FALSE,FALSE,FALSE,FALSE,0,FALSE,FALSE,FALSE,,,FALSE,,,"INT","2nd and Goal at UWL15","Joey McGinnis I pass intercepted by Trent Mullen at the UWL06, Trent Mullen return 0 yards to the UWL06."
"20250913_6i95",2025,"2025-09-13",2,"regular","Carnegie Mellon","Wis.-La Crosse",117,15,1,3,2,"02:57",,"02:57","02:57","Wis.-La Crosse","Carnegie Mellon",24,7,17,1,10,94,FALSE,2,7,91,"rush",TRUE,3,TRUE,FALSE,FALSE,FALSE,FALSE,FALSE,FALSE,FALSE,FALSE,FALSE,FALSE,FALSE,FALSE,FALSE,0,FALSE,FALSE,FALSE,,,FALSE,,,"TD","1st and 10 at UWL06","Braedon Ott rush for 3 yards to the UWL09 (Ethan Ming; Gabe Bonnet)."
"20250913_6i95",2025,"2025-09-13",2,"regular","Carnegie Mellon","Wis.-La Crosse",118,15,2,3,2,,,"02:57","00:00","Wis.-La Crosse","Carnegie Mellon",24,7,17,2,7,91,FALSE,3,7,91,"pass_incomplete",TRUE,0,FALSE,TRUE,FALSE,FALSE,FALSE,FALSE,FALSE,FALSE,FALSE,FALSE,FALSE,FALSE,FALSE,FALSE,0,FALSE,FALSE,FALSE,,,FALSE,,,"TD","2nd and 7 at UWL09","Kyle Haas pass incomplete to Cade Myszewski, QB hurry by Mitchell Stokey."
"20250913_6i95",2025,"2025-09-13",2,"regular","Carnegie Mellon","Wis.-La Crosse",119,15,3,3,2,,,"02:57","00:00","Wis.-La Crosse","Carnegie Mellon",24,7,17,3,7,91,FALSE,1,10,68,"pass_complete",TRUE,23,FALSE,TRUE,TRUE,FALSE,FALSE,FALSE,FALSE,FALSE,FALSE,FALSE,FALSE,FALSE,FALSE,FALSE,0,TRUE,FALSE,FALSE,,,FALSE,,,"TD","3rd and 7 at UWL09","Kyle Haas pass complete to Tyler Bowman for 23 yards to the UWL32 (Darius Green)."
"20250913_6i95",2025,"2025-09-13",2,"regular","Carnegie Mellon","Wis.-La Crosse",120,15,4,3,2,,,"02:57","00:00","Wis.-La Crosse","Carnegie Mellon",24,7,17,1,10,68,FALSE,2,9,67,"rush",TRUE,1,TRUE,FALSE,FALSE,FALSE,FALSE,FALSE,FALSE,FALSE,FALSE,FALSE,FALSE,FALSE,FALSE,FALSE,0,FALSE,FALSE,FALSE,,,FALSE,,,"TD","1st and 10 at UWL32","Owen Leitel rush for 1 yard to the UWL33 (Jacob Franze; Luke Wiedau)."
"20250913_6i95",2025,"2025-09-13",2,"regular","Carnegie Mellon","Wis.-La Crosse",121,15,5,3,2,,,"02:57","00:00","Wis.-La Crosse","Carnegie Mellon",24,7,17,2,9,67,FALSE,3,4,62,"rush",TRUE,5,TRUE,FALSE,FALSE,FALSE,FALSE,FALSE,FALSE,FALSE,FALSE,FALSE,FALSE,FALSE,FALSE,FALSE,0,FALSE,FALSE,FALSE,,,FALSE,,,"TD","2nd and 9 at UWL33","Owen Leitel rush for 5 yards to the UWL38 (Luke Wiedau)."
"20250913_6i95",2025,"2025-09-13",2,"regular","Carnegie Mellon","Wis.-La Crosse",122,15,6,3,2,,,"02:57","00:00","Wis.-La Crosse","Carnegie Mellon",24,7,17,3,4,62,FALSE,1,10,52,"rush",TRUE,10,TRUE,FALSE,FALSE,FALSE,FALSE,FALSE,FALSE,FALSE,FALSE,FALSE,FALSE,FALSE,FALSE,FALSE,0,TRUE,FALSE,FALSE,,,FALSE,,,"TD","3rd and 4 at UWL38","Kyle Haas rush for 10 yards to the UWL48 (Ethan Ming), out-of-bounds."
"20250913_6i95",2025,"2025-09-13",2,"regular","Carnegie Mellon","Wis.-La Crosse",123,15,7,4,2,"15:00",,"15:00","15:00","Wis.-La Crosse","Carnegie Mellon",24,7,17,1,10,52,FALSE,2,6,48,"rush",TRUE,4,TRUE,FALSE,FALSE,FALSE,FALSE,FALSE,FALSE,FALSE,FALSE,FALSE,FALSE,FALSE,FALSE,FALSE,0,FALSE,FALSE,FALSE,,,FALSE,,,"TD","1st and 10 at UWL48","Kyle Haas rush for 4 yards to the CMU48 (Tai Mann; Jack Lawson)."
"20250913_6i95",2025,"2025-09-13",2,"regular","Carnegie Mellon","Wis.-La Crosse",124,15,8,4,2,,,"15:00","13:33","Wis.-La Crosse","Carnegie Mellon",24,7,17,2,6,48,FALSE,1,10,37,"rush",TRUE,11,TRUE,FALSE,FALSE,FALSE,FALSE,FALSE,FALSE,FALSE,FALSE,FALSE,FALSE,FALSE,FALSE,FALSE,0,TRUE,FALSE,FALSE,,,FALSE,,,"TD","2nd and 6 at CMU48","Owen Leitel rush for 11 yards to the CMU37 (Jacob Franze)."
"20250913_6i95",2025,"2025-09-13",2,"regular","Carnegie Mellon","Wis.-La Crosse",125,15,9,4,2,,"13:33","15:00","13:33","Wis.-La Crosse","Carnegie Mellon",24,7,17,1,10,37,FALSE,,,,"pass_complete",TRUE,37,FALSE,TRUE,TRUE,FALSE,FALSE,FALSE,FALSE,FALSE,TRUE,FALSE,FALSE,FALSE,FALSE,TRUE,6,TRUE,FALSE,FALSE,,,FALSE,,,"TD","1st and 10 at CMU37","Kyle Haas pass complete to Jack Janke for 37 yards to the CMU00, TOUCHDOWN, clock 13:33."
"20250913_6i95",2025,"2025-09-13",2,"regular","Carnegie Mellon","Wis.-La Crosse",126,15,10,4,2,"13:33",,"13:33","13:33","Wis.-La Crosse","Carnegie Mellon",30,7,23,,,,,,,,"extra_point",FALSE,,FALSE,FALSE,FALSE,FALSE,FALSE,FALSE,FALSE,FALSE,FALSE,FALSE,FALSE,FALSE,FALSE,TRUE,1,FALSE,FALSE,FALSE,,,FALSE,,,"TD","","Michael Stack kick attempt good."
"20250913_6i95",2025,"2025-09-13",2,"regular","Carnegie Mellon","Wis.-La Crosse",127,16,1,4,2,"13:33","13:33","13:33","13:33","Carnegie Mellon","Wis.-La Crosse",7,31,-24,,,,,1,10,75,"kickoff",FALSE,,FALSE,FALSE,FALSE,FALSE,FALSE,FALSE,FALSE,FALSE,FALSE,FALSE,FALSE,FALSE,FALSE,FALSE,0,FALSE,FALSE,FALSE,,,FALSE,,,"PUNT","","Michael Stack kickoff 65 yards to the CMU00, touchback."
"20250913_6i95",2025,"2025-09-13",2,"regular","Carnegie Mellon","Wis.-La Crosse",128,16,2,4,2,"13:33",,"13:33","13:33","Carnegie Mellon","Wis.-La Crosse",7,31,-24,1,10,75,FALSE,2,10,75,"pass_incomplete",TRUE,0,FALSE,TRUE,FALSE,FALSE,FALSE,FALSE,FALSE,FALSE,FALSE,FALSE,FALSE,FALSE,FALSE,FALSE,0,FALSE,FALSE,FALSE,,,FALSE,,,"PUNT","1st and 10 at CMU25","Joey McGinnis I pass incomplete to Reece Kolke, dropped pass."
"20250913_6i95",2025,"2025-09-13",2,"regular","Carnegie Mellon","Wis.-La Crosse",129,16,3,4,2,,,"13:33","09:43","Carnegie Mellon","Wis.-La Crosse",7,31,-24,2,10,75,FALSE,3,10,75,"pass_incomplete",TRUE,0,FALSE,TRUE,FALSE,FALSE,FALSE,FALSE,FALSE,FALSE,FALSE,FALSE,FALSE,FALSE,FALSE,FALSE,0,FALSE,FALSE,FALSE,,,FALSE,,,"PUNT","2nd and 10 at CMU25","Joey McGinnis I pass incomplete to Reece Kolke (Trent Mullen)."
"20250913_6i95",2025,"2025-09-13",2,"regular","Carnegie Mellon","Wis.-La Crosse",130,16,4,4,2,,,"13:33","09:43","Carnegie Mellon","Wis.-La Crosse",7,31,-24,3,10,75,FALSE,4,2,67,"pass_complete",TRUE,8,FALSE,TRUE,TRUE,FALSE,FALSE,FALSE,FALSE,FALSE,FALSE,FALSE,FALSE,FALSE,FALSE,FALSE,0,FALSE,FALSE,FALSE,,,FALSE,,,"PUNT","3rd and 10 at CMU25","Joey McGinnis I pass complete to Danny Moynihan for 8 yards to the CMU33 (Gr Achterkirch), out-of-bounds."
"20250913_6i95",2025,"2025-09-13",2,"regular","Carnegie Mellon","Wis.-La Crosse",131,16,5,4,2,,,"13:33","09:43","Carnegie Mellon","Wis.-La Crosse",7,31,-24,4,2,67,FALSE,1,10,62,"rush",TRUE,5,TRUE,FALSE,FALSE,FALSE,FALSE,FALSE,FALSE,FALSE,FALSE,FALSE,FALSE,FALSE,FALSE,FALSE,0,TRUE,FALSE,FALSE,,,FALSE,,,"PUNT","4th and 2 at CMU33","Joey McGinnis I rush for 5 yards to the CMU38 (Caden Weber)."
"20250913_6i95",2025,"2025-09-13",2,"regular","Carnegie Mellon","Wis.-La Crosse",132,16,6,4,2,,,"13:33","09:43","Carnegie Mellon","Wis.-La Crosse",7,31,-24,1,10,62,FALSE,1,10,51,"pass_complete",TRUE,11,FALSE,TRUE,TRUE,FALSE,FALSE,FALSE,FALSE,FALSE,FALSE,FALSE,FALSE,FALSE,FALSE,FALSE,0,TRUE,FALSE,FALSE,,,FALSE,,,"PUNT","1st and 10 at CMU38","Joey McGinnis I pass complete to Anthony Vallano for 11 yards to the CMU49 (Caden Weber; Gr Achterkirch)."
"20250913_6i95",2025,"2025-09-13",2,"regular","Carnegie Mellon","Wis.-La Crosse",133,16,7,4,2,,,"13:33","09:43","Carnegie Mellon","Wis.-La Crosse",7,31,-24,1,10,51,FALSE,2,8,49,"pass_complete",TRUE,2,FALSE,TRUE,TRUE,FALSE,FALSE,FALSE,FALSE,FALSE,FALSE,FALSE,FALSE,FALSE,FALSE,FALSE,0,FALSE,FALSE,FALSE,,,FALSE,,,"PUNT","1st and 10 at CMU49","Joey McGinnis I pass complete to Danny Moynihan for 2 yards to the UWL49 (Tyler Shaver)."
"20250913_6i95",2025,"2025-09-13",2,"regular","Carnegie Mellon","Wis.-La Crosse",134,16,8,4,2,,,"13:33","09:43","Carnegie Mellon","Wis.-La Crosse",7,31,-24,2,8,49,FALSE,3,8,49,"pass_incomplete",TRUE,0,FALSE,TRUE,FALSE,FALSE,FALSE,FALSE,FALSE,FALSE,FALSE,FALSE,FALSE,FALSE,FALSE,FALSE,0,FALSE,FALSE,FALSE,,,FALSE,,,"PUNT","2nd and 8 at UWL49","Joey McGinnis I pass incomplete to Carter Sheets."
"20250913_6i95",2025,"2025-09-13",2,"regular","Carnegie Mellon","Wis.-La Crosse",135,16,9,4,2,,,"13:33","09:43","Carnegie Mellon","Wis.-La Crosse",7,31,-24,3,8,49,FALSE,1,10,34,"pass_incomplete",TRUE,,FALSE,FALSE,FALSE,FALSE,FALSE,FALSE,FALSE,FALSE,FALSE,FALSE,FALSE,FALSE,FALSE,FALSE,0,FALSE,TRUE,TRUE,15,"Wis.-La Crosse",TRUE,FALSE,"PENALTY UWL pass interference (Tate Pitcher) 15 yards to the UWL34, NO PLAY.","PUNT","3rd and 8 at UWL49","Joey McGinnis I pass incomplete to Reece Kolke, PENALTY UWL pass interference (Tate Pitcher) 15 yards to the UWL34, NO PLAY."
"20250913_6i95",2025,"2025-09-13",2,"regular","Carnegie Mellon","Wis.-La Crosse",136,16,10,4,2,,,"13:33","09:43","Carnegie Mellon","Wis.-La Crosse",7,31,-24,1,10,34,FALSE,2,17,41,"sack",TRUE,-7,FALSE,FALSE,FALSE,TRUE,FALSE,FALSE,FALSE,FALSE,FALSE,FALSE,FALSE,FALSE,FALSE,FALSE,0,FALSE,FALSE,FALSE,,,FALSE,,,"PUNT","1st and 10 at UWL34","Joey McGinnis I sacked for loss of 7 yards to the UWL41 (Isaac Dagit; Henry Walsh)."
"20250913_6i95",2025,"2025-09-13",2,"regular","Carnegie Mellon","Wis.-La Crosse",137,16,11,4,2,,,"13:33","09:43","Carnegie Mellon","Wis.-La Crosse",7,31,-24,2,17,41,FALSE,3,22,46,"sack",TRUE,-5,FALSE,FALSE,FALSE,TRUE,FALSE,FALSE,FALSE,FALSE,FALSE,FALSE,FALSE,FALSE,FALSE,FALSE,0,FALSE,FALSE,FALSE,,,FALSE,,,"PUNT","2nd and 17 at UWL41","Joey McGinnis I sacked for loss of 5 yards to the UWL46 (Henry Walsh)."
"20250913_6i95",2025,"2025-09-13",2,"regular","Carnegie Mellon","Wis.-La Crosse",138,16,12,4,2,,,"13:33","09:43","Carnegie Mellon","Wis.-La Crosse",7,31,-24,3,22,46,FALSE,4,22,46,"pass_incomplete",TRUE,0,FALSE,TRUE,FALSE,FALSE,FALSE,FALSE,FALSE,FALSE,FALSE,FALSE,FALSE,FALSE,FALSE,FALSE,0,FALSE,FALSE,FALSE,,,FALSE,,,"PUNT","3rd and 22 at UWL46","Joey McGinnis I pass incomplete."
"20250913_6i95",2025,"2025-09-13",2,"regular","Carnegie Mellon","Wis.-La Crosse",139,16,13,4,2,,"09:43","13:33","09:43","Carnegie Mellon","Wis.-La Crosse",7,31,-24,4,22,46,FALSE,1,10,79,"punt_no_return",TRUE,,FALSE,FALSE,FALSE,FALSE,FALSE,FALSE,FALSE,FALSE,FALSE,FALSE,FALSE,FALSE,TRUE,FALSE,0,FALSE,FALSE,FALSE,,,FALSE,,,"PUNT","4th and 22 at UWL46","John Norell punt 25 yards to the UWL21, downed."
"20250913_6i95",2025,"2025-09-13",2,"regular","Carnegie Mellon","Wis.-La Crosse",140,17,1,4,2,"09:43",,"09:43","09:43","Wis.-La Crosse","Carnegie Mellon",31,7,24,1,10,79,FALSE,2,9,78,"rush",TRUE,1,TRUE,FALSE,FALSE,FALSE,FALSE,FALSE,FALSE,FALSE,FALSE,FALSE,FALSE,FALSE,FALSE,FALSE,0,FALSE,FALSE,FALSE,,,FALSE,,,"PUNT","1st and 10 at UWL21","Owen Leitel rush for 1 yard to the UWL22 (Leighton Tarke; Jacob Franze)."
"20250913_6i95",2025,"2025-09-13",2,"regular","Carnegie Mellon","Wis.-La Crosse",141,17,2,4,2,,,"09:43","08:08","Wis.-La Crosse","Carnegie Mellon",31,7,24,2,9,78,FALSE,3,6,75,"rush",TRUE,3,TRUE,FALSE,FALSE,FALSE,FALSE,FALSE,FALSE,FALSE,FALSE,FALSE,FALSE,FALSE,FALSE,FALSE,0,FALSE,FALSE,FALSE,,,FALSE,,,"PUNT","2nd and 9 at UWL22","Owen Leitel rush for 3 yards to the UWL25 (Luke Wiedau; Bennett Grace)."
"20250913_6i95",2025,"2025-09-13",2,"regular","Carnegie Mellon","Wis.-La Crosse",142,17,3,4,2,,,"09:43","08:08","Wis.-La Crosse","Carnegie Mellon",31,7,24,3,6,75,FALSE,4,6,75,"pass_incomplete",TRUE,0,FALSE,TRUE,FALSE,FALSE,FALSE,FALSE,FALSE,FALSE,FALSE,FALSE,FALSE,FALSE,FALSE,FALSE,0,FALSE,FALSE,FALSE,,,FALSE,,,"PUNT","3rd and 6 at UWL25","Kyle Haas pass incomplete to Marko Rajkovic, QB hurry by Jack Lawson."
"20250913_6i95",2025,"2025-09-13",2,"regular","Carnegie Mellon","Wis.-La Crosse",143,17,4,4,2,,"08:08","09:43","08:08","Wis.-La Crosse","Carnegie Mellon",31,7,24,4,6,75,FALSE,1,10,45,"punt_no_return",TRUE,,FALSE,FALSE,FALSE,FALSE,FALSE,FALSE,FALSE,FALSE,FALSE,FALSE,FALSE,FALSE,TRUE,FALSE,0,FALSE,FALSE,FALSE,,,FALSE,,,"PUNT","4th and 6 at UWL25","Ethan Tranel punt 20 yards to the UWL45, out-of-bounds."
"20250913_6i95",2025,"2025-09-13",2,"regular","Carnegie Mellon","Wis.-La Crosse",144,18,1,4,2,"08:08",,"08:08","08:08","Carnegie Mellon","Wis.-La Crosse",7,31,-24,1,10,45,FALSE,2,7,42,"pass_complete",TRUE,3,FALSE,TRUE,TRUE,FALSE,FALSE,FALSE,FALSE,FALSE,FALSE,FALSE,FALSE,FALSE,FALSE,FALSE,0,FALSE,FALSE,FALSE,,,FALSE,,,"TD","1st and 10 at UWL45","Jackson Salters pass complete to Shadrak Agyei for 3 yards to the UWL42 (Sam Baumgard)."
"20250913_6i95",2025,"2025-09-13",2,"regular","Carnegie Mellon","Wis.-La Crosse",145,18,2,4,2,,,"08:08","06:04","Carnegie Mellon","Wis.-La Crosse",7,31,-24,2,7,42,FALSE,3,5,40,"pass_complete",TRUE,2,FALSE,TRUE,TRUE,FALSE,FALSE,FALSE,FALSE,FALSE,FALSE,FALSE,FALSE,FALSE,FALSE,FALSE,0,FALSE,FALSE,FALSE,,,FALSE,,,"TD","2nd and 7 at UWL42","Jackson Salters pass complete to Shadrak Agyei for 2 yards to the UWL40 (Sam Baumgard; Ben Ott)."
"20250913_6i95",2025,"2025-09-13",2,"regular","Carnegie Mellon","Wis.-La Crosse",146,18,3,4,2,,,"08:08","06:04","Carnegie Mellon","Wis.-La Crosse",7,31,-24,3,5,40,FALSE,1,10,34,"pass_complete",TRUE,6,FALSE,TRUE,TRUE,FALSE,FALSE,FALSE,FALSE,FALSE,FALSE,FALSE,FALSE,FALSE,FALSE,FALSE,0,TRUE,FALSE,FALSE,,,FALSE,,,"TD","3rd and 5 at UWL40","Jackson Salters pass complete to Nick McCullough for 6 yards to the UWL34 (Brady Lehnherr; Stevie Fox)."
"20250913_6i95",2025,"2025-09-13",2,"regular","Carnegie Mellon","Wis.-La Crosse",147,18,4,4,2,,,"08:08","06:04","Carnegie Mellon","Wis.-La Crosse",7,31,-24,1,10,34,FALSE,2,10,34,"pass_incomplete",TRUE,0,FALSE,TRUE,FALSE,FALSE,FALSE,FALSE,FALSE,FALSE,FALSE,FALSE,FALSE,FALSE,FALSE,FALSE,0,FALSE,FALSE,FALSE,,,FALSE,,,"TD","1st and 10 at UWL34","Jackson Salters pass incomplete to Brendan McCullo (Ben Moore)."
"20250913_6i95",2025,"2025-09-13",2,"regular","Carnegie Mellon","Wis.-La Crosse",148,18,5,4,2,,"06:04","08:08","06:04","Carnegie Mellon","Wis.-La Crosse",7,31,-24,2,10,34,FALSE,,,,"pass_complete",TRUE,34,FALSE,TRUE,TRUE,FALSE,FALSE,FALSE,FALSE,FALSE,TRUE,FALSE,FALSE,FALSE,FALSE,TRUE,6,TRUE,FALSE,FALSE,,,FALSE,,,"TD","2nd and 10 at UWL34","Jackson Salters pass complete to Brendan McCullo for 34 yards to the UWL00, TOUCHDOWN, clock 06:04."
"20250913_6i95",2025,"2025-09-13",2,"regular","Carnegie Mellon","Wis.-La Crosse",149,18,6,4,2,"06:04",,"06:04","06:04","Carnegie Mellon","Wis.-La Crosse",13,31,-18,,,,,,,,"extra_point",FALSE,,FALSE,FALSE,FALSE,FALSE,FALSE,FALSE,FALSE,FALSE,FALSE,FALSE,FALSE,FALSE,FALSE,TRUE,1,FALSE,FALSE,FALSE,,,FALSE,,,"TD","","Justin Caputo kick attempt good."
"20250913_6i95",2025,"2025-09-13",2,"regular","Carnegie Mellon","Wis.-La Crosse",150,19,1,4,2,"06:04","06:04","06:04","06:04","Wis.-La Crosse","Carnegie Mellon",31,14,17,,,,,1,10,75,"kickoff",FALSE,,FALSE,FALSE,FALSE,FALSE,FALSE,FALSE,FALSE,FALSE,FALSE,FALSE,FALSE,FALSE,FALSE,FALSE,0,FALSE,FALSE,FALSE,,,FALSE,,,"PUNT","","Noah Godhard kickoff 63 yards to the UWL02, fair catch by Braedon Ott."
"20250913_6i95",2025,"2025-09-13",2,"regular","Carnegie Mellon","Wis.-La Crosse",151,19,2,4,2,"06:04",,"06:04","06:04","Wis.-La Crosse","Carnegie Mellon",31,14,17,1,10,75,FALSE,2,5,70,"rush",TRUE,5,TRUE,FALSE,FALSE,FALSE,FALSE,FALSE,FALSE,FALSE,FALSE,FALSE,FALSE,FALSE,FALSE,FALSE,0,FALSE,FALSE,FALSE,,,FALSE,,,"PUNT","1st and 10 at UWL25","Gabe Lynch rush for 5 yards to the UWL30 (Gabe Bonnet; Jacob Franze)."
"20250913_6i95",2025,"2025-09-13",2,"regular","Carnegie Mellon","Wis.-La Crosse",152,19,3,4,2,,,"06:04","03:50","Wis.-La Crosse","Carnegie Mellon",31,14,17,2,5,70,FALSE,3,8,73,"rush",TRUE,-3,TRUE,FALSE,FALSE,FALSE,FALSE,FALSE,FALSE,FALSE,FALSE,FALSE,FALSE,FALSE,FALSE,FALSE,0,FALSE,FALSE,FALSE,,,FALSE,,,"PUNT","2nd and 5 at UWL30","Gabe Lynch rush for loss of 3 yards to the UWL27 (Jack Lawson; Luke Wiedau)."
"20250913_6i95",2025,"2025-09-13",2,"regular","Carnegie Mellon","Wis.-La Crosse",153,19,4,4,2,,,"06:04","03:50","Wis.-La Crosse","Carnegie Mellon",31,14,17,3,8,73,FALSE,4,1,66,"pass_complete",TRUE,7,FALSE,TRUE,TRUE,FALSE,FALSE,FALSE,FALSE,FALSE,FALSE,FALSE,FALSE,FALSE,FALSE,FALSE,0,FALSE,FALSE,FALSE,,,FALSE,,,"PUNT","3rd and 8 at UWL27","Kyle Haas pass complete to Keaton Arendt for 7 yards to the UWL34 (Ethan Ming; Tai Mann)."
"20250913_6i95",2025,"2025-09-13",2,"regular","Carnegie Mellon","Wis.-La Crosse",154,19,5,4,2,"03:50","03:42","03:50","03:50","Wis.-La Crosse","Carnegie Mellon",31,14,17,4,1,66,FALSE,1,10,73,"punt_no_return",TRUE,,FALSE,FALSE,FALSE,FALSE,FALSE,FALSE,FALSE,FALSE,FALSE,FALSE,FALSE,FALSE,TRUE,FALSE,0,FALSE,FALSE,FALSE,,,FALSE,,,"PUNT","4th and 1 at UWL34","Ethan Tranel punt 39 yards to the CMU27, out-of-bounds."
"20250913_6i95",2025,"2025-09-13",2,"regular","Carnegie Mellon","Wis.-La Crosse",155,20,1,4,2,"03:42","03:34","03:42","03:42","Carnegie Mellon","Wis.-La Crosse",14,31,-17,1,10,73,FALSE,1,9,9,"pass_intercepted",TRUE,,FALSE,TRUE,FALSE,FALSE,TRUE,FALSE,TRUE,FALSE,FALSE,FALSE,FALSE,FALSE,FALSE,FALSE,0,FALSE,FALSE,FALSE,,,FALSE,,,"INT","1st and 10 at CMU27","Jackson Salters pass intercepted by Henry Walsh at the CMU25, Henry Walsh return 16 yards to the CMU09 (Jackson Salters)."
"20250913_6i95",2025,"2025-09-13",2,"regular","Carnegie Mellon","Wis.-La Crosse",156,21,1,4,2,"03:34",,"03:34","03:34","Wis.-La Crosse","Carnegie Mellon",31,14,17,1,9,9,TRUE,2,6,6,"rush",TRUE,3,TRUE,FALSE,FALSE,FALSE,FALSE,FALSE,FALSE,FALSE,FALSE,FALSE,FALSE,FALSE,FALSE,FALSE,0,FALSE,FALSE,FALSE,,,FALSE,,,"TD","1st and Goal at CMU09","Gabe Lynch rush for 3 yards to the CMU06 (Jack Lawson; Mitchell Stokey)."
"20250913_6i95",2025,"2025-09-13",2,"regular","Carnegie Mellon","Wis.-La Crosse",157,21,2,4,2,,,"03:34","01:54","Wis.-La Crosse","Carnegie Mellon",31,14,17,2,6,6,TRUE,3,6,6,"rush",TRUE,0,TRUE,FALSE,FALSE,FALSE,FALSE,FALSE,FALSE,FALSE,FALSE,FALSE,FALSE,FALSE,FALSE,FALSE,0,FALSE,FALSE,FALSE,,,FALSE,,,"TD","2nd and Goal at CMU06","Gabe Lynch rush for no gain to the CMU06 (Ty Kadur; Barrett Schmitz)."
"20250913_6i95",2025,"2025-09-13",2,"regular","Carnegie Mellon","Wis.-La Crosse",158,21,3,4,2,,"01:54","03:34","01:54","Wis.-La Crosse","Carnegie Mellon",31,14,17,3,6,6,TRUE,,,,"pass_complete",TRUE,6,FALSE,TRUE,TRUE,FALSE,FALSE,FALSE,FALSE,FALSE,TRUE,FALSE,FALSE,FALSE,FALSE,TRUE,6,FALSE,FALSE,FALSE,,,FALSE,,,"TD","3rd and Goal at CMU06","Kyle Haas pass complete to Keaton Arendt for 6 yards to the CMU00, TOUCHDOWN, clock 01:54."
"20250913_6i95",2025,"2025-09-13",2,"regular","Carnegie Mellon","Wis.-La Crosse",159,21,4,4,2,"01:54",,"01:54","01:54","Wis.-La Crosse","Carnegie Mellon",37,14,23,,,,,,,,"extra_point",FALSE,,FALSE,FALSE,FALSE,FALSE,FALSE,FALSE,FALSE,FALSE,FALSE,FALSE,FALSE,FALSE,FALSE,TRUE,1,FALSE,FALSE,FALSE,,,FALSE,,,"TD","","Michael Stack kick attempt good."
"20250913_6i95",2025,"2025-09-13",2,"regular","Carnegie Mellon","Wis.-La Crosse",160,21,5,4,2,"01:54",,"01:54","01:54","Wis.-La Crosse","Carnegie Mellon",38,14,24,1,10,65,FALSE,,,,"penalty_no_play",TRUE,,FALSE,FALSE,FALSE,FALSE,FALSE,FALSE,FALSE,FALSE,FALSE,FALSE,FALSE,FALSE,FALSE,FALSE,0,FALSE,FALSE,TRUE,-15,"Wis.-La Crosse",TRUE,FALSE,"PENALTY UWL unsportmanlike conduct (Kyle Haas) 15 yards to the UWL20.","TD","1st and 10 at UWL35","PENALTY UWL unsportmanlike conduct (Kyle Haas) 15 yards to the UWL20."
"20250913_6i95",2025,"2025-09-13",2,"regular","Carnegie Mellon","Wis.-La Crosse",161,21,6,4,2,"01:54",,"01:54","01:54","Wis.-La Crosse","Carnegie Mellon",38,14,24,1,25,80,FALSE,,,,"penalty_no_play",TRUE,,FALSE,FALSE,FALSE,FALSE,FALSE,FALSE,FALSE,FALSE,FALSE,FALSE,FALSE,FALSE,FALSE,FALSE,0,FALSE,FALSE,TRUE,,,FALSE,FALSE,,"TD","1st and 25 at UWL20","Penalty after touchdown before PAT"
"20250913_6i95",2025,"2025-09-13",2,"regular","Carnegie Mellon","Wis.-La Crosse",162,22,1,4,2,"01:54","01:54","01:54","01:54","Carnegie Mellon","Wis.-La Crosse",14,38,-24,,,,,1,10,50,"kickoff",FALSE,,FALSE,FALSE,FALSE,FALSE,FALSE,FALSE,FALSE,FALSE,FALSE,FALSE,FALSE,FALSE,FALSE,FALSE,0,FALSE,FALSE,FALSE,,,FALSE,,,"FUMBLE","","Michael Stack kickoff 60 yards to the CMU20, out-of-bounds, CMU ball on 50 yardline, clock 01:54."
"20250913_6i95",2025,"2025-09-13",2,"regular","Carnegie Mellon","Wis.-La Crosse",163,22,2,4,2,"01:54","01:45","01:54","01:54","Carnegie Mellon","Wis.-La Crosse",14,38,-24,1,10,50,FALSE,1,10,45,"sack",TRUE,-5,FALSE,FALSE,FALSE,TRUE,FALSE,TRUE,TRUE,FALSE,FALSE,FALSE,FALSE,FALSE,FALSE,FALSE,0,FALSE,FALSE,FALSE,,,FALSE,,,"FUMBLE","1st and 10 at CMU50","Jackson Salters sacked for loss of 5 yards to the CMU45 (Ben Moore), fumble by Jackson Salters recovered by UWL Noah Gehin at CMU45."
"20250913_6i95",2025,"2025-09-13",2,"regular","Carnegie Mellon","Wis.-La Crosse",164,23,1,4,2,"01:45",,"01:45","01:45","Wis.-La Crosse","Carnegie Mellon",38,14,24,1,10,45,FALSE,2,12,47,"rush",TRUE,-2,TRUE,FALSE,FALSE,FALSE,FALSE,FALSE,FALSE,FALSE,FALSE,FALSE,FALSE,FALSE,FALSE,FALSE,0,FALSE,FALSE,FALSE,,,FALSE,,,"END OF GAME","1st and 10 at CMU45","TEAM rush for loss of 2 yards to the CMU47."
"20250913_6i95",2025,"2025-09-13",2,"regular","Carnegie Mellon","Wis.-La Crosse",165,23,2,4,2,,,"01:45","00:00","Wis.-La Crosse","Carnegie Mellon",38,14,24,2,12,47,FALSE,3,14,49,"rush",TRUE,-2,TRUE,FALSE,FALSE,FALSE,FALSE,FALSE,FALSE,FALSE,FALSE,FALSE,FALSE,FALSE,FALSE,FALSE,0,FALSE,FALSE,FALSE,,,FALSE,,,"END OF GAME","2nd and 12 at CMU47","TEAM rush for loss of 2 yards to the CMU49."
"20250913_6i95",2025,"2025-09-13",2,"regular","Carnegie Mellon","Wis.-La Crosse",166,23,3,4,2,,,"01:45","00:00","Wis.-La Crosse","Carnegie Mellon",38,14,24,3,14,49,FALSE,,,,"rush",TRUE,-1,TRUE,FALSE,FALSE,FALSE,FALSE,FALSE,FALSE,FALSE,FALSE,FALSE,FALSE,FALSE,FALSE,FALSE,0,FALSE,FALSE,FALSE,,,FALSE,,,"END OF GAME","3rd and 14 at CMU49","TEAM rush for loss of 1 yard to the 50 yardline."
