"game_id","opponent","play_index","quarter","possession","row_type","down","distance","Goal_To_Go","yard_side","yard_num","play_type","yards_gained","situation","play"
"20251115_h3wh","Ursinus",1,"1",,"kickoff",,,,,,"kickoff",,"","Godhard,Noah kickoff 65 yards to the UCB00, Touchback."
"20251115_h3wh","Ursinus",2,"1","Ursinus","play",1,10,FALSE,"UCB",25,"pass_incomplete",0,"1st and 10 at UCB25","No Huddle-Shotgun Machado,Tristan pass incomplete deep middle to Zulkowski,Ryder thrown to CMU40."
"20251115_h3wh","Ursinus",3,"1","Ursinus","play",2,10,FALSE,"UCB",25,"rush",2,"2nd and 10 at UCB25","No Huddle-Shotgun Louis,Jaden rush middle for 2 yards gain to the UCB27 (Tarke,Leighton; Hazard,Lucas)."
"20251115_h3wh","Ursinus",4,"1","Ursinus","penalty_no_play",3,8,FALSE,"UCB",27,"penalty_no_play",,"3rd and 8 at UCB27","PENALTY UCB False Start (Zulkowski,Ryder) 5 yards from UCB27 to UCB22. NO PLAY."
"20251115_h3wh","Ursinus",5,"1","Ursinus","play",3,13,FALSE,"UCB",22,"pass_complete",15,"3rd and 13 at UCB22","No Huddle-Shotgun Machado,Tristan pass complete short left to Roselle,Aidan caught at UCB37, for 15 yards to the UCB37, out of bounds at UCB37, 1ST DOWN."
"20251115_h3wh","Ursinus",6,"1","Ursinus","play",1,10,FALSE,"UCB",37,"rush",8,"1st and 10 at UCB37","No Huddle-Shotgun Bernard,Jason rush middle for 8 yards gain to the UCB45 (Lawler,Archie; Sturges,Robert)."
"20251115_h3wh","Ursinus",7,"1","Ursinus","play",2,2,FALSE,"UCB",45,"pass_complete",2,"2nd and 2 at UCB45","No Huddle-Shotgun Machado,Tristan pass complete short right to Bernard,Jason caught at UCB45, for 2 yards to the UCB47 (Lawler,Archie), 1ST DOWN."
"20251115_h3wh","Ursinus",8,"1","Ursinus","play",1,10,FALSE,"UCB",47,"pass_complete",4,"1st and 10 at UCB47","No Huddle-Shotgun Machado,Tristan pass complete short middle to House,Cody caught at UCB50, for 4 yards to the CMU49 (Sturges,Robert)."
"20251115_h3wh","Ursinus",9,"1","Ursinus","play",2,6,FALSE,"CMU",49,"rush",4,"2nd and 6 at CMU49","No Huddle-Shotgun Louis,Jaden rush middle for 4 yards gain to the CMU45 (Warren,Connor; Lawler,Archie)."
"20251115_h3wh","Ursinus",10,"1","Ursinus","play",3,2,FALSE,"CMU",45,"pass_complete",15,"3rd and 2 at CMU45","No Huddle-Shotgun Machado,Tristan pass complete short middle to Roberts-Jackson,Markel caught at CMU35, for 15 yards to the CMU30 (Ming,Ethan; Tarke,Leighton), 1ST DOWN."
"20251115_h3wh","Ursinus",11,"1","Ursinus","play",1,10,FALSE,"CMU",30,"rush",7,"1st and 10 at CMU30","No Huddle-Shotgun Jones,Brooklyn rush middle for 7 yards gain to the CMU23 (Ming,Ethan; Schmitz,Barrett)."
"20251115_h3wh","Ursinus",12,"1","Ursinus","play",2,3,FALSE,"CMU",23,"pass_complete",9,"2nd and 3 at CMU23","No Huddle-Shotgun Machado,Tristan pass complete short middle to Roselle,Aidan caught at CMU17, for 9 yards to the CMU14 (Ming,Ethan), 1ST DOWN."
"20251115_h3wh","Ursinus",13,"1","Ursinus","play",1,10,FALSE,"CMU",14,"rush",1,"1st and 10 at CMU14","No Huddle-Shotgun Machado,Tristan rush middle for 1 yard gain to the CMU13 (Lawler,Archie)."
"20251115_h3wh","Ursinus",14,"1","Ursinus","play",2,9,FALSE,"CMU",13,"pass_complete",4,"2nd and 9 at CMU13","No Huddle-Shotgun Machado,Tristan pass complete short middle to House,Cody caught at CMU09, for 4 yards to the CMU09 (Schmitz,Barrett)."
"20251115_h3wh","Ursinus",15,"1","Ursinus","play",3,5,FALSE,"CMU",9,"pass_complete",4,"3rd and 5 at CMU9","No Huddle-Shotgun Machado,Tristan pass complete short middle to Roberts-Jackson,Markel caught at CMU05, for 4 yards to the CMU05 (Tarke,Leighton)."
"20251115_h3wh","Ursinus",16,"1","Ursinus","play",4,1,FALSE,"CMU",5,"rush",0,"4th and 1 at CMU5","No Huddle-Shotgun Louis,Jaden rush middle for 0 yards to the CMU05 (Stokey,Mitchell; Lawler,Archie), TURNOVER ON DOWNS."
"20251115_h3wh","Ursinus",17,"1","Carnegie Mellon","play",1,10,FALSE,"CMU",5,"rush",2,"1st and 10 at CMU5","No Huddle-Shotgun Valente,Giacomo rush middle for 2 yards gain to the CMU07 (Strusowski,Nick; Ziegler,Jake)."
"20251115_h3wh","Ursinus",18,"1","Carnegie Mellon","play",2,8,FALSE,"CMU",7,"pass_complete",6,"2nd and 8 at CMU7","No Huddle-Shotgun Salters,Jackson pass complete short right to McCullough,Brendan caught at CMU11, for 6 yards to the CMU13 (Zigbuo,Andy)."
"20251115_h3wh","Ursinus",19,"1","Carnegie Mellon","play",3,2,FALSE,"CMU",13,"rush",4,"3rd and 2 at CMU13","No Huddle-Shotgun Valente,Giacomo rush middle for 4 yards gain to the CMU17 (Agar,Matt; Blair,Fayed), 1ST DOWN."
"20251115_h3wh","Ursinus",20,"1","Carnegie Mellon","play",1,10,FALSE,"CMU",17,"rush",14,"1st and 10 at CMU17","No Huddle-Shotgun Valente,Giacomo rush right for 14 yards gain to the CMU31 (Small,Jonathon), 1ST DOWN."
"20251115_h3wh","Ursinus",21,"1","Carnegie Mellon","play",1,10,FALSE,"CMU",31,"rush",2,"1st and 10 at CMU31","No Huddle-Shotgun Valente,Giacomo rush right for 2 yards gain to the CMU33 (Turber-Ortiz,Ethan)."
"20251115_h3wh","Ursinus",22,"1","Carnegie Mellon","play",2,8,FALSE,"CMU",33,"rush",-1,"2nd and 8 at CMU33","No Huddle-Shotgun Bouma,Willem rush right for 1 yard loss to the CMU32 (Turber-Ortiz,Ethan)."
"20251115_h3wh","Ursinus",23,"1","Carnegie Mellon","play",3,9,FALSE,"CMU",32,"pass_incomplete",0,"3rd and 9 at CMU32","No Huddle-Shotgun Salters,Jackson pass incomplete deep middle to McCullough,Nick thrown to UCB29 broken up by Zigbuo,Andy."
"20251115_h3wh","Ursinus",24,"1","Carnegie Mellon","play",4,9,FALSE,"CMU",32,"punt_no_return",,"4th and 9 at CMU32","Norell,John punt 35 yards to the UCB33 fair catch by Donahue,Aidan at UCB33."
"20251115_h3wh","Ursinus",25,"1","Ursinus","penalty_no_play",1,10,FALSE,"UCB",33,"penalty_no_play",,"1st and 10 at UCB33","PENALTY UCB False Start (Jones,Priest) 5 yards from UCB33 to UCB28. NO PLAY."
"20251115_h3wh","Ursinus",26,"1","Ursinus","play",1,15,FALSE,"UCB",28,"pass_complete",2,"1st and 15 at UCB28","No Huddle-Shotgun Machado,Tristan pass complete short left to Jones,Brooklyn caught at UCB29, for 2 yards to the UCB30 (Ming,Ethan)."
"20251115_h3wh","Ursinus",27,"1","Ursinus","play",2,13,FALSE,"UCB",30,"pass_incomplete",0,"2nd and 13 at UCB30","No Huddle-Shotgun Machado,Tristan pass incomplete short right to Zulkowski,Ryder thrown to UCB43 PENALTY CMU Pass Interference (Johnson,DJ) 15 yards from UCB30 to UCB45, 1ST DOWN. NO PLAY."
"20251115_h3wh","Ursinus",28,"1","Ursinus","play",1,10,FALSE,"UCB",45,"rush",1,"1st and 10 at UCB45","No Huddle-Shotgun Louis,Jaden rush middle for 1 yard gain to the UCB46 (Sturges,Robert; Tarke,Leighton)."
"20251115_h3wh","Ursinus",29,"1","Ursinus","play",2,9,FALSE,"UCB",46,"pass_complete",4,"2nd and 9 at UCB46","No Huddle-Shotgun Machado,Tristan pass complete short right to House,Cody caught at UCB49, for 4 yards to the UCB50 (Franze,Jacob)."
"20251115_h3wh","Ursinus",30,"1","Ursinus","play",3,5,FALSE,"UCB",50,"pass_complete",15,"3rd and 5 at UCB50","No Huddle-Shotgun Machado,Tristan pass complete short middle to Roselle,Aidan caught at CMU35, for 15 yards to the CMU35 (Johnson,DJ; Schmitz,Barrett), 1ST DOWN, PENALTY CMU Holding declined."
"20251115_h3wh","Ursinus",31,"1","Ursinus","play",1,10,FALSE,"CMU",35,"pass_complete",35,"1st and 10 at CMU35","No Huddle-Shotgun Machado,Tristan pass complete deep right to Zulkowski,Ryder caught at CMU04, for 35 yards to the CMU00 TOUCHDOWN, clock 01:55, 1ST DOWN."
"20251115_h3wh","Ursinus",32,"1","Ursinus","extra_point",,,,,,"extra_point",,"","Carr,Jordan kick attempt good (H: Paturzo,Alan, LS: McSorley,John)."
"20251115_h3wh","Ursinus",33,"1","Ursinus","kickoff",,,,,,"kickoff",,"","Carr,Jordan kickoff 65 yards to the CMU00 McCullough,Nick return 32 yards to the CMU32 (Meakim,Erik; Rankins,Ky'iere)."
"20251115_h3wh","Ursinus",34,"1","Carnegie Mellon","play",1,10,FALSE,"CMU",32,"rush",2,"1st and 10 at CMU32","No Huddle-Shotgun Bouma,Willem rush right for 2 yards gain to the CMU34 (Robinson,Kendall)."
"20251115_h3wh","Ursinus",35,"1","Carnegie Mellon","play",2,8,FALSE,"CMU",34,"pass_incomplete",0,"2nd and 8 at CMU34","No Huddle-Shotgun Salters,Jackson pass incomplete short right to Valente,Giacomo thrown to CMU38."
"20251115_h3wh","Ursinus",36,"1","Carnegie Mellon","play",3,8,FALSE,"CMU",34,"pass_complete",7,"3rd and 8 at CMU34","No Huddle-Shotgun Salters,Jackson pass complete short middle to Moynihan,Danny caught at CMU38, for 7 yards to the CMU41 (Ziegler,Jake; Robinson,Kendall)."
"20251115_h3wh","Ursinus",37,"1","Carnegie Mellon","play",4,1,FALSE,"CMU",41,"rush",9,"4th and 1 at CMU41","No Huddle-Shotgun Bouma,Willem rush right for 9 yards gain to the CMU50 (Clarke,D.J.), 1ST DOWN."
"20251115_h3wh","Ursinus",38,"1","Carnegie Mellon","play",1,10,FALSE,"CMU",50,"rush",4,"1st and 10 at CMU50","No Huddle-Shotgun Bouma,Willem rush middle for 4 yards gain to the UCB46 (Turber-Ortiz,Ethan)."
"20251115_h3wh","Ursinus",39,"2","Carnegie Mellon","play",2,6,FALSE,"UCB",46,"rush",1,"2nd and 6 at UCB46","No Huddle-Shotgun Bouma,Willem rush middle for 1 yard gain to the UCB45 (Saenz,Manny; Small,Jonathon)."
"20251115_h3wh","Ursinus",40,"2","Carnegie Mellon","play",3,5,FALSE,"UCB",45,"pass_complete",18,"3rd and 5 at UCB45","No Huddle-Shotgun Salters,Jackson pass complete short left to McCullough,Brendan caught at UCB30, for 18 yards to the UCB27 (Zigbuo,Andy), 1ST DOWN."
"20251115_h3wh","Ursinus",41,"2","Carnegie Mellon","play",1,10,FALSE,"UCB",27,"rush",3,"1st and 10 at UCB27","No Huddle-Shotgun Valente,Giacomo rush middle for 3 yards gain to the UCB24 (Turber-Ortiz,Ethan; Blair,Fayed)."
"20251115_h3wh","Ursinus",42,"2","Carnegie Mellon","play",2,7,FALSE,"UCB",24,"pass_complete",8,"2nd and 7 at UCB24","No Huddle-Shotgun Salters,Jackson pass complete short right to Kolke,Reece caught at UCB21, for 8 yards to the UCB16 (Zigbuo,Andy), 1ST DOWN."
"20251115_h3wh","Ursinus",43,"2","Carnegie Mellon","play",1,10,FALSE,"UCB",16,"pass_incomplete",0,"1st and 10 at UCB16","No Huddle-Shotgun Salters,Jackson pass incomplete short right to Kolke,Reece thrown to UCB00."
"20251115_h3wh","Ursinus",44,"2","Carnegie Mellon","play",2,10,FALSE,"UCB",16,"pass_complete",8,"2nd and 10 at UCB16","No Huddle-Shotgun Salters,Jackson pass complete short right to McCullough,Nick caught at UCB10, for 8 yards to the UCB08 (Turber-Ortiz,Ethan; Clarke,D.J.)."
"20251115_h3wh","Ursinus",45,"2","Carnegie Mellon","play",3,2,FALSE,"UCB",8,"rush",1,"3rd and 2 at UCB8","No Huddle-Shotgun Valente,Giacomo rush middle for 1 yard gain to the UCB07 (Clarke,D.J.; Saenz,Manny)."
"20251115_h3wh","Ursinus",46,"2","Carnegie Mellon","play",4,1,FALSE,"UCB",7,"field_goal_good",,"4th and 1 at UCB7","Caputo,Justin field goal attempt from 25 yards GOOD (H: Salters,Jackson, LS: Orlando,Joey), clock 11:23."
"20251115_h3wh","Ursinus",47,"2","Carnegie Mellon","kickoff",,,,,,"kickoff",,"","Godhard,Noah kickoff 65 yards to the UCB00, Touchback."
"20251115_h3wh","Ursinus",48,"2","Ursinus","play",1,10,FALSE,"UCB",25,"rush",2,"1st and 10 at UCB25","No Huddle-Shotgun Bernard,Jason rush middle for 2 yards gain to the UCB27 (Lawler,Archie)."
"20251115_h3wh","Ursinus",49,"2","Ursinus","play",2,8,FALSE,"UCB",27,"pass_intercepted",,"2nd and 8 at UCB27","No Huddle-Shotgun Machado,Tristan pass intercepted by Sturges,Robert at UCB23 broken up by Stokey,Mitchell Sturges,Robert return 23 yards to the UCB00 TOUCHDOWN, clock 10:46."
"20251115_h3wh","Ursinus",50,"2","Ursinus","extra_point",,,,,,"extra_point",,"","Caputo,Justin kick attempt good (H: Salters,Jackson, LS: Orlando,Joey)."
"20251115_h3wh","Ursinus",51,"2","Ursinus","kickoff",,,,,,"kickoff",,"","Godhard,Noah kickoff 65 yards to the UCB00, Touchback."
"20251115_h3wh","Ursinus",52,"2","Ursinus","play",1,10,FALSE,"UCB",25,"pass_incomplete",0,"1st and 10 at UCB25","No Huddle-Shotgun Machado,Tristan pass incomplete deep middle to Zulkowski,Ryder thrown to CMU40."
"20251115_h3wh","Ursinus",53,"2","Ursinus","play",2,10,FALSE,"UCB",25,"pass_complete",5,"2nd and 10 at UCB25","No Huddle-Shotgun Machado,Tristan pass complete short right to House,Cody caught at UCB21, for 5 yards to the UCB30 (Tarke,Leighton; Franze,Jacob)."
"20251115_h3wh","Ursinus",54,"2","Ursinus","play",3,5,FALSE,"UCB",30,"pass_complete",3,"3rd and 5 at UCB30","No Huddle-Shotgun Machado,Tristan pass complete short middle to House,Cody caught at UCB31, for 3 yards to the UCB33 (Ruhland,Victor)."
"20251115_h3wh","Ursinus",55,"2","Ursinus","play",4,2,FALSE,"UCB",33,"punt_no_return",,"4th and 2 at UCB33","Carr,Jordan punt 53 yards to the CMU14."
"20251115_h3wh","Ursinus",56,"2","Carnegie Mellon","play",1,10,FALSE,"CMU",14,"rush",1,"1st and 10 at CMU14","No Huddle-Shotgun Valente,Giacomo rush middle for 1 yard gain to the CMU15 (Robinson,Kendall; Turber-Ortiz,Ethan)."
"20251115_h3wh","Ursinus",57,"2","Carnegie Mellon","play",2,9,FALSE,"CMU",15,"rush",6,"2nd and 9 at CMU15","No Huddle-Shotgun Bouma,Willem rush middle for 6 yards gain to the CMU21 (Ziegler,Jake)."
"20251115_h3wh","Ursinus",58,"2","Carnegie Mellon","play",3,3,FALSE,"CMU",21,"rush",4,"3rd and 3 at CMU21","No Huddle-Shotgun Valente,Giacomo rush middle for 4 yards gain to the CMU25 (Clarke,D.J.), 1ST DOWN."
"20251115_h3wh","Ursinus",59,"2","Carnegie Mellon","play",1,10,FALSE,"CMU",25,"pass_incomplete",0,"1st and 10 at CMU25","No Huddle-Shotgun Salters,Jackson pass incomplete short right to McCullough,Brendan thrown to CMU30 broken up by Zigbuo,Andy."
"20251115_h3wh","Ursinus",60,"2","Carnegie Mellon","play",2,10,FALSE,"CMU",25,"rush",2,"2nd and 10 at CMU25","No Huddle-Shotgun Bouma,Willem rush left for 2 yards gain to the CMU27 (Clarke,D.J.), out of bounds."
"20251115_h3wh","Ursinus",61,"2","Carnegie Mellon","play",3,8,FALSE,"CMU",27,"pass_complete",4,"3rd and 8 at CMU27","No Huddle-Shotgun Salters,Jackson pass complete short left to Bouma,Willem caught at CMU24, for 4 yards to the CMU31 (Clarke,D.J.)."
"20251115_h3wh","Ursinus",62,"2","Carnegie Mellon","play",4,4,FALSE,"CMU",31,"punt_no_return",,"4th and 4 at CMU31","Norell,John punt 27 yards to the UCB42 fair catch by Donahue,Aidan at UCB42 PENALTY UCB Holding (Goin,Loui) 10 yards from UCB42 to UCB32."
"20251115_h3wh","Ursinus",63,"2","Ursinus","play",1,10,FALSE,"UCB",32,"rush",0,"1st and 10 at UCB32","No Huddle-Shotgun Bernard,Jason rush middle for 0 yards to the UCB32 (Warren,Connor; Sturges,Robert)."
"20251115_h3wh","Ursinus",64,"2","Ursinus","play",2,10,FALSE,"UCB",32,"rush",9,"2nd and 10 at UCB32","No Huddle-Shotgun Machado,Tristan rush left for 9 yards gain to the UCB41 (Franze,Jacob), out of bounds."
"20251115_h3wh","Ursinus",65,"2","Ursinus","play",3,1,FALSE,"UCB",41,"rush",2,"3rd and 1 at UCB41","No Huddle-Shotgun Bernard,Jason rush left for 2 yards gain to the UCB43 (Franze,Jacob; Bonnet,Gabe), 1ST DOWN."
"20251115_h3wh","Ursinus",66,"2","Ursinus","play",1,10,FALSE,"UCB",43,"pass_incomplete",0,"1st and 10 at UCB43","No Huddle-Shotgun Machado,Tristan pass incomplete deep left to Zulkowski,Ryder thrown to CMU25 PENALTY CMU Pass Interference (Ming,Ethan) 15 yards from UCB43 to CMU42, 1ST DOWN. NO PLAY."
"20251115_h3wh","Ursinus",67,"2","Ursinus","play",1,10,FALSE,"CMU",42,"pass_incomplete",0,"1st and 10 at CMU42","No Huddle-Shotgun Machado,Tristan pass incomplete short right thrown to CMU30 QB hurried by Sturges,Robert."
"20251115_h3wh","Ursinus",68,"2","Ursinus","play",2,10,FALSE,"CMU",42,"pass_complete",18,"2nd and 10 at CMU42","No Huddle-Shotgun Machado,Tristan pass complete short middle to Roselle,Aidan caught at CMU40, for 18 yards to the CMU24 (Schmitz,Barrett), out of bounds, 1ST DOWN."
"20251115_h3wh","Ursinus",69,"2","Ursinus","play",1,10,FALSE,"CMU",24,"rush",1,"1st and 10 at CMU24","No Huddle-Shotgun Bernard,Jason rush middle for 1 yard gain to the CMU23 (Stokey,Mitchell; Tarke,Leighton)."
"20251115_h3wh","Ursinus",70,"2","Ursinus","play",2,9,FALSE,"CMU",23,"rush",2,"2nd and 9 at CMU23","No Huddle-Shotgun Bernard,Jason rush middle for 2 yards gain to the CMU21 (Tarke,Leighton)."
"20251115_h3wh","Ursinus",71,"2","Ursinus","play",3,7,FALSE,"CMU",21,"pass_complete",21,"3rd and 7 at CMU21","No Huddle-Shotgun Machado,Tristan pass complete short left to Roselle,Aidan caught at CMU07, for 21 yards to the CMU00 TOUCHDOWN, clock 01:51, 1ST DOWN."
"20251115_h3wh","Ursinus",72,"2","Ursinus","extra_point",,,,,,"extra_point",,"","Carr,Jordan kick attempt good (H: Paturzo,Alan, LS: McSorley,John)."
"20251115_h3wh","Ursinus",73,"2","Ursinus","penalty_no_play",1,10,FALSE,"UCB",35,"penalty_no_play",,"1st and 10 at UCB35","Carr,Jordan kickoff 61 yards to the CMU04 McCullough,Nick return 37 yards to the CMU41 (Goin,Loui), out of bounds PENALTY CMU Holding (Sturges,Robert) 10 yards from CMU25 to CMU15."
"20251115_h3wh","Ursinus",74,"2","Carnegie Mellon","play",1,10,FALSE,"CMU",15,"rush",32,"1st and 10 at CMU15","No Huddle-Shotgun Bouma,Willem rush middle for 32 yards gain to the CMU47 (Clarke,D.J.), out of bounds, 1ST DOWN."
"20251115_h3wh","Ursinus",75,"2","Carnegie Mellon","play",1,10,FALSE,"CMU",47,"pass_incomplete",0,"1st and 10 at CMU47","No Huddle-Shotgun Salters,Jackson pass incomplete short right to Kolke,Reece thrown to UCB35."
"20251115_h3wh","Ursinus",76,"2","Carnegie Mellon","play",2,10,FALSE,"CMU",47,"pass_complete",23,"2nd and 10 at CMU47","No Huddle-Shotgun Salters,Jackson pass complete short middle to Moynihan,Danny caught at UCB35, for 23 yards to the UCB30 (Small,Jonathon), 1ST DOWN."
"20251115_h3wh","Ursinus",77,"2","Carnegie Mellon","play",1,10,FALSE,"UCB",30,"pass_incomplete",0,"1st and 10 at UCB30","No Huddle-Shotgun Salters,Jackson pass incomplete short middle to McCullough,Brendan thrown to UCB15."
"20251115_h3wh","Ursinus",78,"2","Carnegie Mellon","play",2,10,FALSE,"UCB",30,"pass_complete",9,"2nd and 10 at UCB30","No Huddle-Shotgun Salters,Jackson pass complete short right to McCullough,Nick caught at UCB24, for 9 yards to the UCB21 (Clarke,D.J.), out of bounds."
"20251115_h3wh","Ursinus",79,"2","Carnegie Mellon","play",3,1,FALSE,"UCB",21,"rush",2,"3rd and 1 at UCB21","No Huddle-Shotgun Bouma,Willem rush middle for 2 yards gain to the UCB19 (Saenz,Manny), 1ST DOWN."
"20251115_h3wh","Ursinus",80,"2","Carnegie Mellon","play",1,10,FALSE,"UCB",19,"rush",1,"1st and 10 at UCB19","No Huddle-Shotgun Bouma,Willem rush right for 1 yard gain (0) to the UCB18 (Turber-Ortiz,Ethan), out of bounds PENALTY CMU Holding (Alligood,Sam) 10 yards from UCB19 to UCB29."
"20251115_h3wh","Ursinus",81,"2","Carnegie Mellon","play",1,20,FALSE,"UCB",29,"pass_complete",3,"1st and 20 at UCB29","No Huddle-Shotgun Salters,Jackson pass complete short left to McCullough,Nick caught at UCB25, for 3 yards to the UCB26 (Zigbuo,Andy)."
"20251115_h3wh","Ursinus",82,"2","Carnegie Mellon","play",2,17,FALSE,"UCB",26,"pass_incomplete",0,"2nd and 17 at UCB26","No Huddle-Shotgun Salters,Jackson pass incomplete deep left to McCullough,Nick thrown to UCB03."
"20251115_h3wh","Ursinus",83,"2","Carnegie Mellon","play",3,17,FALSE,"UCB",26,"pass_complete",26,"3rd and 17 at UCB26","No Huddle-Shotgun Salters,Jackson pass complete deep right to Kolke,Reece caught at UCB00, for 26 yards to the UCB00 TOUCHDOWN, clock 00:24, 1ST DOWN."
"20251115_h3wh","Ursinus",84,"2","Carnegie Mellon","extra_point",,,,,,"extra_point",,"","Caputo,Justin kick attempt good (H: Salters,Jackson, LS: Orlando,Joey)."
"20251115_h3wh","Ursinus",85,"2","Carnegie Mellon","kickoff",,,,,,"kickoff",,"","Godhard,Noah kickoff 65 yards to the UCB00, Touchback."
"20251115_h3wh","Ursinus",86,"2","Ursinus","play",1,10,FALSE,"UCB",25,"kneel",-2,"1st and 10 at UCB25","Kneel down by Machado,Tristan at UCB23 for loss of 2 yards."
"20251115_h3wh","Ursinus",87,"3","Ursinus","kickoff",,,,,,"kickoff",,"","Carr,Jordan kickoff 64 yards to the CMU01, out of bounds at CMU01."
"20251115_h3wh","Ursinus",88,"3","Carnegie Mellon","play",1,10,FALSE,"CMU",35,"rush",2,"1st and 10 at CMU35","No Huddle-Shotgun Bouma,Willem rush left for 2 yards gain to the CMU37 (Roselle,Aidan; Ziegler,Jake)."
"20251115_h3wh","Ursinus",89,"3","Carnegie Mellon","play",2,8,FALSE,"CMU",37,"pass_complete",11,"2nd and 8 at CMU37","No Huddle-Shotgun Salters,Jackson pass complete short right to Kolke,Reece caught at CMU43, for 11 yards to the CMU48 (Ziegler,Jake; Zigbuo,Andy), out of bounds, 1ST DOWN."
"20251115_h3wh","Ursinus",90,"3","Carnegie Mellon","play",1,10,FALSE,"CMU",48,"rush",1,"1st and 10 at CMU48","No Huddle-Shotgun Valente,Giacomo rush middle for 1 yard gain to the CMU49 (Strusowski,Nick; Rios,Aaron)."
"20251115_h3wh","Ursinus",91,"3","Carnegie Mellon","play",2,9,FALSE,"CMU",49,"rush",2,"2nd and 9 at CMU49","No Huddle-Shotgun Valente,Giacomo rush left for 2 yards gain to the UCB49 (Lattanze,Donald)."
"20251115_h3wh","Ursinus",92,"3","Carnegie Mellon","play",3,7,FALSE,"UCB",49,"pass_complete",7,"3rd and 7 at UCB49","No Huddle-Shotgun Salters,Jackson pass complete short left to Bouma,Willem caught at UCB46, for 7 yards to the UCB42 (Turber-Ortiz,Ethan), out of bounds, 1ST DOWN."
"20251115_h3wh","Ursinus",93,"3","Carnegie Mellon","play",1,10,FALSE,"UCB",42,"pass_incomplete",0,"1st and 10 at UCB42","No Huddle-Shotgun Salters,Jackson pass incomplete short right to Sheets,Carter thrown to UCB25 broken up by Zigbuo,Andy."
"20251115_h3wh","Ursinus",94,"3","Carnegie Mellon","play",2,10,FALSE,"UCB",42,"rush",1,"2nd and 10 at UCB42","No Huddle-Shotgun Bouma,Willem rush middle for 1 yard gain to the UCB41 (Barrar,Ethan; Turber-Ortiz,Ethan)."
"20251115_h3wh","Ursinus",95,"3","Carnegie Mellon","play",3,9,FALSE,"UCB",41,"pass_complete",3,"3rd and 9 at UCB41","No Huddle-Shotgun Salters,Jackson pass complete short right to Moynihan,Danny caught at UCB38, for 3 yards to the UCB38 (Clarke,D.J.)."
"20251115_h3wh","Ursinus",96,"3","Carnegie Mellon","play",4,6,FALSE,"UCB",38,"punt_no_return",,"4th and 6 at UCB38","Norell,John punt 38 yards to the UCB00, Touchback."
"20251115_h3wh","Ursinus",97,"3","Ursinus","play",1,10,FALSE,"UCB",20,"rush",1,"1st and 10 at UCB20","No Huddle-Shotgun Jones,Brooklyn rush middle for 1 yard gain to the UCB21 (Tarke,Leighton; Hazard,Lucas)."
"20251115_h3wh","Ursinus",98,"3","Ursinus","play",2,9,FALSE,"UCB",21,"pass_complete",9,"2nd and 9 at UCB21","No Huddle-Shotgun Machado,Tristan pass complete short left to Van Orden,Jake caught at UCB25, for 9 yards to the UCB30 (Ming,Ethan), 1ST DOWN."
"20251115_h3wh","Ursinus",99,"3","Ursinus","play",1,10,FALSE,"UCB",30,"rush",5,"1st and 10 at UCB30","No Huddle-Shotgun Bernard,Jason rush left for 5 yards gain to the UCB35 (Ming,Ethan; Grace,Bennett)."
"20251115_h3wh","Ursinus",100,"3","Ursinus","play",2,5,FALSE,"UCB",35,"pass_complete",10,"2nd and 5 at UCB35","No Huddle-Shotgun Machado,Tristan pass complete short middle to Zulkowski,Ryder caught at UCB36, for 10 yards to the UCB45 (Franze,Jacob), 1ST DOWN."
"20251115_h3wh","Ursinus",101,"3","Ursinus","play",1,10,FALSE,"UCB",45,"pass_incomplete",0,"1st and 10 at UCB45","No Huddle-Shotgun Machado,Tristan pass incomplete deep middle to Zulkowski,Ryder thrown to CMU20."
"20251115_h3wh","Ursinus",102,"3","Ursinus","play",2,10,FALSE,"UCB",45,"pass_complete",20,"2nd and 10 at UCB45","No Huddle-Shotgun Machado,Tristan pass complete short middle to Donahue,Aidan caught at UCB49, for 20 yards to the CMU35 (Lawson,Jack; Tarke,Leighton), 1ST DOWN."
"20251115_h3wh","Ursinus",103,"3","Ursinus","penalty_no_play",1,10,FALSE,"CMU",35,"penalty_no_play",,"1st and 10 at CMU35","PENALTY UCB False Start (Leader,Deane) 5 yards from CMU35 to CMU40. NO PLAY."
"20251115_h3wh","Ursinus",104,"3","Ursinus","play",1,15,FALSE,"CMU",40,"pass_incomplete",0,"1st and 15 at CMU40","No Huddle-Shotgun Machado,Tristan pass incomplete short right to Donahue,Aidan thrown to CMU30."
"20251115_h3wh","Ursinus",105,"3","Ursinus","play",2,15,FALSE,"CMU",40,"pass_complete",28,"2nd and 15 at CMU40","No Huddle-Shotgun Machado,Tristan pass complete short left to Roselle,Aidan caught at CMU26, for 28 yards to the CMU12 (Johnson,DJ; Ming,Ethan), 1ST DOWN."
"20251115_h3wh","Ursinus",106,"3","Ursinus","play",1,10,FALSE,"CMU",12,"pass_complete",7,"1st and 10 at CMU12","No Huddle-Shotgun Machado,Tristan pass complete short right to Bernard,Jason caught at CMU15, for 7 yards to the CMU05 (Franze,Jacob), out of bounds."
"20251115_h3wh","Ursinus",107,"3","Ursinus","play",2,3,FALSE,"CMU",5,"rush",-1,"2nd and 3 at CMU5","No Huddle-Shotgun Jones,Brooklyn rush left for 1 yard loss to the CMU06 (Armstrong,Logan), out of bounds."
"20251115_h3wh","Ursinus",108,"3","Ursinus","play",3,4,FALSE,"CMU",6,"pass_complete",6,"3rd and 4 at CMU6","No Huddle-Shotgun Machado,Tristan pass complete short right to Zulkowski,Ryder caught at CMU00, for 6 yards to the CMU00 TOUCHDOWN, clock 05:16, 1ST DOWN."
"20251115_h3wh","Ursinus",109,"3","Ursinus","extra_point",,,,,,"extra_point",,"","Carr,Jordan kick attempt failed (H: Paturzo,Alan, LS: McSorley,John)."
"20251115_h3wh","Ursinus",110,"3","Ursinus","kickoff",,,,,,"kickoff",,"","Carr,Jordan kickoff 50 yards to the CMU15, out of bounds at CMU15."
"20251115_h3wh","Ursinus",111,"3","Carnegie Mellon","play",1,10,FALSE,"CMU",35,"pass_complete",7,"1st and 10 at CMU35","No Huddle-Shotgun Salters,Jackson pass complete short right to Kolke,Reece caught at CMU40, for 7 yards to the CMU42 (Zigbuo,Andy)."
"20251115_h3wh","Ursinus",112,"3","Carnegie Mellon","play",2,3,FALSE,"CMU",42,"rush",3,"2nd and 3 at CMU42","No Huddle-Shotgun Valente,Giacomo rush middle for 3 yards gain to the CMU45 (Agar,Matt; Ziegler,Jake), 1ST DOWN."
"20251115_h3wh","Ursinus",113,"3","Carnegie Mellon","play",1,10,FALSE,"CMU",45,"pass_complete",21,"1st and 10 at CMU45","No Huddle-Shotgun Salters,Jackson pass complete short middle to McCullough,Brendan caught at UCB41, for 21 yards to the UCB34 (Zigbuo,Andy), 1ST DOWN."
"20251115_h3wh","Ursinus",114,"3","Carnegie Mellon","play",1,10,FALSE,"UCB",34,"rush",3,"1st and 10 at UCB34","No Huddle-Shotgun Valente,Giacomo rush middle for 3 yards gain to the UCB31 (Barrar,Ethan; Saenz,Manny)."
"20251115_h3wh","Ursinus",115,"3","Carnegie Mellon","play",2,7,FALSE,"UCB",31,"pass_complete",7,"2nd and 7 at UCB31","No Huddle-Shotgun Salters,Jackson pass complete short right to Bouma,Willem caught at UCB35, for 7 yards to the UCB24 (Clarke,D.J.; Agar,Matt), 1ST DOWN."
"20251115_h3wh","Ursinus",116,"3","Carnegie Mellon","play",1,10,FALSE,"UCB",24,"pass_incomplete",0,"1st and 10 at UCB24","No Huddle-Shotgun Salters,Jackson pass incomplete short right to Sheets,Carter thrown to UCB15."
"20251115_h3wh","Ursinus",117,"3","Carnegie Mellon","play",2,10,FALSE,"UCB",24,"rush",2,"2nd and 10 at UCB24","No Huddle-Shotgun Valente,Giacomo rush middle for 2 yards gain to the UCB22 (Lattanze,Donald; Agar,Matt)."
"20251115_h3wh","Ursinus",118,"3","Carnegie Mellon","play",3,8,FALSE,"UCB",22,"rush",3,"3rd and 8 at UCB22","No Huddle-Shotgun Salters,Jackson rush left for 3 yards gain to the UCB19 (Ziegler,Jake)."
"20251115_h3wh","Ursinus",119,"3","Carnegie Mellon","play",4,5,FALSE,"UCB",19,"field_goal_good",,"4th and 5 at UCB19","Caputo,Justin field goal attempt from 36 yards GOOD (H: Salters,Jackson, LS: Orlando,Joey), clock 01:01."
"20251115_h3wh","Ursinus",120,"3","Carnegie Mellon","kickoff",,,,,,"kickoff",,"","Godhard,Noah kickoff 65 yards to the UCB00, Touchback."
"20251115_h3wh","Ursinus",121,"3","Ursinus","play",1,10,FALSE,"UCB",25,"pass_incomplete",0,"1st and 10 at UCB25","No Huddle-Shotgun Machado,Tristan pass incomplete deep middle to Zulkowski,Ryder thrown to CMU41 broken up by Ming,Ethan."
"20251115_h3wh","Ursinus",122,"3","Ursinus","play",2,10,FALSE,"UCB",25,"pass_incomplete",0,"2nd and 10 at UCB25","No Huddle-Shotgun Machado,Tristan pass incomplete short left to Bernard,Jason thrown to UCB20."
"20251115_h3wh","Ursinus",123,"3","Ursinus","play",3,10,FALSE,"UCB",25,"pass_complete",14,"3rd and 10 at UCB25","No Huddle-Shotgun Machado,Tristan pass complete short middle to Zulkowski,Ryder caught at UCB36, for 14 yards to the UCB39 (DeFranco,Enzo; Franze,Jacob), 1ST DOWN."
"20251115_h3wh","Ursinus",124,"3","Ursinus","play",1,10,FALSE,"UCB",39,"rush",7,"1st and 10 at UCB39","No Huddle-Shotgun Machado,Tristan rush middle for 7 yards gain to the UCB46 (Lawson,Jack)."
"20251115_h3wh","Ursinus",125,"4","Ursinus","play",2,3,FALSE,"UCB",46,"rush",1,"2nd and 3 at UCB46","No Huddle-Shotgun Jones,Brooklyn rush middle for 1 yard gain to the UCB47 (Campbell,Avery)."
"20251115_h3wh","Ursinus",126,"4","Ursinus","play",3,2,FALSE,"UCB",47,"rush",7,"3rd and 2 at UCB47","No Huddle-Shotgun Machado,Tristan rush middle for 7 yards gain to the CMU46, End Of Play, 1ST DOWN."
"20251115_h3wh","Ursinus",127,"4","Ursinus","play",1,10,FALSE,"CMU",46,"rush",4,"1st and 10 at CMU46","No Huddle-Shotgun Bernard,Jason rush middle for 4 yards gain to the CMU42 (Tarke,Leighton; Warren,Connor)."
"20251115_h3wh","Ursinus",128,"4","Ursinus","play",2,6,FALSE,"CMU",42,"pass_complete",14,"2nd and 6 at CMU42","No Huddle-Shotgun Machado,Tristan pass complete short right to Zulkowski,Ryder caught at CMU28, for 14 yards to the CMU28 (DeFranco,Enzo), out of bounds, 1ST DOWN."
"20251115_h3wh","Ursinus",129,"4","Ursinus","play",1,10,FALSE,"CMU",28,"pass_incomplete",0,"1st and 10 at CMU28","No Huddle-Shotgun Machado,Tristan pass incomplete short middle to Zulkowski,Ryder thrown to CMU10."
"20251115_h3wh","Ursinus",130,"4","Ursinus","play",2,10,FALSE,"CMU",28,"pass_complete",5,"2nd and 10 at CMU28","No Huddle-Shotgun Machado,Tristan pass complete short right to Donahue,Aidan caught at CMU26, for 5 yards to the CMU23 (Warren,Connor)."
"20251115_h3wh","Ursinus",131,"4","Ursinus","play",3,5,FALSE,"CMU",23,"pass_complete",5,"3rd and 5 at CMU23","No Huddle-Shotgun Machado,Tristan pass complete short middle to Zulkowski,Ryder caught at CMU20, for 5 yards to the CMU18 (Franze,Jacob), 1ST DOWN."
"20251115_h3wh","Ursinus",132,"4","Ursinus","play",1,10,FALSE,"CMU",18,"pass_complete",18,"1st and 10 at CMU18","No Huddle-Shotgun Machado,Tristan pass complete short left to Donahue,Aidan caught at CMU01, for 18 yards to the CMU00 TOUCHDOWN, clock 11:21, 1ST DOWN."
"20251115_h3wh","Ursinus",133,"4","Ursinus","extra_point",,,,,,"extra_point",,"","Carr,Jordan kick attempt good (H: Paturzo,Alan, LS: McSorley,John)."
"20251115_h3wh","Ursinus",134,"4","Ursinus","kickoff",,,,,,"kickoff",,"","Carr,Jordan kickoff 64 yards to the CMU01 McCullough,Nick return 22 yards to the CMU23 (Lawson,Tim), out of bounds."
"20251115_h3wh","Ursinus",135,"4","Carnegie Mellon","play",1,10,FALSE,"CMU",23,"pass_incomplete",0,"1st and 10 at CMU23","No Huddle-Shotgun Salters,Jackson pass incomplete deep right to McCullough,Brendan thrown to UCB50."
"20251115_h3wh","Ursinus",136,"4","Carnegie Mellon","play",2,10,FALSE,"CMU",23,"pass_incomplete",0,"2nd and 10 at CMU23","No Huddle-Shotgun Salters,Jackson pass incomplete short middle to Moynihan,Danny thrown to CMU25."
"20251115_h3wh","Ursinus",137,"4","Carnegie Mellon","play",3,10,FALSE,"CMU",23,"pass_incomplete",0,"3rd and 10 at CMU23","No Huddle-Shotgun Bouma,Willem pass incomplete deep right to Jaeb,Chris thrown to UCB45."
"20251115_h3wh","Ursinus",138,"4","Carnegie Mellon","play",4,10,FALSE,"CMU",23,"punt_no_return",,"4th and 10 at CMU23","Norell,John punt 48 yards to the UCB29."
"20251115_h3wh","Ursinus",139,"4","Ursinus","play",1,10,FALSE,"UCB",29,"rush",2,"1st and 10 at UCB29","No Huddle-Shotgun Bernard,Jason rush middle for 2 yards gain to the UCB31 (Lawson,Jack; Warren,Connor)."
"20251115_h3wh","Ursinus",140,"4","Ursinus","play",2,8,FALSE,"UCB",31,"pass_incomplete",0,"2nd and 8 at UCB31","No Huddle-Shotgun Machado,Tristan pass incomplete short left to House,Cody thrown to UCB45."
"20251115_h3wh","Ursinus",141,"4","Ursinus","play",3,8,FALSE,"UCB",31,"sack",-2,"3rd and 8 at UCB31","No Huddle-Shotgun Machado,Tristan sacked for loss of 2 yards to the UCB29 (Stokey,Mitchell)."
"20251115_h3wh","Ursinus",142,"4","Ursinus","play",4,10,FALSE,"UCB",29,"punt_no_return",,"4th and 10 at UCB29","Carr,Jordan punt 41 yards to the CMU30, out of bounds at CMU30."
"20251115_h3wh","Ursinus",143,"4","Carnegie Mellon","play",1,10,FALSE,"CMU",30,"rush",1,"1st and 10 at CMU30","No Huddle-Shotgun Bouma,Willem rush middle for 1 yard gain to the CMU31 (Barrar,Ethan; Small,Jonathon)."
"20251115_h3wh","Ursinus",144,"4","Carnegie Mellon","play",2,9,FALSE,"CMU",31,"sack",-8,"2nd and 9 at CMU31","No Huddle-Shotgun Bouma,Willem sacked for loss of 8 yards to the CMU23 (Rios,Aaron, Saenz,Manny)."
"20251115_h3wh","Ursinus",145,"4","Carnegie Mellon","play",3,17,FALSE,"CMU",23,"rush",15,"3rd and 17 at CMU23","No Huddle-Shotgun Salters,Jackson rush right for 15 yards gain to the CMU38 (Clarke,D.J.)."
"20251115_h3wh","Ursinus",146,"4","Carnegie Mellon","play",4,2,FALSE,"CMU",38,"punt_no_return",,"4th and 2 at CMU38","Norell,John punt 55 yards to the UCB07."
"20251115_h3wh","Ursinus",147,"4","Ursinus","play",1,10,FALSE,"UCB",7,"rush",0,"1st and 10 at UCB7","No Huddle-Shotgun Louis,Jaden rush middle for 0 yards to the UCB07 (Tarke,Leighton; Stokey,Mitchell)."
"20251115_h3wh","Ursinus",148,"4","Ursinus","play",2,10,FALSE,"UCB",7,"pass_complete",9,"2nd and 10 at UCB7","No Huddle-Shotgun Machado,Tristan pass complete short right to Zulkowski,Ryder caught at UCB10, for 9 yards to the UCB16 (Warren,Connor; Ming,Ethan)."
"20251115_h3wh","Ursinus",149,"4","Ursinus","play",3,1,FALSE,"UCB",16,"pass_complete",10,"3rd and 1 at UCB16","No Huddle-Shotgun Machado,Tristan pass complete short right to Donahue,Aidan caught at UCB26, for 10 yards to the UCB26 (Ming,Ethan), out of bounds, 1ST DOWN."
"20251115_h3wh","Ursinus",150,"4","Ursinus","play",1,10,FALSE,"UCB",26,"rush",-1,"1st and 10 at UCB26","No Huddle-Shotgun Bernard,Jason rush left for 1 yard loss to the UCB25 (Sturges,Robert)."
"20251115_h3wh","Ursinus",151,"4","Ursinus","play",2,11,FALSE,"UCB",25,"rush",2,"2nd and 11 at UCB25","No Huddle-Shotgun Louis,Jaden rush middle for 2 yards gain to the UCB27 (Stokey,Mitchell; Franze,Jacob)."
"20251115_h3wh","Ursinus",152,"4","Ursinus","play",3,9,FALSE,"UCB",27,"pass_complete",36,"3rd and 9 at UCB27","No Huddle-Shotgun Machado,Tristan pass complete deep right to House,Cody caught at CMU37, for 36 yards to the CMU37, End Of Play, 1ST DOWN."
"20251115_h3wh","Ursinus",153,"4","Ursinus","play",1,10,FALSE,"CMU",37,"rush",1,"1st and 10 at CMU37","No Huddle-Shotgun Bernard,Jason rush middle for 1 yard gain to the CMU36 (Franze,Jacob; Bonnet,Gabe)."
"20251115_h3wh","Ursinus",154,"4","Ursinus","play",2,9,FALSE,"CMU",36,"rush",10,"2nd and 9 at CMU36","No Huddle-Shotgun Jones,Brooklyn rush middle for 10 yards gain to the CMU26 (Ming,Ethan), 1ST DOWN."
"20251115_h3wh","Ursinus",155,"4","Ursinus","play",1,10,FALSE,"CMU",26,"rush",2,"1st and 10 at CMU26","No Huddle-Shotgun Louis,Jaden rush right for 2 yards gain to the CMU24 (Ming,Ethan; Franze,Jacob)."
"20251115_h3wh","Ursinus",156,"4","Ursinus","play",2,8,FALSE,"CMU",24,"rush",-1,"2nd and 8 at CMU24","No Huddle-Shotgun Bernard,Jason rush left for 1 yard loss to the CMU25 (Schmitz,Barrett; Sturges,Robert)."
"20251115_h3wh","Ursinus",157,"4","Ursinus","play",3,9,FALSE,"CMU",25,"rush",2,"3rd and 9 at CMU25","No Huddle-Shotgun Jones,Brooklyn rush left for 2 yards gain to the CMU23 (Ming,Ethan; Franze,Jacob)."
"20251115_h3wh","Ursinus",158,"4","Ursinus","play",4,7,FALSE,"CMU",23,"pass_incomplete",0,"4th and 7 at CMU23","No Huddle-Shotgun Machado,Tristan pass incomplete short left to Donahue,Aidan thrown to CMU17, TURNOVER ON DOWNS."
"20251115_h3wh","Ursinus",159,"4","Carnegie Mellon","play",1,10,FALSE,"CMU",23,"pass_complete",7,"1st and 10 at CMU23","No Huddle-Shotgun Salters,Jackson pass complete short middle to McCullough,Brendan caught at CMU26, for 7 yards to the CMU30, out of bounds at CMU30."
"20251115_h3wh","Ursinus",160,"4","Carnegie Mellon","play",2,3,FALSE,"CMU",30,"pass_complete",7,"2nd and 3 at CMU30","No Huddle-Shotgun Salters,Jackson pass complete short left to Bouma,Willem caught at CMU35, for 7 yards to the CMU37 (Rankins,Ky'iere), 1ST DOWN."
"20251115_h3wh","Ursinus",161,"4","Carnegie Mellon","play",1,10,FALSE,"CMU",37,"sack",-5,"1st and 10 at CMU37","No Huddle-Shotgun Salters,Jackson sacked for loss of 5 yards to the CMU32 (Saenz,Manny)."
"20251115_h3wh","Ursinus",162,"4","Carnegie Mellon","penalty_no_play",2,15,FALSE,"CMU",32,"penalty_no_play",,"2nd and 15 at CMU32","PENALTY CMU False Start (Moynihan,Danny) 5 yards from CMU32 to CMU27. NO PLAY."
