"game_id","home","away","play_index","drive_number","drive_play_number","period","half","clock_known","clock_prev_known","clock_next_known","pos_team","def_pos_team","pos_team_score","def_pos_team_score","score_diff","down","distance","yards_to_goal","Goal_To_Go","down_end","distance_end","yards_to_goal_end","play_type","scrimmage_play","yards_gained","rush","pass","completion","sack","int","fumble_vec","turnover","downs_turnover","touchdown","safety","field_goal_attempt","field_goal_made","punt","scoring_play","score_pts","firstD_by_yards","firstD_by_penalty","penalty_flag","penalty_yards_signed","penalized_team","penalty_no_play","penalty_declined","penalty_text","drive_result","situation","play_text"
"20251101_dlys","Dickinson","Carnegie Mellon",1,1,1,1,1,,"15:00","15:00","Carnegie Mellon","Dickinson",0,0,0,,,,,1,10,65,"kickoff",FALSE,,FALSE,FALSE,FALSE,FALSE,FALSE,FALSE,FALSE,FALSE,FALSE,FALSE,FALSE,FALSE,FALSE,FALSE,0,FALSE,FALSE,FALSE,,,FALSE,,,"TD","","Worobel,Justin kickoff 60 yards to the CMU05, out of bounds at CMU05."
"20251101_dlys","Dickinson","Carnegie Mellon",2,1,2,1,1,,"15:00","10:16","Carnegie Mellon","Dickinson",0,0,0,1,10,65,FALSE,2,7,62,"rush",TRUE,3,TRUE,FALSE,FALSE,FALSE,FALSE,FALSE,FALSE,FALSE,FALSE,FALSE,FALSE,FALSE,FALSE,FALSE,0,FALSE,FALSE,FALSE,,,FALSE,,,"TD","1st and 10 at CMU35","No Huddle-Shotgun Valente,Giacomo rush middle for 3 yards gain to the CMU38 (Genilello,Jason)."
"20251101_dlys","Dickinson","Carnegie Mellon",3,1,3,1,1,,"15:00","10:16","Carnegie Mellon","Dickinson",0,0,0,2,7,62,FALSE,1,10,46,"rush",TRUE,16,TRUE,FALSE,FALSE,FALSE,FALSE,FALSE,FALSE,FALSE,FALSE,FALSE,FALSE,FALSE,FALSE,FALSE,0,TRUE,FALSE,FALSE,,,FALSE,,,"TD","2nd and 7 at CMU38","No Huddle-Shotgun Valente,Giacomo rush middle for 16 yards gain to the DSON46 (Couvertiere,Sean), 1ST DOWN."
"20251101_dlys","Dickinson","Carnegie Mellon",4,1,4,1,1,,"15:00","10:16","Carnegie Mellon","Dickinson",0,0,0,1,10,46,FALSE,2,4,40,"rush",TRUE,6,TRUE,FALSE,FALSE,FALSE,FALSE,FALSE,FALSE,FALSE,FALSE,FALSE,FALSE,FALSE,FALSE,FALSE,0,FALSE,FALSE,FALSE,,,FALSE,,,"TD","1st and 10 at DIC46","No Huddle-Shotgun Valente,Giacomo rush middle for 6 yards gain to the DSON40 (Couvertiere,Sean)."
"20251101_dlys","Dickinson","Carnegie Mellon",5,1,5,1,1,,"15:00","10:16","Carnegie Mellon","Dickinson",0,0,0,2,4,40,FALSE,3,4,40,"pass_incomplete",TRUE,0,FALSE,TRUE,FALSE,FALSE,FALSE,FALSE,FALSE,FALSE,FALSE,FALSE,FALSE,FALSE,FALSE,FALSE,0,FALSE,FALSE,FALSE,,,FALSE,,,"TD","2nd and 4 at DIC40","No Huddle-Shotgun McGinnis IV,Joey pass incomplete short middle to Sheets,Carter thrown to DSON25 broken up by Barnes,Chris."
"20251101_dlys","Dickinson","Carnegie Mellon",6,1,6,1,1,,"15:00","10:16","Carnegie Mellon","Dickinson",0,0,0,3,4,40,FALSE,4,4,40,"rush",TRUE,0,TRUE,FALSE,FALSE,FALSE,FALSE,FALSE,FALSE,FALSE,FALSE,FALSE,FALSE,FALSE,FALSE,FALSE,0,FALSE,FALSE,FALSE,,,FALSE,,,"TD","3rd and 4 at DIC40","No Huddle-Shotgun Valente,Giacomo rush left for 0 yards to the DSON40 (Moses,Josh; Garcia,Juan Pablo)."
"20251101_dlys","Dickinson","Carnegie Mellon",7,1,7,1,1,,"15:00","10:16","Carnegie Mellon","Dickinson",0,0,0,4,4,40,FALSE,1,10,27,"pass_complete",TRUE,13,FALSE,TRUE,TRUE,FALSE,FALSE,FALSE,FALSE,FALSE,FALSE,FALSE,FALSE,FALSE,FALSE,FALSE,0,TRUE,FALSE,FALSE,,,FALSE,,,"TD","4th and 4 at DIC40","No Huddle-Shotgun McGinnis IV,Joey pass complete short middle to Sheets,Carter caught at DSON27, for 13 yards to the DSON27, End Of Play, 1ST DOWN."
"20251101_dlys","Dickinson","Carnegie Mellon",8,1,8,1,1,,"15:00","10:16","Carnegie Mellon","Dickinson",0,0,0,1,10,27,FALSE,2,9,26,"rush",TRUE,1,TRUE,FALSE,FALSE,FALSE,FALSE,FALSE,FALSE,FALSE,FALSE,FALSE,FALSE,FALSE,FALSE,FALSE,0,FALSE,FALSE,FALSE,,,FALSE,,,"TD","1st and 10 at DIC27","No Huddle-Shotgun Bouma,Willem rush left for 1 yard gain to the DSON26 (White,Domani)."
"20251101_dlys","Dickinson","Carnegie Mellon",9,1,9,1,1,,"15:00","10:16","Carnegie Mellon","Dickinson",0,0,0,2,9,26,FALSE,1,7,7,"rush",TRUE,19,TRUE,FALSE,FALSE,FALSE,FALSE,FALSE,FALSE,FALSE,FALSE,FALSE,FALSE,FALSE,FALSE,FALSE,0,TRUE,FALSE,FALSE,,,FALSE,,,"TD","2nd and 9 at DIC26","No Huddle-Shotgun McGinnis IV,Joey rush right for 19 yards gain to the DSON07, out of bounds at DSON07, 1ST DOWN."
"20251101_dlys","Dickinson","Carnegie Mellon",10,1,10,1,1,,"15:00","10:16","Carnegie Mellon","Dickinson",0,0,0,1,7,7,TRUE,2,2,2,"rush",TRUE,5,TRUE,FALSE,FALSE,FALSE,FALSE,FALSE,FALSE,FALSE,FALSE,FALSE,FALSE,FALSE,FALSE,FALSE,0,FALSE,FALSE,FALSE,,,FALSE,,,"TD","1st and 7 at DIC7","No Huddle-Shotgun Bouma,Willem rush middle for 5 yards gain to the DSON02 (Garcia,Juan Pablo)."
"20251101_dlys","Dickinson","Carnegie Mellon",11,1,11,1,1,,"15:00","10:16","Carnegie Mellon","Dickinson",0,0,0,2,2,2,TRUE,3,1,1,"rush",TRUE,1,TRUE,FALSE,FALSE,FALSE,FALSE,FALSE,FALSE,FALSE,FALSE,FALSE,FALSE,FALSE,FALSE,FALSE,0,FALSE,FALSE,FALSE,,,FALSE,,,"TD","2nd and 2 at DIC2","No Huddle-Shotgun Bouma,Willem rush middle for 1 yard gain to the DSON01 (White,Domani; Devlin,Julien)."
"20251101_dlys","Dickinson","Carnegie Mellon",12,1,12,1,1,"10:16","10:16","10:16","Carnegie Mellon","Dickinson",0,0,0,3,1,1,TRUE,,,,"rush",TRUE,1,TRUE,FALSE,FALSE,FALSE,FALSE,FALSE,FALSE,FALSE,TRUE,FALSE,FALSE,FALSE,FALSE,TRUE,6,FALSE,FALSE,FALSE,,,FALSE,,,"TD","3rd and 1 at DIC1","No Huddle-Shotgun Wamhoff,Mark rush for 1 yard gain to the DSON00 TOUCHDOWN, clock 10:16."
"20251101_dlys","Dickinson","Carnegie Mellon",13,1,13,1,1,,"10:16","10:16","Carnegie Mellon","Dickinson",6,0,6,,,,,,,,"extra_point",FALSE,,FALSE,FALSE,FALSE,FALSE,FALSE,FALSE,FALSE,FALSE,FALSE,FALSE,FALSE,FALSE,FALSE,TRUE,1,FALSE,FALSE,FALSE,,,FALSE,,,"TD","","Caputo,Justin kick attempt good (H: Salters,Jackson, LS: Orlando,Joey)."
"20251101_dlys","Dickinson","Carnegie Mellon",14,2,1,1,1,,"10:16","10:16","Dickinson","Carnegie Mellon",0,7,-7,,,,,1,10,75,"kickoff",FALSE,,FALSE,FALSE,FALSE,FALSE,FALSE,FALSE,FALSE,FALSE,FALSE,FALSE,FALSE,FALSE,FALSE,FALSE,0,FALSE,FALSE,FALSE,,,FALSE,,,"TD","","Godhard,Noah kickoff 65 yards to the DSON00, Touchback."
"20251101_dlys","Dickinson","Carnegie Mellon",15,2,2,1,1,,"10:16","04:59","Dickinson","Carnegie Mellon",0,7,-7,1,10,75,FALSE,2,2,67,"pass_complete",TRUE,8,FALSE,TRUE,TRUE,FALSE,FALSE,FALSE,FALSE,FALSE,FALSE,FALSE,FALSE,FALSE,FALSE,FALSE,0,FALSE,FALSE,FALSE,,,FALSE,,,"TD","1st and 10 at DIC25","No Huddle-Shotgun Klassen,Ben pass complete short right to Friebel,Leon caught at DSON26, for 8 yards to the DSON33 (Franze,Jacob), out of bounds."
"20251101_dlys","Dickinson","Carnegie Mellon",16,2,3,1,1,,"10:16","04:59","Dickinson","Carnegie Mellon",0,7,-7,2,2,67,FALSE,1,10,60,"pass_complete",TRUE,7,FALSE,TRUE,TRUE,FALSE,FALSE,FALSE,FALSE,FALSE,FALSE,FALSE,FALSE,FALSE,FALSE,FALSE,0,TRUE,FALSE,FALSE,,,FALSE,,,"TD","2nd and 2 at DIC33","No Huddle-Shotgun Klassen,Ben pass complete short left to Benning III,Cedric caught at DSON34, for 7 yards to the DSON40 (Franze,Jacob), out of bounds, 1ST DOWN."
"20251101_dlys","Dickinson","Carnegie Mellon",17,2,4,1,1,,"10:16","04:59","Dickinson","Carnegie Mellon",0,7,-7,1,10,60,FALSE,2,3,53,"pass_complete",TRUE,7,FALSE,TRUE,TRUE,FALSE,FALSE,FALSE,FALSE,FALSE,FALSE,FALSE,FALSE,FALSE,FALSE,FALSE,0,FALSE,FALSE,FALSE,,,FALSE,,,"TD","1st and 10 at DIC40","No Huddle-Shotgun Klassen,Ben pass complete short left to Schmidt,Kevin caught at DSON47, for 7 yards to the DSON47 (Ming,Ethan), out of bounds."
"20251101_dlys","Dickinson","Carnegie Mellon",18,2,5,1,1,,"10:16","04:59","Dickinson","Carnegie Mellon",0,7,-7,2,3,53,FALSE,3,3,53,"pass_incomplete",TRUE,0,FALSE,TRUE,FALSE,FALSE,FALSE,FALSE,FALSE,FALSE,FALSE,FALSE,FALSE,FALSE,FALSE,FALSE,0,FALSE,FALSE,FALSE,,,FALSE,,,"TD","2nd and 3 at DIC47","No Huddle-Shotgun Klassen,Ben pass incomplete short middle to Boyer,Kellen thrown to DSON50."
"20251101_dlys","Dickinson","Carnegie Mellon",19,2,6,1,1,,"10:16","04:59","Dickinson","Carnegie Mellon",0,7,-7,3,3,53,FALSE,1,10,34,"rush",TRUE,4,TRUE,FALSE,FALSE,FALSE,FALSE,FALSE,FALSE,FALSE,FALSE,FALSE,FALSE,FALSE,FALSE,FALSE,0,TRUE,TRUE,TRUE,15,"Carnegie Mellon",FALSE,FALSE,"PENALTY CMU Personal Foul (Ming,Ethan) 15 yards from CMU49 to CMU34, 1ST DOWN.","TD","3rd and 3 at DIC47","No Huddle-Shotgun Klassen,Ben rush middle for 4 yards gain to the CMU49, End Of Play, 1ST DOWN, PENALTY CMU Personal Foul (Ming,Ethan) 15 yards from CMU49 to CMU34, 1ST DOWN."
"20251101_dlys","Dickinson","Carnegie Mellon",20,2,7,1,1,,"10:16","04:59","Dickinson","Carnegie Mellon",0,7,-7,1,10,34,FALSE,1,10,24,"rush",TRUE,10,TRUE,FALSE,FALSE,FALSE,FALSE,FALSE,FALSE,FALSE,FALSE,FALSE,FALSE,FALSE,FALSE,FALSE,0,TRUE,FALSE,FALSE,,,FALSE,,,"TD","1st and 10 at CMU34","No Huddle-Shotgun Benning III,Cedric rush middle for 10 yards gain to the CMU24 (Lawson,Jack), 1ST DOWN."
"20251101_dlys","Dickinson","Carnegie Mellon",21,2,8,1,1,,"10:16","04:59","Dickinson","Carnegie Mellon",0,7,-7,1,10,24,FALSE,2,9,23,"rush",TRUE,1,TRUE,FALSE,FALSE,FALSE,FALSE,FALSE,FALSE,FALSE,FALSE,FALSE,FALSE,FALSE,FALSE,FALSE,0,FALSE,FALSE,FALSE,,,FALSE,,,"TD","1st and 10 at CMU24","No Huddle-Shotgun Klassen,Ben rush middle for 1 yard gain to the CMU23 (Grace,Bennett)."
"20251101_dlys","Dickinson","Carnegie Mellon",22,2,9,1,1,,"10:16","04:59","Dickinson","Carnegie Mellon",0,7,-7,2,9,23,FALSE,3,4,18,"rush",TRUE,5,TRUE,FALSE,FALSE,FALSE,FALSE,FALSE,FALSE,FALSE,FALSE,FALSE,FALSE,FALSE,FALSE,FALSE,0,FALSE,FALSE,FALSE,,,FALSE,,,"TD","2nd and 9 at CMU23","No Huddle-Shotgun Benning III,Cedric rush left for 5 yards gain to the CMU18, out of bounds at CMU18."
"20251101_dlys","Dickinson","Carnegie Mellon",23,2,10,1,1,,"10:16","04:59","Dickinson","Carnegie Mellon",0,7,-7,3,4,18,FALSE,1,5,5,"pass_complete",TRUE,13,FALSE,TRUE,TRUE,FALSE,FALSE,FALSE,FALSE,FALSE,FALSE,FALSE,FALSE,FALSE,FALSE,FALSE,0,TRUE,FALSE,FALSE,,,FALSE,,,"TD","3rd and 4 at CMU18","No Huddle-Shotgun Klassen,Ben pass complete short middle to Friebel,Leon caught at CMU05, for 13 yards to the CMU05, End Of Play, 1ST DOWN."
"20251101_dlys","Dickinson","Carnegie Mellon",24,2,11,1,1,,"10:16","04:59","Dickinson","Carnegie Mellon",0,7,-7,1,5,5,TRUE,2,8,8,"rush",TRUE,-3,TRUE,FALSE,FALSE,FALSE,FALSE,FALSE,FALSE,FALSE,FALSE,FALSE,FALSE,FALSE,FALSE,FALSE,0,FALSE,FALSE,FALSE,,,FALSE,,,"TD","1st and 5 at CMU5","No Huddle-Shotgun Benning III,Cedric rush left for 3 yards loss to the CMU08 (Grace,Bennett)."
"20251101_dlys","Dickinson","Carnegie Mellon",25,2,12,1,1,,"10:16","04:59","Dickinson","Carnegie Mellon",0,7,-7,2,8,8,TRUE,3,4,4,"rush",TRUE,4,TRUE,FALSE,FALSE,FALSE,FALSE,FALSE,FALSE,FALSE,FALSE,FALSE,FALSE,FALSE,FALSE,FALSE,0,FALSE,FALSE,FALSE,,,FALSE,,,"TD","2nd and 8 at CMU8","No Huddle-Shotgun Klassen,Ben rush middle for 4 yards gain to the CMU04 (Tarke,Leighton; Lawson,Jack)."
"20251101_dlys","Dickinson","Carnegie Mellon",26,2,13,1,1,"04:59","04:59","04:59","Dickinson","Carnegie Mellon",0,7,-7,3,4,4,TRUE,,,,"pass_complete",TRUE,4,FALSE,TRUE,TRUE,FALSE,FALSE,FALSE,FALSE,FALSE,TRUE,FALSE,FALSE,FALSE,FALSE,TRUE,6,FALSE,FALSE,FALSE,,,FALSE,,,"TD","3rd and 4 at CMU4","No Huddle-Shotgun Klassen,Ben pass complete short middle to Schmidt,Kevin caught at CMU00, for 4 yards to the CMU00 TOUCHDOWN, clock 04:59."
"20251101_dlys","Dickinson","Carnegie Mellon",27,2,14,1,1,,"04:59","04:52","Dickinson","Carnegie Mellon",6,7,-1,,,,,,,,"extra_point",FALSE,,FALSE,FALSE,FALSE,FALSE,FALSE,FALSE,FALSE,FALSE,FALSE,FALSE,FALSE,FALSE,FALSE,TRUE,1,FALSE,FALSE,FALSE,,,FALSE,,,"TD","","Worobel,Justin kick attempt good (H: Boyer,Kellen, LS: Berthiaume,Nathan)."
"20251101_dlys","Dickinson","Carnegie Mellon",28,3,1,1,1,,"04:59","04:52","Carnegie Mellon","Dickinson",7,7,0,,,,,1,10,62,"kickoff",FALSE,,FALSE,FALSE,FALSE,FALSE,FALSE,FALSE,FALSE,FALSE,FALSE,FALSE,FALSE,FALSE,FALSE,FALSE,0,FALSE,FALSE,FALSE,,,FALSE,,,"TD","","Worobel,Justin kickoff 57 yards to the CMU08 McCullough,Nick return 30 yards to the CMU38 (Heck,Gavin)."
"20251101_dlys","Dickinson","Carnegie Mellon",29,3,2,1,1,,"04:52","00:28","Carnegie Mellon","Dickinson",7,7,0,1,10,62,FALSE,2,3,55,"pass_complete",TRUE,7,FALSE,TRUE,TRUE,FALSE,FALSE,FALSE,FALSE,FALSE,FALSE,FALSE,FALSE,FALSE,FALSE,FALSE,0,FALSE,FALSE,FALSE,,,FALSE,,,"TD","1st and 10 at CMU38","No Huddle-Shotgun McGinnis IV,Joey pass complete short right to Kolke,Reece caught at CMU45, for 7 yards to the CMU45, out of bounds at CMU45."
"20251101_dlys","Dickinson","Carnegie Mellon",30,3,3,1,1,,"04:52","00:28","Carnegie Mellon","Dickinson",7,7,0,2,3,55,FALSE,1,10,51,"pass_complete",TRUE,4,FALSE,TRUE,TRUE,FALSE,FALSE,FALSE,FALSE,FALSE,FALSE,FALSE,FALSE,FALSE,FALSE,FALSE,0,TRUE,FALSE,FALSE,,,FALSE,,,"TD","2nd and 3 at CMU45","No Huddle-Shotgun McGinnis IV,Joey pass complete short right to Moynihan,Danny caught at CMU46, for 4 yards to the CMU49 (Barnes,Chris), 1ST DOWN."
"20251101_dlys","Dickinson","Carnegie Mellon",31,3,4,1,1,,"04:52","00:28","Carnegie Mellon","Dickinson",7,7,0,1,10,51,FALSE,2,1,42,"rush",TRUE,9,TRUE,FALSE,FALSE,FALSE,FALSE,FALSE,FALSE,FALSE,FALSE,FALSE,FALSE,FALSE,FALSE,FALSE,0,FALSE,FALSE,FALSE,,,FALSE,,,"TD","1st and 10 at CMU49","No Huddle-Shotgun Valente,Giacomo rush middle for 9 yards gain to the DSON42 (Couvertiere,Sean)."
"20251101_dlys","Dickinson","Carnegie Mellon",32,3,5,1,1,,"04:52","00:28","Carnegie Mellon","Dickinson",7,7,0,2,1,42,FALSE,3,1,42,"pass_incomplete",TRUE,0,FALSE,TRUE,FALSE,FALSE,FALSE,FALSE,FALSE,FALSE,FALSE,FALSE,FALSE,FALSE,FALSE,FALSE,0,FALSE,FALSE,FALSE,,,FALSE,,,"TD","2nd and 1 at DIC42","No Huddle-Shotgun McGinnis IV,Joey pass incomplete short left to Sheets,Carter thrown to DSON32."
"20251101_dlys","Dickinson","Carnegie Mellon",33,3,6,1,1,,"04:52","00:28","Carnegie Mellon","Dickinson",7,7,0,3,1,42,FALSE,1,10,39,"rush",TRUE,3,TRUE,FALSE,FALSE,FALSE,FALSE,FALSE,FALSE,FALSE,FALSE,FALSE,FALSE,FALSE,FALSE,FALSE,0,TRUE,FALSE,FALSE,,,FALSE,,,"TD","3rd and 1 at DIC42","No Huddle-Shotgun Valente,Giacomo rush left for 3 yards gain to the DSON39 (Mulholland,Jimmy), 1ST DOWN."
"20251101_dlys","Dickinson","Carnegie Mellon",34,3,7,1,1,,"04:52","00:28","Carnegie Mellon","Dickinson",7,7,0,1,10,39,FALSE,1,10,25,"rush",TRUE,14,TRUE,FALSE,FALSE,FALSE,FALSE,FALSE,FALSE,FALSE,FALSE,FALSE,FALSE,FALSE,FALSE,FALSE,0,TRUE,FALSE,FALSE,,,FALSE,,,"TD","1st and 10 at DIC39","No Huddle-Shotgun McGinnis IV,Joey rush middle for 14 yards gain to the DSON25 (Couvertiere,Sean), 1ST DOWN."
"20251101_dlys","Dickinson","Carnegie Mellon",35,3,8,1,1,,"04:52","00:28","Carnegie Mellon","Dickinson",7,7,0,1,10,25,FALSE,1,10,14,"rush",TRUE,11,TRUE,FALSE,FALSE,FALSE,FALSE,FALSE,FALSE,FALSE,FALSE,FALSE,FALSE,FALSE,FALSE,FALSE,0,TRUE,FALSE,FALSE,,,FALSE,,,"TD","1st and 10 at DIC25","No Huddle-Shotgun McGinnis IV,Joey rush right for 11 yards gain to the DSON14 (White,Domani), 1ST DOWN."
"20251101_dlys","Dickinson","Carnegie Mellon",36,3,9,1,1,,"04:52","00:28","Carnegie Mellon","Dickinson",7,7,0,1,10,14,FALSE,2,4,8,"rush",TRUE,6,TRUE,FALSE,FALSE,FALSE,FALSE,FALSE,FALSE,FALSE,FALSE,FALSE,FALSE,FALSE,FALSE,FALSE,0,FALSE,FALSE,FALSE,,,FALSE,,,"TD","1st and 10 at DIC14","No Huddle-Shotgun Bouma,Willem rush right for 6 yards gain to the DSON08 (Enghave,Valdemar)."
"20251101_dlys","Dickinson","Carnegie Mellon",37,3,10,1,1,,"04:52","00:28","Carnegie Mellon","Dickinson",7,7,0,2,4,8,FALSE,1,3,3,"rush",TRUE,5,TRUE,FALSE,FALSE,FALSE,FALSE,FALSE,FALSE,FALSE,FALSE,FALSE,FALSE,FALSE,FALSE,FALSE,0,TRUE,FALSE,FALSE,,,FALSE,,,"TD","2nd and 4 at DIC8","No Huddle-Shotgun Bouma,Willem rush right for 5 yards gain to the DSON03 (Couvertiere,Sean; Barnes,Chris), 1ST DOWN."
"20251101_dlys","Dickinson","Carnegie Mellon",38,3,11,1,1,,"04:52","00:28","Carnegie Mellon","Dickinson",7,7,0,1,3,3,TRUE,2,1,1,"rush",TRUE,2,TRUE,FALSE,FALSE,FALSE,FALSE,FALSE,FALSE,FALSE,FALSE,FALSE,FALSE,FALSE,FALSE,FALSE,0,FALSE,FALSE,FALSE,,,FALSE,,,"TD","1st and 3 at DIC3","No Huddle-Shotgun McGinnis IV,Joey rush left for 2 yards gain to the DSON01 (White,Domani)."
"20251101_dlys","Dickinson","Carnegie Mellon",39,3,12,1,1,"00:28","00:28","00:28","Carnegie Mellon","Dickinson",7,7,0,2,1,1,TRUE,,,,"rush",TRUE,1,TRUE,FALSE,FALSE,FALSE,FALSE,FALSE,FALSE,FALSE,TRUE,FALSE,FALSE,FALSE,FALSE,TRUE,6,FALSE,FALSE,FALSE,,,FALSE,,,"TD","2nd and 1 at DIC1","No Huddle-Shotgun Wamhoff,Mark rush middle for 1 yard gain to the DSON00 TOUCHDOWN, clock 00:28."
"20251101_dlys","Dickinson","Carnegie Mellon",40,3,13,1,1,,"00:28","00:28","Carnegie Mellon","Dickinson",13,7,6,,,,,,,,"extra_point",FALSE,,FALSE,FALSE,FALSE,FALSE,FALSE,FALSE,FALSE,FALSE,FALSE,FALSE,FALSE,FALSE,FALSE,TRUE,1,FALSE,FALSE,FALSE,,,FALSE,,,"TD","","Caputo,Justin kick attempt good (H: Salters,Jackson, LS: Orlando,Joey)."
"20251101_dlys","Dickinson","Carnegie Mellon",41,4,1,1,1,,"00:28","00:28","Dickinson","Carnegie Mellon",7,14,-7,,,,,1,10,75,"kickoff",FALSE,,FALSE,FALSE,FALSE,FALSE,FALSE,FALSE,FALSE,FALSE,FALSE,FALSE,FALSE,FALSE,FALSE,FALSE,0,FALSE,FALSE,FALSE,,,FALSE,,,"PUNT","","Godhard,Noah kickoff 65 yards to the DSON00, Touchback."
"20251101_dlys","Dickinson","Carnegie Mellon",42,4,2,1,1,,"00:28",,"Dickinson","Carnegie Mellon",7,14,-7,1,10,75,FALSE,1,10,63,"pass_complete",TRUE,12,FALSE,TRUE,TRUE,FALSE,FALSE,FALSE,FALSE,FALSE,FALSE,FALSE,FALSE,FALSE,FALSE,FALSE,0,TRUE,FALSE,FALSE,,,FALSE,,,"PUNT","1st and 10 at DIC25","No Huddle-Shotgun Klassen,Ben pass complete short middle to Friebel,Leon caught at DSON37, for 12 yards to the DSON37, End Of Play, 1ST DOWN."
"20251101_dlys","Dickinson","Carnegie Mellon",43,4,3,2,1,,"15:00","13:43","Dickinson","Carnegie Mellon",7,14,-7,1,10,63,FALSE,2,8,61,"rush",TRUE,2,TRUE,FALSE,FALSE,FALSE,FALSE,FALSE,FALSE,FALSE,FALSE,FALSE,FALSE,FALSE,FALSE,FALSE,0,FALSE,FALSE,FALSE,,,FALSE,,,"PUNT","1st and 10 at DIC37","No Huddle-Shotgun Sorensen,Dane rush middle for 2 yards gain to the DSON39 (Warren,Connor)."
"20251101_dlys","Dickinson","Carnegie Mellon",44,4,4,2,1,,"15:00","13:43","Dickinson","Carnegie Mellon",7,14,-7,2,8,61,FALSE,3,8,61,"pass_incomplete",TRUE,0,FALSE,TRUE,FALSE,FALSE,FALSE,FALSE,FALSE,FALSE,FALSE,FALSE,FALSE,FALSE,FALSE,FALSE,0,FALSE,FALSE,FALSE,,,FALSE,,,"PUNT","2nd and 8 at DIC39","No Huddle-Shotgun Klassen,Ben pass incomplete short left to White,Braden thrown to DSON46."
"20251101_dlys","Dickinson","Carnegie Mellon",45,4,5,2,1,,"15:00","13:43","Dickinson","Carnegie Mellon",7,14,-7,3,8,61,FALSE,4,3,56,"rush",TRUE,5,TRUE,FALSE,FALSE,FALSE,FALSE,FALSE,FALSE,FALSE,FALSE,FALSE,FALSE,FALSE,FALSE,FALSE,0,FALSE,FALSE,FALSE,,,FALSE,,,"PUNT","3rd and 8 at DIC39","No Huddle-Shotgun Klassen,Ben rush right for 5 yards gain to the DSON44, out of bounds at DSON44."
"20251101_dlys","Dickinson","Carnegie Mellon",46,4,6,2,1,,"15:00","13:43","Dickinson","Carnegie Mellon",7,14,-7,4,3,56,FALSE,1,10,83,"punt_no_return",TRUE,,FALSE,FALSE,FALSE,FALSE,FALSE,FALSE,FALSE,FALSE,FALSE,FALSE,FALSE,FALSE,TRUE,FALSE,0,FALSE,FALSE,FALSE,,,FALSE,,,"PUNT","4th and 3 at DIC44","Furlong,Michael punt 39 yards to the CMU17, out of bounds at CMU17."
"20251101_dlys","Dickinson","Carnegie Mellon",47,5,1,2,1,,"13:43","08:46","Carnegie Mellon","Dickinson",14,7,7,1,10,83,FALSE,2,1,74,"rush",TRUE,9,TRUE,FALSE,FALSE,FALSE,FALSE,FALSE,FALSE,FALSE,FALSE,FALSE,FALSE,FALSE,FALSE,FALSE,0,FALSE,FALSE,FALSE,,,FALSE,,,"TD","1st and 10 at CMU17","No Huddle-Shotgun Bouma,Willem rush left for 9 yards gain to the CMU26 (Barnes,Chris; Couvertiere,Sean)."
"20251101_dlys","Dickinson","Carnegie Mellon",48,5,2,2,1,,"13:43","08:46","Carnegie Mellon","Dickinson",14,7,7,2,1,74,FALSE,1,10,58,"pass_complete",TRUE,16,FALSE,TRUE,TRUE,FALSE,FALSE,FALSE,FALSE,FALSE,FALSE,FALSE,FALSE,FALSE,FALSE,FALSE,0,TRUE,FALSE,FALSE,,,FALSE,,,"TD","2nd and 1 at CMU26","No Huddle-Shotgun McGinnis IV,Joey pass complete short right to Sheets,Carter caught at CMU29, for 16 yards to the CMU42 (Garcia,Juan Pablo), 1ST DOWN."
"20251101_dlys","Dickinson","Carnegie Mellon",49,5,3,2,1,,"13:43","08:46","Carnegie Mellon","Dickinson",14,7,7,1,10,58,FALSE,2,10,58,"pass_incomplete",TRUE,0,FALSE,TRUE,FALSE,FALSE,FALSE,FALSE,FALSE,FALSE,FALSE,FALSE,FALSE,FALSE,FALSE,FALSE,0,FALSE,FALSE,FALSE,,,FALSE,,,"TD","1st and 10 at CMU42","No Huddle-Shotgun McGinnis IV,Joey pass incomplete short left to McCullough,Nick thrown to CMU45."
"20251101_dlys","Dickinson","Carnegie Mellon",50,5,4,2,1,,"13:43","08:46","Carnegie Mellon","Dickinson",14,7,7,2,10,58,FALSE,3,6,54,"pass_complete",TRUE,4,FALSE,TRUE,TRUE,FALSE,FALSE,FALSE,FALSE,FALSE,FALSE,FALSE,FALSE,FALSE,FALSE,FALSE,0,FALSE,FALSE,FALSE,,,FALSE,,,"TD","2nd and 10 at CMU42","No Huddle-Shotgun McGinnis IV,Joey pass complete short left to Sheets,Carter caught at CMU44, for 4 yards to the CMU46 (Moses,Josh)."
"20251101_dlys","Dickinson","Carnegie Mellon",51,5,5,2,1,,"13:43","08:46","Carnegie Mellon","Dickinson",14,7,7,3,6,54,FALSE,3,11,59,"rush",TRUE,,FALSE,FALSE,FALSE,FALSE,FALSE,FALSE,FALSE,FALSE,FALSE,FALSE,FALSE,FALSE,FALSE,FALSE,0,FALSE,FALSE,TRUE,-5,"Carnegie Mellon",TRUE,FALSE,"PENALTY CMU Illegal Formation 5 yards from CMU46 to CMU41. NO PLAY.","TD","3rd and 6 at CMU46","No Huddle-Shotgun McGinnis IV,Joey rush middle for 10 yards gain to the DSON44 (Barnes,Chris; Couvertiere,Sean) PENALTY CMU Illegal Formation 5 yards from CMU46 to CMU41. NO PLAY."
"20251101_dlys","Dickinson","Carnegie Mellon",52,5,6,2,1,,"13:43","08:46","Carnegie Mellon","Dickinson",14,7,7,3,11,59,FALSE,4,1,49,"rush",TRUE,10,TRUE,FALSE,FALSE,FALSE,FALSE,FALSE,FALSE,FALSE,FALSE,FALSE,FALSE,FALSE,FALSE,FALSE,0,FALSE,FALSE,FALSE,,,FALSE,,,"TD","3rd and 11 at CMU41","No Huddle-Shotgun McGinnis IV,Joey rush left for 10 yards gain to the DSON49 (Couvertiere,Sean), out of bounds."
"20251101_dlys","Dickinson","Carnegie Mellon",53,5,7,2,1,,"13:43","08:46","Carnegie Mellon","Dickinson",14,7,7,4,1,49,FALSE,1,10,23,"rush",TRUE,26,TRUE,FALSE,FALSE,FALSE,FALSE,FALSE,FALSE,FALSE,FALSE,FALSE,FALSE,FALSE,FALSE,FALSE,0,TRUE,FALSE,FALSE,,,FALSE,,,"TD","4th and 1 at DIC49","No Huddle-Shotgun Bouma,Willem rush left for 26 yards gain to the DSON23 (Garcia,Juan Pablo), 1ST DOWN."
"20251101_dlys","Dickinson","Carnegie Mellon",54,5,8,2,1,,"13:43","08:46","Carnegie Mellon","Dickinson",14,7,7,1,10,23,FALSE,2,6,19,"pass_complete",TRUE,4,FALSE,TRUE,TRUE,FALSE,FALSE,FALSE,FALSE,FALSE,FALSE,FALSE,FALSE,FALSE,FALSE,FALSE,0,FALSE,FALSE,FALSE,,,FALSE,,,"TD","1st and 10 at DIC23","No Huddle-Shotgun McGinnis IV,Joey pass complete short right to Kolke,Reece caught at DSON19, for 4 yards to the DSON19 (Moses,Josh)."
"20251101_dlys","Dickinson","Carnegie Mellon",55,5,9,2,1,,"13:43","08:46","Carnegie Mellon","Dickinson",14,7,7,2,6,19,FALSE,1,10,12,"pass_complete",TRUE,7,FALSE,TRUE,TRUE,FALSE,FALSE,FALSE,FALSE,FALSE,FALSE,FALSE,FALSE,FALSE,FALSE,FALSE,0,TRUE,FALSE,FALSE,,,FALSE,,,"TD","2nd and 6 at DIC19","No Huddle-Shotgun McGinnis IV,Joey pass complete short right to Kolke,Reece caught at DSON19, for 7 yards to the DSON12 (Barnes,Chris), out of bounds, 1ST DOWN."
"20251101_dlys","Dickinson","Carnegie Mellon",56,5,10,2,1,,"13:43","08:46","Carnegie Mellon","Dickinson",14,7,7,1,10,12,FALSE,2,10,12,"pass_incomplete",TRUE,0,FALSE,TRUE,FALSE,FALSE,FALSE,FALSE,FALSE,FALSE,FALSE,FALSE,FALSE,FALSE,FALSE,FALSE,0,FALSE,FALSE,FALSE,,,FALSE,,,"TD","1st and 10 at DIC12","No Huddle-Shotgun McGinnis IV,Joey pass incomplete short left to Sheets,Carter thrown to DSON09."
"20251101_dlys","Dickinson","Carnegie Mellon",57,5,11,2,1,,"13:43","08:46","Carnegie Mellon","Dickinson",14,7,7,2,10,12,FALSE,3,1,3,"rush",TRUE,9,TRUE,FALSE,FALSE,FALSE,FALSE,FALSE,FALSE,FALSE,FALSE,FALSE,FALSE,FALSE,FALSE,FALSE,0,FALSE,FALSE,FALSE,,,FALSE,,,"TD","2nd and 10 at DIC12","No Huddle-Shotgun McGinnis IV,Joey rush right for 9 yards gain to the DSON03, out of bounds at DSON03."
"20251101_dlys","Dickinson","Carnegie Mellon",58,5,12,2,1,"08:46","08:46","08:46","Carnegie Mellon","Dickinson",14,7,7,3,1,3,FALSE,,,,"rush",TRUE,3,TRUE,FALSE,FALSE,FALSE,FALSE,FALSE,FALSE,FALSE,TRUE,FALSE,FALSE,FALSE,FALSE,TRUE,6,TRUE,FALSE,FALSE,,,FALSE,,,"TD","3rd and 1 at DIC3","No Huddle-Shotgun McGinnis IV,Joey rush right for 3 yards gain to the DSON00 TOUCHDOWN, clock 08:46, 1ST DOWN."
"20251101_dlys","Dickinson","Carnegie Mellon",59,5,13,2,1,,"08:46","08:46","Carnegie Mellon","Dickinson",20,7,13,,,,,,,,"extra_point",FALSE,,FALSE,FALSE,FALSE,FALSE,FALSE,FALSE,FALSE,FALSE,FALSE,FALSE,FALSE,FALSE,FALSE,TRUE,1,FALSE,FALSE,FALSE,,,FALSE,,,"TD","","Caputo,Justin kick attempt good (H: Salters,Jackson, LS: Orlando,Joey)."
"20251101_dlys","Dickinson","Carnegie Mellon",60,6,1,2,1,,"08:46","08:46","Dickinson","Carnegie Mellon",7,21,-14,,,,,1,10,75,"kickoff",FALSE,,FALSE,FALSE,FALSE,FALSE,FALSE,FALSE,FALSE,FALSE,FALSE,FALSE,FALSE,FALSE,FALSE,FALSE,0,FALSE,FALSE,FALSE,,,FALSE,,,"PUNT","","Godhard,Noah kickoff 65 yards to the DSON00, Touchback."
"20251101_dlys","Dickinson","Carnegie Mellon",61,6,2,2,1,,"08:46","07:57","Dickinson","Carnegie Mellon",7,21,-14,1,10,75,FALSE,2,4,69,"rush",TRUE,6,TRUE,FALSE,FALSE,FALSE,FALSE,FALSE,FALSE,FALSE,FALSE,FALSE,FALSE,FALSE,FALSE,FALSE,0,FALSE,FALSE,FALSE,,,FALSE,,,"PUNT","1st and 10 at DIC25","No Huddle-Shotgun Benning III,Cedric rush middle for 6 yards gain to the DSON31 (Ming,Ethan)."
"20251101_dlys","Dickinson","Carnegie Mellon",62,6,3,2,1,,"08:46","07:57","Dickinson","Carnegie Mellon",7,21,-14,2,4,69,FALSE,3,4,69,"pass_incomplete",TRUE,0,FALSE,TRUE,FALSE,FALSE,FALSE,FALSE,FALSE,FALSE,FALSE,FALSE,FALSE,FALSE,FALSE,FALSE,0,FALSE,FALSE,FALSE,,,FALSE,,,"PUNT","2nd and 4 at DIC31","No Huddle-Shotgun Klassen,Ben pass incomplete short left to White,Braden thrown to DSON45."
"20251101_dlys","Dickinson","Carnegie Mellon",63,6,4,2,1,,"08:46","07:57","Dickinson","Carnegie Mellon",7,21,-14,3,4,69,FALSE,4,4,69,"pass_incomplete",TRUE,0,FALSE,TRUE,FALSE,FALSE,FALSE,FALSE,FALSE,FALSE,FALSE,FALSE,FALSE,FALSE,FALSE,FALSE,0,FALSE,FALSE,FALSE,,,FALSE,,,"PUNT","3rd and 4 at DIC31","No Huddle-Shotgun Klassen,Ben pass incomplete short middle to Friebel,Leon thrown to DSON35."
"20251101_dlys","Dickinson","Carnegie Mellon",64,6,5,2,1,,"08:46","07:57","Dickinson","Carnegie Mellon",7,21,-14,4,4,69,FALSE,1,10,67,"punt_no_return",TRUE,,FALSE,FALSE,FALSE,FALSE,FALSE,FALSE,FALSE,FALSE,FALSE,FALSE,FALSE,FALSE,TRUE,FALSE,0,FALSE,FALSE,FALSE,,,FALSE,,,"PUNT","4th and 4 at DIC31","Furlong,Michael punt 36 yards to the CMU33, out of bounds at CMU33."
"20251101_dlys","Dickinson","Carnegie Mellon",65,7,1,2,1,,"07:57","03:50","Carnegie Mellon","Dickinson",21,7,14,1,10,67,FALSE,2,5,62,"pass_complete",TRUE,5,FALSE,TRUE,TRUE,FALSE,FALSE,FALSE,FALSE,FALSE,FALSE,FALSE,FALSE,FALSE,FALSE,FALSE,0,FALSE,FALSE,FALSE,,,FALSE,,,"TD","1st and 10 at CMU33","No Huddle-Shotgun McGinnis IV,Joey pass complete short left to McCullough,Nick caught at CMU38, for 5 yards to the CMU38 (Barnes,Chris)."
"20251101_dlys","Dickinson","Carnegie Mellon",66,7,2,2,1,,"07:57","03:50","Carnegie Mellon","Dickinson",21,7,14,2,5,62,FALSE,3,5,62,"rush",TRUE,0,TRUE,FALSE,FALSE,FALSE,FALSE,FALSE,FALSE,FALSE,FALSE,FALSE,FALSE,FALSE,FALSE,FALSE,0,FALSE,FALSE,FALSE,,,FALSE,,,"TD","2nd and 5 at CMU38","No Huddle-Shotgun Valente,Giacomo rush right for 0 yards to the CMU38 (Jungmann,Cedric)."
"20251101_dlys","Dickinson","Carnegie Mellon",67,7,3,2,1,,"07:57","03:50","Carnegie Mellon","Dickinson",21,7,14,3,5,62,FALSE,1,10,40,"pass_complete",TRUE,22,FALSE,TRUE,TRUE,FALSE,FALSE,FALSE,FALSE,FALSE,FALSE,FALSE,FALSE,FALSE,FALSE,FALSE,0,TRUE,FALSE,FALSE,,,FALSE,,,"TD","3rd and 5 at CMU38","No Huddle-Shotgun McGinnis IV,Joey pass complete short left to Kolke,Reece caught at CMU40, for 22 yards to the DSON40 (Moses,Josh), out of bounds, 1ST DOWN."
"20251101_dlys","Dickinson","Carnegie Mellon",68,7,4,2,1,,"07:57","03:50","Carnegie Mellon","Dickinson",21,7,14,1,10,40,FALSE,2,2,32,"pass_complete",TRUE,8,FALSE,TRUE,TRUE,FALSE,FALSE,FALSE,FALSE,FALSE,FALSE,FALSE,FALSE,FALSE,FALSE,FALSE,0,FALSE,FALSE,FALSE,,,FALSE,,,"TD","1st and 10 at DIC40","No Huddle-Shotgun McGinnis IV,Joey pass complete short left to Moynihan,Danny caught at DSON40, for 8 yards to the DSON32 (Barnes,Chris)."
"20251101_dlys","Dickinson","Carnegie Mellon",69,7,5,2,1,,"07:57","03:50","Carnegie Mellon","Dickinson",21,7,14,2,2,32,FALSE,1,2,2,"pass_complete",TRUE,30,FALSE,TRUE,TRUE,FALSE,FALSE,FALSE,FALSE,FALSE,FALSE,FALSE,FALSE,FALSE,FALSE,FALSE,0,TRUE,FALSE,FALSE,,,FALSE,,,"TD","2nd and 2 at DIC32","No Huddle-Shotgun McGinnis IV,Joey pass complete short left to McCullough,Nick caught at DSON15, for 30 yards to the DSON02 (Barnes,Chris), 1ST DOWN."
"20251101_dlys","Dickinson","Carnegie Mellon",70,7,6,2,1,,"07:57","03:50","Carnegie Mellon","Dickinson",21,7,14,1,2,2,TRUE,2,3,3,"rush",TRUE,-1,TRUE,FALSE,FALSE,FALSE,FALSE,FALSE,FALSE,FALSE,FALSE,FALSE,FALSE,FALSE,FALSE,FALSE,0,FALSE,FALSE,FALSE,,,FALSE,,,"TD","1st and 2 at DIC2","No Huddle-Shotgun Valente,Giacomo rush left for 1 yard loss to the DSON03 (Couvertiere,Sean)."
"20251101_dlys","Dickinson","Carnegie Mellon",71,7,7,2,1,,"07:57","03:50","Carnegie Mellon","Dickinson",21,7,14,2,3,3,TRUE,3,2,2,"rush",TRUE,1,TRUE,FALSE,FALSE,FALSE,FALSE,FALSE,FALSE,FALSE,FALSE,FALSE,FALSE,FALSE,FALSE,FALSE,0,FALSE,FALSE,FALSE,,,FALSE,,,"TD","2nd and 3 at DIC3","No Huddle-Shotgun McGinnis IV,Joey rush right for 1 yard gain to the DSON02 (Moses,Josh), out of bounds."
"20251101_dlys","Dickinson","Carnegie Mellon",72,7,8,2,1,,"07:57","03:50","Carnegie Mellon","Dickinson",21,7,14,3,2,2,TRUE,4,1,1,"rush",TRUE,1,TRUE,FALSE,FALSE,FALSE,FALSE,FALSE,FALSE,FALSE,FALSE,FALSE,FALSE,FALSE,FALSE,FALSE,0,FALSE,FALSE,FALSE,,,FALSE,,,"TD","3rd and 2 at DIC2","No Huddle-Shotgun Wamhoff,Mark rush left for 1 yard gain to the DSON01 (Acuna,Joaquin; Garcia,Juan Pablo)."
"20251101_dlys","Dickinson","Carnegie Mellon",73,7,9,2,1,"03:50","03:50","03:50","Carnegie Mellon","Dickinson",21,7,14,4,1,1,TRUE,,,,"rush",TRUE,1,TRUE,FALSE,FALSE,FALSE,FALSE,FALSE,FALSE,FALSE,TRUE,FALSE,FALSE,FALSE,FALSE,TRUE,6,FALSE,FALSE,FALSE,,,FALSE,,,"TD","4th and 1 at DIC1","No Huddle-Shotgun Wamhoff,Mark rush middle for 1 yard gain to the DSON00 TOUCHDOWN, clock 03:50."
"20251101_dlys","Dickinson","Carnegie Mellon",74,7,10,2,1,,"03:50","03:50","Carnegie Mellon","Dickinson",27,7,20,,,,,,,,"extra_point",FALSE,,FALSE,FALSE,FALSE,FALSE,FALSE,FALSE,FALSE,FALSE,FALSE,FALSE,FALSE,FALSE,FALSE,TRUE,1,FALSE,FALSE,FALSE,,,FALSE,,,"TD","","Caputo,Justin kick attempt good (H: Salters,Jackson, LS: Orlando,Joey)."
"20251101_dlys","Dickinson","Carnegie Mellon",75,8,1,2,1,,"03:50","03:50","Dickinson","Carnegie Mellon",7,28,-21,,,,,1,10,75,"kickoff",FALSE,,FALSE,FALSE,FALSE,FALSE,FALSE,FALSE,FALSE,FALSE,FALSE,FALSE,FALSE,FALSE,FALSE,FALSE,0,FALSE,FALSE,FALSE,,,FALSE,,,"TD","","Godhard,Noah kickoff 65 yards to the DSON00, Touchback."
"20251101_dlys","Dickinson","Carnegie Mellon",76,8,2,2,1,,"03:50","01:24","Dickinson","Carnegie Mellon",7,28,-21,1,10,75,FALSE,2,2,67,"rush",TRUE,8,TRUE,FALSE,FALSE,FALSE,FALSE,FALSE,FALSE,FALSE,FALSE,FALSE,FALSE,FALSE,FALSE,FALSE,0,FALSE,FALSE,FALSE,,,FALSE,,,"TD","1st and 10 at DIC25","No Huddle-Shotgun Sorensen,Dane rush right for 8 yards gain to the DSON33 (DeFranco,Enzo)."
"20251101_dlys","Dickinson","Carnegie Mellon",77,8,3,2,1,,"03:50","01:24","Dickinson","Carnegie Mellon",7,28,-21,2,2,67,FALSE,1,10,63,"rush",TRUE,4,TRUE,FALSE,FALSE,FALSE,FALSE,FALSE,FALSE,FALSE,FALSE,FALSE,FALSE,FALSE,FALSE,FALSE,0,TRUE,FALSE,FALSE,,,FALSE,,,"TD","2nd and 2 at DIC33","No Huddle-Shotgun Klassen,Ben rush middle for 4 yards gain to the DSON37 (Lawson,Jack), 1ST DOWN."
"20251101_dlys","Dickinson","Carnegie Mellon",78,8,4,2,1,,"03:50","01:24","Dickinson","Carnegie Mellon",7,28,-21,1,10,63,FALSE,2,7,60,"rush",TRUE,3,TRUE,FALSE,FALSE,FALSE,FALSE,FALSE,FALSE,FALSE,FALSE,FALSE,FALSE,FALSE,FALSE,FALSE,0,FALSE,FALSE,FALSE,,,FALSE,,,"TD","1st and 10 at DIC37","No Huddle-Shotgun Sorensen,Dane rush middle for 3 yards gain to the DSON40 (Lawson,Jack; Sturges,Robert)."
"20251101_dlys","Dickinson","Carnegie Mellon",79,8,5,2,1,,"03:50","01:24","Dickinson","Carnegie Mellon",7,28,-21,2,7,60,FALSE,1,10,49,"pass_complete",TRUE,11,FALSE,TRUE,TRUE,FALSE,FALSE,FALSE,FALSE,FALSE,FALSE,FALSE,FALSE,FALSE,FALSE,FALSE,0,TRUE,FALSE,FALSE,,,FALSE,,,"TD","2nd and 7 at DIC40","No Huddle-Shotgun Klassen,Ben pass complete short left to Boyer,Kellen caught at CMU49, for 11 yards to the CMU49 (Ming,Ethan), 1ST DOWN."
"20251101_dlys","Dickinson","Carnegie Mellon",80,8,6,2,1,,"03:50","01:24","Dickinson","Carnegie Mellon",7,28,-21,1,10,49,FALSE,2,5,44,"pass_complete",TRUE,5,FALSE,TRUE,TRUE,FALSE,FALSE,FALSE,FALSE,FALSE,FALSE,FALSE,FALSE,FALSE,FALSE,FALSE,0,FALSE,FALSE,FALSE,,,FALSE,,,"TD","1st and 10 at CMU49","(02:00) No Huddle-Shotgun Klassen,Ben pass complete short left to Sorensen,Dane caught at CMU44, for 5 yards to the CMU44 (Franze,Jacob), out of bounds."
"20251101_dlys","Dickinson","Carnegie Mellon",81,8,7,2,1,,"03:50","01:24","Dickinson","Carnegie Mellon",7,28,-21,2,5,44,FALSE,1,10,23,"rush",TRUE,6,TRUE,FALSE,FALSE,FALSE,FALSE,FALSE,FALSE,FALSE,FALSE,FALSE,FALSE,FALSE,FALSE,FALSE,0,TRUE,TRUE,TRUE,15,"Carnegie Mellon",FALSE,FALSE,"PENALTY CMU Personal Foul (Bonnet,Gabe) 15 yards from CMU38 to CMU23, 1ST DOWN.","TD","2nd and 5 at CMU44","No Huddle-Shotgun Klassen,Ben rush middle for 6 yards gain to the CMU38 (Lawson,Jack), 1ST DOWN, PENALTY CMU Personal Foul (Bonnet,Gabe) 15 yards from CMU38 to CMU23, 1ST DOWN."
"20251101_dlys","Dickinson","Carnegie Mellon",82,8,8,2,1,,"03:50","01:24","Dickinson","Carnegie Mellon",7,28,-21,1,10,23,FALSE,2,10,23,"pass_incomplete",TRUE,0,FALSE,TRUE,FALSE,FALSE,FALSE,FALSE,FALSE,FALSE,FALSE,FALSE,FALSE,FALSE,FALSE,FALSE,0,FALSE,FALSE,FALSE,,,FALSE,,,"TD","1st and 10 at CMU23","No Huddle-Shotgun Klassen,Ben pass incomplete short right to Sorensen,Dane thrown to CMU22."
"20251101_dlys","Dickinson","Carnegie Mellon",83,8,9,2,1,,"03:50","01:24","Dickinson","Carnegie Mellon",7,28,-21,2,10,23,FALSE,1,6,6,"pass_complete",TRUE,17,FALSE,TRUE,TRUE,FALSE,FALSE,FALSE,FALSE,FALSE,FALSE,FALSE,FALSE,FALSE,FALSE,FALSE,0,TRUE,FALSE,FALSE,,,FALSE,,,"TD","2nd and 10 at CMU23","No Huddle-Shotgun Klassen,Ben pass complete short left to Boyer,Kellen caught at CMU10, for 17 yards to the CMU06 (Ming,Ethan), out of bounds, 1ST DOWN."
"20251101_dlys","Dickinson","Carnegie Mellon",84,8,10,2,1,"01:24","01:24","01:24","Dickinson","Carnegie Mellon",7,28,-21,1,6,6,TRUE,,,,"rush",TRUE,6,TRUE,FALSE,FALSE,FALSE,FALSE,FALSE,FALSE,FALSE,TRUE,FALSE,FALSE,FALSE,FALSE,TRUE,6,FALSE,FALSE,FALSE,,,FALSE,,,"TD","1st and 6 at CMU6","No Huddle-Shotgun Sorensen,Dane rush left for 6 yards gain to the CMU00 TOUCHDOWN, clock 01:24."
"20251101_dlys","Dickinson","Carnegie Mellon",85,8,11,2,1,,"01:24","01:20","Dickinson","Carnegie Mellon",13,28,-15,,,,,,,,"extra_point",FALSE,,FALSE,FALSE,FALSE,FALSE,FALSE,FALSE,FALSE,FALSE,FALSE,FALSE,FALSE,FALSE,FALSE,TRUE,1,FALSE,FALSE,FALSE,,,FALSE,,,"TD","","Worobel,Justin kick attempt good (H: Boyer,Kellen, LS: Berthiaume,Nathan)."
"20251101_dlys","Dickinson","Carnegie Mellon",86,9,1,2,1,,"01:24","01:20","Carnegie Mellon","Dickinson",28,14,14,,,,,1,10,78,"kickoff",FALSE,,FALSE,FALSE,FALSE,FALSE,FALSE,FALSE,FALSE,FALSE,FALSE,FALSE,FALSE,FALSE,FALSE,FALSE,0,FALSE,FALSE,FALSE,,,FALSE,,,"TD","","Worobel,Justin kickoff 59 yards to the CMU06 McCullough,Nick return 16 yards to the CMU22 (Pedall,Patrick; Friebel,Leon)."
"20251101_dlys","Dickinson","Carnegie Mellon",87,9,2,2,1,,"01:20","00:44","Carnegie Mellon","Dickinson",28,14,14,1,10,78,FALSE,1,10,63,"pass_complete",TRUE,15,FALSE,TRUE,TRUE,FALSE,FALSE,FALSE,FALSE,FALSE,FALSE,FALSE,FALSE,FALSE,FALSE,FALSE,0,TRUE,FALSE,FALSE,,,FALSE,,,"TD","1st and 10 at CMU22","No Huddle-Shotgun McGinnis IV,Joey pass complete short right to Sheets,Carter caught at CMU37, for 15 yards to the CMU37 (Barnes,Chris), out of bounds, 1ST DOWN."
"20251101_dlys","Dickinson","Carnegie Mellon",88,9,3,2,1,,"01:20","00:44","Carnegie Mellon","Dickinson",28,14,14,1,10,63,FALSE,2,12,65,"pass_complete",TRUE,-2,FALSE,TRUE,TRUE,FALSE,FALSE,FALSE,FALSE,FALSE,FALSE,FALSE,FALSE,FALSE,FALSE,FALSE,0,FALSE,FALSE,FALSE,,,FALSE,,,"TD","1st and 10 at CMU37","No Huddle-Shotgun McGinnis IV,Joey pass complete short right to Bouma,Willem caught at CMU35, for 2 yards loss to the CMU35 (Barnes,Chris)."
"20251101_dlys","Dickinson","Carnegie Mellon",89,9,4,2,1,,"01:20","00:44","Carnegie Mellon","Dickinson",28,14,14,2,12,65,FALSE,3,1,54,"pass_complete",TRUE,11,FALSE,TRUE,TRUE,FALSE,FALSE,FALSE,FALSE,FALSE,FALSE,FALSE,FALSE,FALSE,FALSE,FALSE,0,FALSE,FALSE,FALSE,,,FALSE,,,"TD","2nd and 12 at CMU35","No Huddle-Shotgun McGinnis IV,Joey pass complete short left to Kolke,Reece caught at CMU46, for 11 yards to the CMU46 (Moses,Josh), out of bounds."
"20251101_dlys","Dickinson","Carnegie Mellon",90,9,5,2,1,,"01:20","00:44","Carnegie Mellon","Dickinson",28,14,14,3,1,54,FALSE,1,10,47,"pass_complete",TRUE,7,FALSE,TRUE,TRUE,FALSE,FALSE,FALSE,FALSE,FALSE,FALSE,FALSE,FALSE,FALSE,FALSE,FALSE,0,TRUE,FALSE,FALSE,,,FALSE,,,"TD","3rd and 1 at CMU46","No Huddle-Shotgun McGinnis IV,Joey pass complete short left to Moynihan,Danny caught at DSON47, for 7 yards to the DSON47 (Enghave,Valdemar), 1ST DOWN."
"20251101_dlys","Dickinson","Carnegie Mellon",91,9,6,2,1,,"01:20","00:44","Carnegie Mellon","Dickinson",28,14,14,1,10,47,FALSE,2,4,41,"rush",TRUE,6,TRUE,FALSE,FALSE,FALSE,FALSE,FALSE,FALSE,FALSE,FALSE,FALSE,FALSE,FALSE,FALSE,FALSE,0,FALSE,FALSE,FALSE,,,FALSE,,,"TD","1st and 10 at DIC47","No Huddle-Shotgun McGinnis IV,Joey rush right for 6 yards gain to the DSON41, out of bounds at DSON41."
"20251101_dlys","Dickinson","Carnegie Mellon",92,9,7,2,1,,"01:20","00:44","Carnegie Mellon","Dickinson",28,14,14,2,4,41,FALSE,3,1,38,"pass_complete",TRUE,3,FALSE,TRUE,TRUE,FALSE,FALSE,FALSE,FALSE,FALSE,FALSE,FALSE,FALSE,FALSE,FALSE,FALSE,0,FALSE,FALSE,FALSE,,,FALSE,,,"TD","2nd and 4 at DIC41","No Huddle-Shotgun McGinnis IV,Joey pass complete short left to Rummel,Cooper caught at DSON38, for 3 yards to the DSON38 (Moses,Josh)."
"20251101_dlys","Dickinson","Carnegie Mellon",93,9,8,2,1,,"00:44","00:25","Carnegie Mellon","Dickinson",28,14,14,3,1,38,FALSE,1,10,36,"rush",TRUE,2,TRUE,FALSE,FALSE,FALSE,FALSE,FALSE,FALSE,FALSE,FALSE,FALSE,FALSE,FALSE,FALSE,FALSE,0,TRUE,FALSE,FALSE,,,FALSE,,,"TD","3rd and 1 at DIC38","No Huddle-Shotgun McGinnis IV,Joey rush middle for 2 yards gain to the DSON36 (Acuna,Joaquin; Jungmann,Cedric), 1ST DOWN."
"20251101_dlys","Dickinson","Carnegie Mellon",94,9,9,2,1,,"00:44","00:25","Carnegie Mellon","Dickinson",28,14,14,1,10,36,FALSE,1,5,5,"pass_complete",TRUE,31,FALSE,TRUE,TRUE,FALSE,FALSE,FALSE,FALSE,FALSE,FALSE,FALSE,FALSE,FALSE,FALSE,FALSE,0,TRUE,FALSE,FALSE,,,FALSE,,,"TD","1st and 10 at DIC36","No Huddle-Shotgun McGinnis IV,Joey pass complete deep left to Sheets,Carter caught at DSON15, for 31 yards to the DSON05 (Barnes,Chris), 1ST DOWN."
"20251101_dlys","Dickinson","Carnegie Mellon",95,9,10,2,1,"00:19","00:19","00:19","Carnegie Mellon","Dickinson",28,14,14,1,5,5,TRUE,1,15,15,"pass_complete",TRUE,,FALSE,FALSE,FALSE,FALSE,FALSE,FALSE,FALSE,FALSE,FALSE,FALSE,FALSE,FALSE,FALSE,FALSE,0,FALSE,FALSE,TRUE,-10,"Carnegie Mellon",TRUE,FALSE,"PENALTY CMU Holding (Katarincic,Charlie) 10 yards from DSON05 to DSON15. NO PLAY.","TD","1st and 5 at DIC5","No Huddle-Shotgun McGinnis IV,Joey pass complete short right to Kolke,Reece caught at DSON00, for 5 yards to the DSON00 TOUCHDOWN nullified by penalty, clock 00:19 PENALTY CMU Holding (Katarincic,Charlie) 10 yards from DSON05 to DSON15. NO PLAY."
"20251101_dlys","Dickinson","Carnegie Mellon",96,9,11,2,1,"00:13","00:13","00:13","Carnegie Mellon","Dickinson",28,14,14,1,15,15,TRUE,,,,"pass_complete",TRUE,15,FALSE,TRUE,TRUE,FALSE,FALSE,FALSE,FALSE,FALSE,TRUE,FALSE,FALSE,FALSE,FALSE,TRUE,6,FALSE,FALSE,FALSE,,,FALSE,,,"TD","1st and 15 at DIC15","No Huddle-Shotgun McGinnis IV,Joey pass complete short middle to Sheets,Carter caught at DSON02, for 15 yards to the DSON00 TOUCHDOWN, clock 00:13."
"20251101_dlys","Dickinson","Carnegie Mellon",97,9,12,2,1,,"00:13","00:13","Carnegie Mellon","Dickinson",34,14,20,,,,,,,,"extra_point",FALSE,,FALSE,FALSE,FALSE,FALSE,FALSE,FALSE,FALSE,FALSE,FALSE,FALSE,FALSE,FALSE,FALSE,TRUE,1,FALSE,FALSE,FALSE,,,FALSE,,,"TD","","Caputo,Justin kick attempt good (H: Salters,Jackson, LS: Orlando,Joey)."
"20251101_dlys","Dickinson","Carnegie Mellon",98,10,1,2,1,,"00:13","00:13","Dickinson","Carnegie Mellon",14,35,-21,,,,,1,10,75,"kickoff",FALSE,,FALSE,FALSE,FALSE,FALSE,FALSE,FALSE,FALSE,FALSE,FALSE,FALSE,FALSE,FALSE,FALSE,FALSE,0,FALSE,FALSE,FALSE,,,FALSE,,,"END OF HALF","","Godhard,Noah kickoff 65 yards to the DSON00, Touchback."
"20251101_dlys","Dickinson","Carnegie Mellon",99,10,2,2,1,,"00:13","00:07","Dickinson","Carnegie Mellon",14,35,-21,1,10,75,FALSE,1,10,62,"rush",TRUE,13,TRUE,FALSE,FALSE,FALSE,FALSE,FALSE,FALSE,FALSE,FALSE,FALSE,FALSE,FALSE,FALSE,FALSE,0,TRUE,FALSE,FALSE,,,FALSE,,,"END OF HALF","1st and 10 at DIC25","No Huddle-Shotgun Benning III,Cedric rush middle for 13 yards gain to the DSON38 (Franze,Jacob), 1ST DOWN."
"20251101_dlys","Dickinson","Carnegie Mellon",100,10,3,2,1,,"00:07","00:00","Dickinson","Carnegie Mellon",14,35,-21,1,10,62,FALSE,,,,"sack",TRUE,-5,FALSE,FALSE,FALSE,TRUE,FALSE,FALSE,FALSE,FALSE,FALSE,FALSE,FALSE,FALSE,FALSE,FALSE,0,FALSE,FALSE,FALSE,,,FALSE,,,"END OF HALF","1st and 10 at DIC38","No Huddle-Shotgun Klassen,Ben sacked for loss of 5 yards to the DSON33 (Bonnet,Gabe)."
"20251101_dlys","Dickinson","Carnegie Mellon",101,11,1,3,2,,"15:00","15:00","Dickinson","Carnegie Mellon",14,35,-21,,,,,1,10,75,"kickoff",FALSE,,FALSE,FALSE,FALSE,FALSE,FALSE,FALSE,FALSE,FALSE,FALSE,FALSE,FALSE,FALSE,FALSE,FALSE,0,FALSE,FALSE,FALSE,,,FALSE,,,"TD","","Godhard,Noah kickoff 65 yards to the DSON00, Touchback."
"20251101_dlys","Dickinson","Carnegie Mellon",102,11,2,3,2,,"15:00","13:41","Dickinson","Carnegie Mellon",14,35,-21,1,10,75,FALSE,2,10,75,"pass_incomplete",TRUE,0,FALSE,TRUE,FALSE,FALSE,FALSE,FALSE,FALSE,FALSE,FALSE,FALSE,FALSE,FALSE,FALSE,FALSE,0,FALSE,FALSE,FALSE,,,FALSE,,,"TD","1st and 10 at DIC25","No Huddle-Shotgun Klassen,Ben pass incomplete deep middle to Friebel,Leon thrown to CMU38."
"20251101_dlys","Dickinson","Carnegie Mellon",103,11,3,3,2,,"15:00","13:41","Dickinson","Carnegie Mellon",14,35,-21,2,10,75,FALSE,1,10,60,"pass_complete",TRUE,15,FALSE,TRUE,TRUE,FALSE,FALSE,FALSE,FALSE,FALSE,FALSE,FALSE,FALSE,FALSE,FALSE,FALSE,0,TRUE,FALSE,FALSE,,,FALSE,,,"TD","2nd and 10 at DIC25","No Huddle-Shotgun Klassen,Ben pass complete short middle to Friebel,Leon caught at DSON35, for 15 yards to the DSON40 (Lawson,Jack; Schmitz,Barrett), 1ST DOWN."
"20251101_dlys","Dickinson","Carnegie Mellon",104,11,4,3,2,,"15:00","13:41","Dickinson","Carnegie Mellon",14,35,-21,1,10,60,FALSE,2,7,57,"rush",TRUE,3,TRUE,FALSE,FALSE,FALSE,FALSE,FALSE,FALSE,FALSE,FALSE,FALSE,FALSE,FALSE,FALSE,FALSE,0,FALSE,FALSE,FALSE,,,FALSE,,,"TD","1st and 10 at DIC40","No Huddle-Shotgun Benning III,Cedric rush left for 3 yards gain to the DSON43 (Tarke,Leighton)."
"20251101_dlys","Dickinson","Carnegie Mellon",105,11,5,3,2,,"15:00","13:41","Dickinson","Carnegie Mellon",14,35,-21,2,7,57,FALSE,3,7,57,"pass_incomplete",TRUE,0,FALSE,TRUE,FALSE,FALSE,FALSE,FALSE,FALSE,FALSE,FALSE,FALSE,FALSE,FALSE,FALSE,FALSE,0,FALSE,FALSE,FALSE,,,FALSE,,,"TD","2nd and 7 at DIC43","No Huddle-Shotgun Klassen,Ben pass incomplete short left to Benning III,Cedric thrown to DSON45."
"20251101_dlys","Dickinson","Carnegie Mellon",106,11,6,3,2,"13:41","13:41","13:41","Dickinson","Carnegie Mellon",14,35,-21,3,7,57,FALSE,,,,"pass_complete",TRUE,57,FALSE,TRUE,TRUE,FALSE,FALSE,FALSE,FALSE,FALSE,TRUE,FALSE,FALSE,FALSE,FALSE,TRUE,6,TRUE,FALSE,FALSE,,,FALSE,,,"TD","3rd and 7 at DIC43","No Huddle-Shotgun Klassen,Ben pass complete deep right to Friebel,Leon caught at CMU25, for 57 yards to the CMU00 TOUCHDOWN, clock 13:41, 1ST DOWN."
"20251101_dlys","Dickinson","Carnegie Mellon",107,11,7,3,2,,"13:41","13:36","Dickinson","Carnegie Mellon",20,35,-15,,,,,,,,"extra_point",FALSE,,FALSE,FALSE,FALSE,FALSE,FALSE,FALSE,FALSE,FALSE,FALSE,FALSE,FALSE,FALSE,FALSE,TRUE,1,FALSE,FALSE,FALSE,,,FALSE,,,"TD","","Worobel,Justin kick attempt good (H: Boyer,Kellen, LS: Berthiaume,Nathan)."
"20251101_dlys","Dickinson","Carnegie Mellon",108,12,1,3,2,,"13:41","13:36","Carnegie Mellon","Dickinson",35,21,14,,,,,1,10,76,"kickoff",FALSE,,FALSE,FALSE,FALSE,FALSE,FALSE,FALSE,FALSE,FALSE,FALSE,FALSE,FALSE,FALSE,FALSE,FALSE,0,FALSE,FALSE,FALSE,,,FALSE,,,"TD","","Worobel,Justin kickoff 60 yards to the CMU05 McCullough,Nick return 19 yards to the CMU24 (Friebel,Leon)."
"20251101_dlys","Dickinson","Carnegie Mellon",109,12,2,3,2,,"13:36","07:55","Carnegie Mellon","Dickinson",35,21,14,1,10,76,FALSE,2,4,70,"rush",TRUE,6,TRUE,FALSE,FALSE,FALSE,FALSE,FALSE,FALSE,FALSE,FALSE,FALSE,FALSE,FALSE,FALSE,FALSE,0,FALSE,FALSE,FALSE,,,FALSE,,,"TD","1st and 10 at CMU24","No Huddle-Shotgun Valente,Giacomo rush right for 6 yards gain to the CMU30 (Genilello,Jason)."
"20251101_dlys","Dickinson","Carnegie Mellon",110,12,3,3,2,,"13:36","07:55","Carnegie Mellon","Dickinson",35,21,14,2,4,70,FALSE,1,10,65,"pass_complete",TRUE,5,FALSE,TRUE,TRUE,FALSE,FALSE,FALSE,FALSE,FALSE,FALSE,FALSE,FALSE,FALSE,FALSE,FALSE,0,TRUE,FALSE,FALSE,,,FALSE,,,"TD","2nd and 4 at CMU30","No Huddle-Shotgun McGinnis IV,Joey pass complete short left to Sheets,Carter caught at CMU35, for 5 yards to the CMU35 (Moses,Josh), out of bounds, 1ST DOWN."
"20251101_dlys","Dickinson","Carnegie Mellon",111,12,4,3,2,,"13:36","07:55","Carnegie Mellon","Dickinson",35,21,14,1,10,65,FALSE,2,18,73,"sack",TRUE,-8,FALSE,FALSE,FALSE,TRUE,FALSE,FALSE,FALSE,FALSE,FALSE,FALSE,FALSE,FALSE,FALSE,FALSE,0,FALSE,FALSE,FALSE,,,FALSE,,,"TD","1st and 10 at CMU35","No Huddle-Shotgun McGinnis IV,Joey sacked for loss of 8 yards to the CMU27 (White,Domani)."
"20251101_dlys","Dickinson","Carnegie Mellon",112,12,5,3,2,,"13:36","07:55","Carnegie Mellon","Dickinson",35,21,14,2,18,73,FALSE,3,5,60,"pass_complete",TRUE,13,FALSE,TRUE,TRUE,FALSE,FALSE,FALSE,FALSE,FALSE,FALSE,FALSE,FALSE,FALSE,FALSE,FALSE,0,FALSE,FALSE,FALSE,,,FALSE,,,"TD","2nd and 18 at CMU27","No Huddle-Shotgun McGinnis IV,Joey pass complete short right to Kolke,Reece caught at CMU40, for 13 yards to the CMU40, out of bounds at CMU40."
"20251101_dlys","Dickinson","Carnegie Mellon",113,12,6,3,2,,"13:36","07:55","Carnegie Mellon","Dickinson",35,21,14,3,5,60,FALSE,1,10,54,"pass_complete",TRUE,6,FALSE,TRUE,TRUE,FALSE,FALSE,FALSE,FALSE,FALSE,FALSE,FALSE,FALSE,FALSE,FALSE,FALSE,0,TRUE,FALSE,FALSE,,,FALSE,,,"TD","3rd and 5 at CMU40","No Huddle-Shotgun McGinnis IV,Joey pass complete short right to Moynihan,Danny caught at CMU46, for 6 yards to the CMU46 (Barnes,Chris), 1ST DOWN."
"20251101_dlys","Dickinson","Carnegie Mellon",114,12,7,3,2,,"13:36","07:55","Carnegie Mellon","Dickinson",35,21,14,1,10,54,FALSE,2,9,53,"rush",TRUE,1,TRUE,FALSE,FALSE,FALSE,FALSE,FALSE,FALSE,FALSE,FALSE,FALSE,FALSE,FALSE,FALSE,FALSE,0,FALSE,FALSE,FALSE,,,FALSE,,,"TD","1st and 10 at CMU46","No Huddle-Shotgun McGinnis IV,Joey rush left for 1 yard gain to the CMU47 (Hollinger,Jason), out of bounds."
"20251101_dlys","Dickinson","Carnegie Mellon",115,12,8,3,2,,"13:36","07:55","Carnegie Mellon","Dickinson",35,21,14,2,9,53,FALSE,1,10,34,"pass_complete",TRUE,4,FALSE,TRUE,TRUE,FALSE,FALSE,FALSE,FALSE,FALSE,FALSE,FALSE,FALSE,FALSE,FALSE,FALSE,0,FALSE,TRUE,TRUE,15,"Dickinson",FALSE,FALSE,"PENALTY DSON Personal Foul (Moses,Josh) 15 yards from DSON49 to DSON34, 1ST DOWN.","TD","2nd and 9 at CMU47","No Huddle-Shotgun McGinnis IV,Joey pass complete short right to Sheets,Carter caught at CMU50, for 4 yards to the DSON49 (Moses,Josh), out of bounds PENALTY DSON Personal Foul (Moses,Josh) 15 yards from DSON49 to DSON34, 1ST DOWN."
"20251101_dlys","Dickinson","Carnegie Mellon",116,12,9,3,2,,"13:36","07:55","Carnegie Mellon","Dickinson",35,21,14,1,10,34,FALSE,2,10,34,"pass_incomplete",TRUE,0,FALSE,TRUE,FALSE,FALSE,FALSE,FALSE,FALSE,FALSE,FALSE,FALSE,FALSE,FALSE,FALSE,FALSE,0,FALSE,FALSE,FALSE,,,FALSE,,,"TD","1st and 10 at DIC34","No Huddle-Shotgun McGinnis IV,Joey pass incomplete short middle to Sheets,Carter thrown to DSON20."
"20251101_dlys","Dickinson","Carnegie Mellon",117,12,10,3,2,,"13:36","07:55","Carnegie Mellon","Dickinson",35,21,14,2,10,34,FALSE,1,10,23,"pass_complete",TRUE,11,FALSE,TRUE,TRUE,FALSE,FALSE,FALSE,FALSE,FALSE,FALSE,FALSE,FALSE,FALSE,FALSE,FALSE,0,TRUE,FALSE,FALSE,,,FALSE,,,"TD","2nd and 10 at DIC34","No Huddle-Shotgun McGinnis IV,Joey pass complete short right to Kolke,Reece caught at DSON24, for 11 yards to the DSON23 (Barnes,Chris), 1ST DOWN."
"20251101_dlys","Dickinson","Carnegie Mellon",118,12,11,3,2,,"13:36","07:55","Carnegie Mellon","Dickinson",35,21,14,1,10,23,FALSE,2,10,23,"pass_incomplete",TRUE,0,FALSE,TRUE,FALSE,FALSE,FALSE,FALSE,FALSE,FALSE,FALSE,FALSE,FALSE,FALSE,FALSE,FALSE,0,FALSE,FALSE,FALSE,,,FALSE,,,"TD","1st and 10 at DIC23","No Huddle-Shotgun McGinnis IV,Joey pass incomplete deep left to Sheets,Carter thrown to DSON00."
"20251101_dlys","Dickinson","Carnegie Mellon",119,12,12,3,2,,"13:36","07:55","Carnegie Mellon","Dickinson",35,21,14,2,10,23,FALSE,3,1,14,"rush",TRUE,9,TRUE,FALSE,FALSE,FALSE,FALSE,FALSE,FALSE,FALSE,FALSE,FALSE,FALSE,FALSE,FALSE,FALSE,0,FALSE,FALSE,FALSE,,,FALSE,,,"TD","2nd and 10 at DIC23","No Huddle-Shotgun Valente,Giacomo rush right for 9 yards gain to the DSON14 (Couvertiere,Sean)."
"20251101_dlys","Dickinson","Carnegie Mellon",120,12,13,3,2,,"13:36","07:55","Carnegie Mellon","Dickinson",35,21,14,3,1,14,FALSE,1,7,7,"rush",TRUE,7,TRUE,FALSE,FALSE,FALSE,FALSE,FALSE,FALSE,FALSE,FALSE,FALSE,FALSE,FALSE,FALSE,FALSE,0,TRUE,FALSE,FALSE,,,FALSE,,,"TD","3rd and 1 at DIC14","No Huddle-Shotgun Valente,Giacomo rush right for 7 yards gain to the DSON07 (Genilello,Jason), 1ST DOWN."
"20251101_dlys","Dickinson","Carnegie Mellon",121,12,14,3,2,,"13:36","07:55","Carnegie Mellon","Dickinson",35,21,14,1,7,7,TRUE,2,3,3,"rush",TRUE,4,TRUE,FALSE,FALSE,FALSE,FALSE,FALSE,FALSE,FALSE,FALSE,FALSE,FALSE,FALSE,FALSE,FALSE,0,FALSE,FALSE,FALSE,,,FALSE,,,"TD","1st and 7 at DIC7","No Huddle-Shotgun McGinnis IV,Joey rush middle for 4 yards gain to the DSON03 (Barnes,Chris)."
"20251101_dlys","Dickinson","Carnegie Mellon",122,12,15,3,2,,"13:36","07:55","Carnegie Mellon","Dickinson",35,21,14,2,3,3,TRUE,3,3,3,"pass_incomplete",TRUE,0,FALSE,TRUE,FALSE,FALSE,FALSE,FALSE,FALSE,FALSE,FALSE,FALSE,FALSE,FALSE,FALSE,FALSE,0,FALSE,FALSE,FALSE,,,FALSE,,,"TD","2nd and 3 at DIC3","No Huddle-Shotgun McGinnis IV,Joey pass incomplete short left to Kolke,Reece thrown to DSON00 broken up by Moses,Josh."
"20251101_dlys","Dickinson","Carnegie Mellon",123,12,16,3,2,"07:55","07:55","07:55","Carnegie Mellon","Dickinson",35,21,14,3,3,3,TRUE,,,,"rush",TRUE,3,TRUE,FALSE,FALSE,FALSE,FALSE,FALSE,FALSE,FALSE,TRUE,FALSE,FALSE,FALSE,FALSE,TRUE,6,FALSE,FALSE,FALSE,,,FALSE,,,"TD","3rd and 3 at DIC3","No Huddle-Shotgun Wamhoff,Mark rush right for 3 yards gain to the DSON00 TOUCHDOWN, clock 07:55."
"20251101_dlys","Dickinson","Carnegie Mellon",124,12,17,3,2,,"07:55","07:47","Carnegie Mellon","Dickinson",41,21,20,,,,,,,,"extra_point",FALSE,,FALSE,FALSE,FALSE,FALSE,FALSE,FALSE,FALSE,FALSE,FALSE,FALSE,FALSE,FALSE,FALSE,TRUE,1,FALSE,FALSE,FALSE,,,FALSE,,,"TD","","Caputo,Justin kick attempt good (H: Salters,Jackson, LS: Orlando,Joey)."
"20251101_dlys","Dickinson","Carnegie Mellon",125,13,1,3,2,,"07:55","07:47","Dickinson","Carnegie Mellon",21,42,-21,,,,,1,10,62,"kickoff",FALSE,,FALSE,FALSE,FALSE,FALSE,FALSE,FALSE,FALSE,FALSE,FALSE,FALSE,FALSE,FALSE,FALSE,FALSE,0,FALSE,FALSE,FALSE,,,FALSE,,,"INT","","Godhard,Noah kickoff 59 yards to the DSON06 Schmidt,Kevin return 32 yards to the DSON38 (Lawson,Jack; Tarke,Leighton)."
"20251101_dlys","Dickinson","Carnegie Mellon",126,13,2,3,2,,"07:47","04:27","Dickinson","Carnegie Mellon",21,42,-21,1,10,62,FALSE,2,10,62,"pass_incomplete",TRUE,0,FALSE,TRUE,FALSE,FALSE,FALSE,FALSE,FALSE,FALSE,FALSE,FALSE,FALSE,FALSE,FALSE,FALSE,0,FALSE,FALSE,FALSE,,,FALSE,,,"INT","1st and 10 at DIC38","No Huddle-Shotgun Klassen,Ben pass incomplete short left to White,Braden thrown to DSON42."
"20251101_dlys","Dickinson","Carnegie Mellon",127,13,3,3,2,,"07:47","04:27","Dickinson","Carnegie Mellon",21,42,-21,2,10,62,FALSE,3,10,62,"pass_incomplete",TRUE,0,FALSE,TRUE,FALSE,FALSE,FALSE,FALSE,FALSE,FALSE,FALSE,FALSE,FALSE,FALSE,FALSE,FALSE,0,FALSE,FALSE,FALSE,,,FALSE,,,"INT","2nd and 10 at DIC38","No Huddle-Shotgun Klassen,Ben pass incomplete short middle to Friebel,Leon thrown to DSON50 broken up by Lawson,Jack."
"20251101_dlys","Dickinson","Carnegie Mellon",128,13,4,3,2,,"07:47","04:27","Dickinson","Carnegie Mellon",21,42,-21,3,10,62,FALSE,4,4,56,"rush",TRUE,6,TRUE,FALSE,FALSE,FALSE,FALSE,FALSE,FALSE,FALSE,FALSE,FALSE,FALSE,FALSE,FALSE,FALSE,0,FALSE,FALSE,FALSE,,,FALSE,,,"INT","3rd and 10 at DIC38","No Huddle-Shotgun Klassen,Ben rush right for 6 yards gain to the DSON44, End Of Play."
"20251101_dlys","Dickinson","Carnegie Mellon",129,13,5,3,2,,"07:47","04:27","Dickinson","Carnegie Mellon",21,42,-21,4,4,56,FALSE,1,10,44,"pass_complete",TRUE,12,FALSE,TRUE,TRUE,FALSE,FALSE,FALSE,FALSE,FALSE,FALSE,FALSE,FALSE,FALSE,FALSE,FALSE,0,TRUE,FALSE,FALSE,,,FALSE,,,"INT","4th and 4 at DIC44","No Huddle-Shotgun Klassen,Ben pass complete short middle to Friebel,Leon caught at DSON49, for 12 yards to the CMU44 (Lawson,Jack), 1ST DOWN."
"20251101_dlys","Dickinson","Carnegie Mellon",130,13,6,3,2,,"07:47","04:27","Dickinson","Carnegie Mellon",21,42,-21,1,10,44,FALSE,1,5,39,"rush",TRUE,,FALSE,FALSE,FALSE,FALSE,FALSE,FALSE,FALSE,FALSE,FALSE,FALSE,FALSE,FALSE,FALSE,FALSE,0,FALSE,FALSE,TRUE,5,"Carnegie Mellon",TRUE,FALSE,"PENALTY CMU Offside (Woodside,Mareks) 5 yards from CMU44 to CMU39. NO PLAY.","INT","1st and 10 at CMU44","No Huddle-Shotgun Klassen,Ben rush right for 6 yards gain to the CMU38, End Of Play PENALTY CMU Offside (Woodside,Mareks) 5 yards from CMU44 to CMU39. NO PLAY."
"20251101_dlys","Dickinson","Carnegie Mellon",131,13,7,3,2,,"07:47","04:27","Dickinson","Carnegie Mellon",21,42,-21,1,5,39,FALSE,1,10,29,"rush",TRUE,10,TRUE,FALSE,FALSE,FALSE,FALSE,FALSE,FALSE,FALSE,FALSE,FALSE,FALSE,FALSE,FALSE,FALSE,0,TRUE,FALSE,FALSE,,,FALSE,,,"INT","1st and 5 at CMU39","No Huddle-Shotgun Sorensen,Dane rush middle for 10 yards gain to the CMU29 (Kadur,Ty; Schmitz,Barrett), 1ST DOWN."
"20251101_dlys","Dickinson","Carnegie Mellon",132,13,8,3,2,,"07:47","04:27","Dickinson","Carnegie Mellon",21,42,-21,1,10,29,FALSE,2,10,29,"pass_incomplete",TRUE,0,FALSE,TRUE,FALSE,FALSE,FALSE,FALSE,FALSE,FALSE,FALSE,FALSE,FALSE,FALSE,FALSE,FALSE,0,FALSE,FALSE,FALSE,,,FALSE,,,"INT","1st and 10 at CMU29","No Huddle-Shotgun Klassen,Ben pass incomplete short middle to Fjeldseth,Frederik thrown to CMU10 broken up by Franze,Jacob QB hurried by Kadur,Ty."
"20251101_dlys","Dickinson","Carnegie Mellon",133,13,9,3,2,,"07:47","04:27","Dickinson","Carnegie Mellon",21,42,-21,2,10,29,FALSE,3,3,22,"rush",TRUE,7,TRUE,FALSE,FALSE,FALSE,FALSE,FALSE,FALSE,FALSE,FALSE,FALSE,FALSE,FALSE,FALSE,FALSE,0,FALSE,FALSE,FALSE,,,FALSE,,,"INT","2nd and 10 at CMU29","No Huddle-Shotgun Klassen,Ben rush middle for 7 yards gain to the CMU22 (Franze,Jacob; Kadur,Ty)."
"20251101_dlys","Dickinson","Carnegie Mellon",134,13,10,3,2,,"07:47","04:27","Dickinson","Carnegie Mellon",21,42,-21,3,3,22,FALSE,1,10,17,"rush",TRUE,5,TRUE,FALSE,FALSE,FALSE,FALSE,FALSE,FALSE,FALSE,FALSE,FALSE,FALSE,FALSE,FALSE,FALSE,0,TRUE,FALSE,FALSE,,,FALSE,,,"INT","3rd and 3 at CMU22","No Huddle-Shotgun Klassen,Ben rush middle for 5 yards gain to the CMU17 (Orlando,Joey), 1ST DOWN."
"20251101_dlys","Dickinson","Carnegie Mellon",135,13,11,3,2,,"07:47","04:27","Dickinson","Carnegie Mellon",21,42,-21,1,10,17,FALSE,1,10,80,"pass_intercepted",TRUE,,FALSE,TRUE,FALSE,FALSE,TRUE,FALSE,TRUE,FALSE,FALSE,FALSE,FALSE,FALSE,FALSE,FALSE,0,FALSE,FALSE,FALSE,,,FALSE,,,"INT","1st and 10 at CMU17","No Huddle-Shotgun Klassen,Ben pass intercepted by Ming,Ethan at CMU00, Touchback."
"20251101_dlys","Dickinson","Carnegie Mellon",136,14,1,3,2,,"04:27","01:33","Carnegie Mellon","Dickinson",42,21,21,1,10,80,FALSE,1,10,43,"rush",TRUE,37,TRUE,FALSE,FALSE,FALSE,FALSE,FALSE,FALSE,FALSE,FALSE,FALSE,FALSE,FALSE,FALSE,FALSE,0,TRUE,FALSE,FALSE,,,FALSE,,,"TD","1st and 10 at CMU20","No Huddle-Shotgun McGinnis IV,Joey rush right for 37 yards gain to the DSON43 (Mulholland,Jimmy), out of bounds, 1ST DOWN."
"20251101_dlys","Dickinson","Carnegie Mellon",137,14,2,3,2,,"04:27","01:33","Carnegie Mellon","Dickinson",42,21,21,1,10,43,FALSE,1,10,28,"sack",TRUE,,FALSE,FALSE,FALSE,FALSE,FALSE,FALSE,FALSE,FALSE,FALSE,FALSE,FALSE,FALSE,FALSE,FALSE,0,FALSE,TRUE,TRUE,15,"Dickinson",TRUE,FALSE,"PENALTY DSON Face Mask (Acuna,Joaquin) 15 yards from DSON43 to DSON28, 1ST DOWN. NO PLAY.","TD","1st and 10 at DIC43","No Huddle-Shotgun McGinnis IV,Joey sacked for loss of 7 yards to the DSON50 (Acuna,Joaquin) PENALTY DSON Face Mask (Acuna,Joaquin) 15 yards from DSON43 to DSON28, 1ST DOWN. NO PLAY."
"20251101_dlys","Dickinson","Carnegie Mellon",138,14,3,3,2,,"04:27","01:33","Carnegie Mellon","Dickinson",42,21,21,1,10,28,FALSE,2,9,27,"rush",TRUE,1,TRUE,FALSE,FALSE,FALSE,FALSE,FALSE,FALSE,FALSE,FALSE,FALSE,FALSE,FALSE,FALSE,FALSE,0,FALSE,FALSE,FALSE,,,FALSE,,,"TD","1st and 10 at DIC28","No Huddle-Shotgun Bouma,Willem rush right for 1 yard gain to the DSON27 (Genilello,Jason)."
"20251101_dlys","Dickinson","Carnegie Mellon",139,14,4,3,2,,"04:27","01:33","Carnegie Mellon","Dickinson",42,21,21,2,9,27,FALSE,1,10,17,"rush",TRUE,10,TRUE,FALSE,FALSE,FALSE,FALSE,FALSE,FALSE,FALSE,FALSE,FALSE,FALSE,FALSE,FALSE,FALSE,0,TRUE,FALSE,FALSE,,,FALSE,,,"TD","2nd and 9 at DIC27","No Huddle-Shotgun McGinnis IV,Joey rush right for 10 yards gain to the DSON17 (Barnes,Chris), out of bounds, 1ST DOWN."
"20251101_dlys","Dickinson","Carnegie Mellon",140,14,5,3,2,,"04:27","01:33","Carnegie Mellon","Dickinson",42,21,21,1,10,17,FALSE,1,2,2,"pass_incomplete",TRUE,,FALSE,FALSE,FALSE,FALSE,FALSE,FALSE,FALSE,FALSE,FALSE,FALSE,FALSE,FALSE,FALSE,FALSE,0,FALSE,TRUE,TRUE,15,"Dickinson",TRUE,FALSE,"PENALTY DSON Pass Interference (Barnes,Chris) 15 yards from DSON17 to DSON02, 1ST DOWN. NO PLAY.","TD","1st and 10 at DIC17","No Huddle-Shotgun McGinnis IV,Joey pass incomplete short middle to Kolke,Reece thrown to DSON00, 1ST DOWN, PENALTY DSON Pass Interference (Barnes,Chris) 15 yards from DSON17 to DSON02, 1ST DOWN. NO PLAY."
"20251101_dlys","Dickinson","Carnegie Mellon",141,14,6,3,2,,"04:27","01:33","Carnegie Mellon","Dickinson",42,21,21,1,2,2,TRUE,2,2,2,"rush",TRUE,0,TRUE,FALSE,FALSE,FALSE,FALSE,FALSE,FALSE,FALSE,FALSE,FALSE,FALSE,FALSE,FALSE,FALSE,0,FALSE,FALSE,FALSE,,,FALSE,,,"TD","1st and 2 at DIC2","No Huddle-Shotgun Valente,Giacomo rush middle for 0 yards to the DSON02 (Moses,Josh)."
"20251101_dlys","Dickinson","Carnegie Mellon",142,14,7,3,2,"01:33","01:33","01:33","Carnegie Mellon","Dickinson",42,21,21,2,2,2,TRUE,,,,"pass_complete",TRUE,2,FALSE,TRUE,TRUE,FALSE,FALSE,FALSE,FALSE,FALSE,TRUE,FALSE,FALSE,FALSE,FALSE,TRUE,6,FALSE,FALSE,FALSE,,,FALSE,,,"TD","2nd and 2 at DIC2","No Huddle-Shotgun McGinnis IV,Joey pass complete short left to Bouma,Willem caught at DSON00, for 2 yards to the DSON00 TOUCHDOWN, clock 01:33."
"20251101_dlys","Dickinson","Carnegie Mellon",143,14,8,3,2,,"01:33","01:33","Carnegie Mellon","Dickinson",48,21,27,,,,,,,,"extra_point",FALSE,,FALSE,FALSE,FALSE,FALSE,FALSE,FALSE,FALSE,FALSE,FALSE,FALSE,FALSE,FALSE,FALSE,TRUE,1,FALSE,FALSE,FALSE,,,FALSE,,,"TD","","Caputo,Justin kick attempt good (H: Salters,Jackson, LS: Orlando,Joey)."
"20251101_dlys","Dickinson","Carnegie Mellon",144,15,1,3,2,,"01:33","01:33","Dickinson","Carnegie Mellon",21,49,-28,,,,,1,10,75,"kickoff",FALSE,,FALSE,FALSE,FALSE,FALSE,FALSE,FALSE,FALSE,FALSE,FALSE,FALSE,FALSE,FALSE,FALSE,FALSE,0,FALSE,FALSE,FALSE,,,FALSE,,,"FUMBLE","","Godhard,Noah kickoff 65 yards to the DSON00, Touchback."
"20251101_dlys","Dickinson","Carnegie Mellon",145,15,2,3,2,,"01:33",,"Dickinson","Carnegie Mellon",21,49,-28,1,10,75,FALSE,1,5,70,"rush",TRUE,,FALSE,FALSE,FALSE,FALSE,FALSE,FALSE,FALSE,FALSE,FALSE,FALSE,FALSE,FALSE,FALSE,FALSE,0,FALSE,FALSE,TRUE,5,"Carnegie Mellon",TRUE,FALSE,"PENALTY CMU Illegal Substitution 5 yards from DSON25 to DSON30. NO PLAY.","FUMBLE","1st and 10 at DIC25","No Huddle-Shotgun Klassen,Ben rush middle for 2 yards gain to the DSON27 (Bonnet,Gabe) PENALTY CMU Illegal Substitution 5 yards from DSON25 to DSON30. NO PLAY."
"20251101_dlys","Dickinson","Carnegie Mellon",146,15,3,3,2,,"01:33",,"Dickinson","Carnegie Mellon",21,49,-28,1,5,70,FALSE,1,10,64,"pass_complete",TRUE,6,FALSE,TRUE,TRUE,FALSE,FALSE,FALSE,FALSE,FALSE,FALSE,FALSE,FALSE,FALSE,FALSE,FALSE,0,TRUE,FALSE,FALSE,,,FALSE,,,"FUMBLE","1st and 5 at DIC30","No Huddle-Shotgun Klassen,Ben pass complete short left to Benning III,Cedric caught at DSON36, for 6 yards to the DSON36 (Ming,Ethan), out of bounds, 1ST DOWN."
"20251101_dlys","Dickinson","Carnegie Mellon",147,15,4,3,2,,"01:33",,"Dickinson","Carnegie Mellon",21,49,-28,1,10,64,FALSE,2,10,64,"rush",TRUE,0,TRUE,FALSE,FALSE,FALSE,FALSE,FALSE,FALSE,FALSE,FALSE,FALSE,FALSE,FALSE,FALSE,FALSE,0,FALSE,FALSE,FALSE,,,FALSE,,,"FUMBLE","1st and 10 at DIC36","No Huddle-Shotgun Benning III,Cedric rush middle for 0 yards to the DSON36 (Warren,Connor)."
"20251101_dlys","Dickinson","Carnegie Mellon",148,15,5,3,2,,"01:33",,"Dickinson","Carnegie Mellon",21,49,-28,2,10,64,FALSE,1,10,53,"pass_complete",TRUE,11,FALSE,TRUE,TRUE,FALSE,FALSE,FALSE,FALSE,FALSE,FALSE,FALSE,FALSE,FALSE,FALSE,FALSE,0,TRUE,FALSE,FALSE,,,FALSE,,,"FUMBLE","2nd and 10 at DIC36","No Huddle-Shotgun Klassen,Ben pass complete short left to Benning III,Cedric caught at DSON36, for 11 yards to the DSON47 QB hurried by Grace,Bennett, out of bounds at DSON47, 1ST DOWN."
"20251101_dlys","Dickinson","Carnegie Mellon",149,15,6,4,2,,"15:00","14:51","Dickinson","Carnegie Mellon",21,49,-28,1,10,53,FALSE,1,10,55,"rush",TRUE,8,TRUE,FALSE,FALSE,FALSE,FALSE,TRUE,TRUE,FALSE,FALSE,FALSE,FALSE,FALSE,FALSE,FALSE,0,FALSE,FALSE,FALSE,,,FALSE,,,"FUMBLE","1st and 10 at DIC47","No Huddle-Shotgun Benning III,Cedric rush middle for 8 yards gain to the CMU45 fumbled by Benning III,Cedric at CMU45 forced by Ming,Ethan recovered by CMU Ming,Ethan at CMU45, End Of Play."
"20251101_dlys","Dickinson","Carnegie Mellon",150,16,1,4,2,,"14:51","12:28","Carnegie Mellon","Dickinson",49,21,28,1,10,55,FALSE,2,4,49,"rush",TRUE,6,TRUE,FALSE,FALSE,FALSE,FALSE,FALSE,FALSE,FALSE,FALSE,FALSE,FALSE,FALSE,FALSE,FALSE,0,FALSE,FALSE,FALSE,,,FALSE,,,"TD","1st and 10 at CMU45","No Huddle-Shotgun Agyei,Shadrak rush middle for 6 yards gain to the DSON49 (Barnes,Chris)."
"20251101_dlys","Dickinson","Carnegie Mellon",151,16,2,4,2,,"14:51","12:28","Carnegie Mellon","Dickinson",49,21,28,2,4,49,FALSE,1,10,44,"rush",TRUE,5,TRUE,FALSE,FALSE,FALSE,FALSE,FALSE,FALSE,FALSE,FALSE,FALSE,FALSE,FALSE,FALSE,FALSE,0,TRUE,FALSE,FALSE,,,FALSE,,,"TD","2nd and 4 at DIC49","No Huddle-Shotgun Agyei,Shadrak rush middle for 5 yards gain to the DSON44 (Enghave,Valdemar; Garcia,Juan Pablo), 1ST DOWN."
"20251101_dlys","Dickinson","Carnegie Mellon",152,16,3,4,2,,"14:51","12:28","Carnegie Mellon","Dickinson",49,21,28,1,10,44,FALSE,1,10,29,"pass_complete",TRUE,15,FALSE,TRUE,TRUE,FALSE,FALSE,FALSE,FALSE,FALSE,FALSE,FALSE,FALSE,FALSE,FALSE,FALSE,0,TRUE,FALSE,FALSE,,,FALSE,,,"TD","1st and 10 at DIC44","No Huddle-Shotgun McGinnis IV,Joey pass complete short left to Sheets,Carter caught at DSON37, for 15 yards to the DSON29 (Hollinger,Jason), out of bounds, 1ST DOWN."
"20251101_dlys","Dickinson","Carnegie Mellon",153,16,4,4,2,,"14:51","12:28","Carnegie Mellon","Dickinson",49,21,28,1,10,29,FALSE,2,5,24,"rush",TRUE,5,TRUE,FALSE,FALSE,FALSE,FALSE,FALSE,FALSE,FALSE,FALSE,FALSE,FALSE,FALSE,FALSE,FALSE,0,FALSE,FALSE,FALSE,,,FALSE,,,"TD","1st and 10 at DIC29","No Huddle-Shotgun Agyei,Shadrak rush left for 5 yards gain to the DSON24 (Barnes,Chris)."
"20251101_dlys","Dickinson","Carnegie Mellon",154,16,5,4,2,"12:28","12:28","12:28","Carnegie Mellon","Dickinson",49,21,28,2,5,24,FALSE,,,,"rush",TRUE,24,TRUE,FALSE,FALSE,FALSE,FALSE,FALSE,FALSE,FALSE,TRUE,FALSE,FALSE,FALSE,FALSE,TRUE,6,TRUE,FALSE,FALSE,,,FALSE,,,"TD","2nd and 5 at DIC24","No Huddle-Shotgun Agyei,Shadrak rush left for 24 yards gain to the DSON00 TOUCHDOWN, clock 12:28, 1ST DOWN."
"20251101_dlys","Dickinson","Carnegie Mellon",155,16,6,4,2,,"12:28","12:19","Carnegie Mellon","Dickinson",55,21,34,,,,,,,,"extra_point",FALSE,,FALSE,FALSE,FALSE,FALSE,FALSE,FALSE,FALSE,FALSE,FALSE,FALSE,FALSE,FALSE,FALSE,TRUE,1,FALSE,FALSE,FALSE,,,FALSE,,,"TD","","Caputo,Justin kick attempt good (H: Salters,Jackson, LS: Orlando,Joey)."
"20251101_dlys","Dickinson","Carnegie Mellon",156,17,1,4,2,,"12:28","12:19","Dickinson","Carnegie Mellon",21,56,-35,,,,,1,10,50,"kickoff",FALSE,,FALSE,FALSE,FALSE,FALSE,FALSE,FALSE,FALSE,FALSE,FALSE,FALSE,FALSE,FALSE,FALSE,FALSE,0,FALSE,FALSE,FALSE,,,FALSE,,,"TD","","Godhard,Noah kickoff 57 yards to the DSON08 Sorensen,Dane return 42 yards to the CMU50 (Godhard,Noah), out of bounds."
"20251101_dlys","Dickinson","Carnegie Mellon",157,17,2,4,2,,"12:19","10:48","Dickinson","Carnegie Mellon",21,56,-35,1,10,50,FALSE,2,8,48,"rush",TRUE,2,TRUE,FALSE,FALSE,FALSE,FALSE,FALSE,FALSE,FALSE,FALSE,FALSE,FALSE,FALSE,FALSE,FALSE,0,FALSE,FALSE,FALSE,,,FALSE,,,"TD","1st and 10 at CMU50","No Huddle-Shotgun Klassen,Ben rush middle for 2 yards gain to the CMU48 (Kadur,Ty)."
"20251101_dlys","Dickinson","Carnegie Mellon",158,17,3,4,2,,"12:19","10:48","Dickinson","Carnegie Mellon",21,56,-35,2,8,48,FALSE,3,10,50,"pass_complete",TRUE,-2,FALSE,TRUE,TRUE,FALSE,FALSE,FALSE,FALSE,FALSE,FALSE,FALSE,FALSE,FALSE,FALSE,FALSE,0,FALSE,FALSE,FALSE,,,FALSE,,,"TD","2nd and 8 at CMU48","No Huddle-Shotgun Del Re,Giovanni pass complete short left to Friebel,Leon caught at CMU50, for 2 yards loss to the CMU50 QB hurried by Campbell,Avery (Kadur,Ty)."
"20251101_dlys","Dickinson","Carnegie Mellon",159,17,4,4,2,,"12:19","10:48","Dickinson","Carnegie Mellon",21,56,-35,3,10,50,FALSE,1,6,6,"pass_complete",TRUE,38,FALSE,TRUE,TRUE,FALSE,FALSE,FALSE,FALSE,FALSE,FALSE,FALSE,FALSE,FALSE,FALSE,FALSE,0,TRUE,TRUE,TRUE,6,"Carnegie Mellon",FALSE,FALSE,"PENALTY CMU Roughing The Passer (Kadur,Ty) 6 yards from CMU12 to CMU06, 1ST DOWN.","TD","3rd and 10 at CMU50","No Huddle-Shotgun Klassen,Ben pass complete deep left to Schmidt,Kevin caught at CMU16, for 38 yards to the CMU12, out of bounds at CMU12, 1ST DOWN, PENALTY CMU Roughing The Passer (Kadur,Ty) 6 yards from CMU12 to CMU06, 1ST DOWN."
"20251101_dlys","Dickinson","Carnegie Mellon",160,17,5,4,2,"10:48","10:48","10:48","Dickinson","Carnegie Mellon",21,56,-35,1,6,6,TRUE,,,,"rush",TRUE,6,TRUE,FALSE,FALSE,FALSE,FALSE,FALSE,FALSE,FALSE,TRUE,FALSE,FALSE,FALSE,FALSE,TRUE,6,FALSE,FALSE,FALSE,,,FALSE,,,"TD","1st and 6 at CMU6","No Huddle-Shotgun Sorensen,Dane rush left for 6 yards gain to the CMU00 TOUCHDOWN, clock 10:48."
"20251101_dlys","Dickinson","Carnegie Mellon",161,17,6,4,2,,"10:48","10:41","Dickinson","Carnegie Mellon",27,56,-29,,,,,,,,"two_point",FALSE,,FALSE,FALSE,FALSE,FALSE,FALSE,FALSE,FALSE,FALSE,FALSE,FALSE,FALSE,FALSE,FALSE,TRUE,2,FALSE,FALSE,FALSE,,,FALSE,,,"TD","","Boyer,Kellen rush attempt Successful."
"20251101_dlys","Dickinson","Carnegie Mellon",162,18,1,4,2,,"10:48","10:41","Carnegie Mellon","Dickinson",56,29,27,,,,,1,10,65,"kickoff",FALSE,,FALSE,FALSE,FALSE,FALSE,FALSE,FALSE,FALSE,FALSE,FALSE,FALSE,FALSE,FALSE,FALSE,FALSE,0,FALSE,FALSE,FALSE,,,FALSE,,,"TD","","Worobel,Justin kickoff 48 yards to the CMU17 Johnson,DJ return 18 yards to the CMU35 (Friebel,Leon; Mulholland,Jimmy)."
"20251101_dlys","Dickinson","Carnegie Mellon",163,18,2,4,2,,"10:41","08:01","Carnegie Mellon","Dickinson",56,29,27,1,10,65,FALSE,2,7,62,"rush",TRUE,3,TRUE,FALSE,FALSE,FALSE,FALSE,FALSE,FALSE,FALSE,FALSE,FALSE,FALSE,FALSE,FALSE,FALSE,0,FALSE,FALSE,FALSE,,,FALSE,,,"TD","1st and 10 at CMU35","No Huddle-Shotgun Langdon,Jake rush middle for 3 yards gain to the CMU38 (Acuna,Joaquin)."
"20251101_dlys","Dickinson","Carnegie Mellon",164,18,3,4,2,,"10:41","08:01","Carnegie Mellon","Dickinson",56,29,27,2,7,62,FALSE,1,10,55,"rush",TRUE,7,TRUE,FALSE,FALSE,FALSE,FALSE,FALSE,FALSE,FALSE,FALSE,FALSE,FALSE,FALSE,FALSE,FALSE,0,TRUE,FALSE,FALSE,,,FALSE,,,"TD","2nd and 7 at CMU38","No Huddle-Shotgun Langdon,Jake rush left for 7 yards gain to the CMU45 (Barnes,Chris), 1ST DOWN."
"20251101_dlys","Dickinson","Carnegie Mellon",165,18,4,4,2,,"10:41","08:01","Carnegie Mellon","Dickinson",56,29,27,1,10,55,FALSE,2,10,55,"pass_incomplete",TRUE,0,FALSE,TRUE,FALSE,FALSE,FALSE,FALSE,FALSE,FALSE,FALSE,FALSE,FALSE,FALSE,FALSE,FALSE,0,FALSE,FALSE,FALSE,,,FALSE,,,"TD","1st and 10 at CMU45","No Huddle-Shotgun Salters,Jackson pass incomplete short right to Bruckner,Jack thrown to DSON49."
"20251101_dlys","Dickinson","Carnegie Mellon",166,18,5,4,2,,"10:41","08:01","Carnegie Mellon","Dickinson",56,29,27,2,10,55,FALSE,3,3,48,"pass_complete",TRUE,7,FALSE,TRUE,TRUE,FALSE,FALSE,FALSE,FALSE,FALSE,FALSE,FALSE,FALSE,FALSE,FALSE,FALSE,0,FALSE,FALSE,FALSE,,,FALSE,,,"TD","2nd and 10 at CMU45","No Huddle-Shotgun Salters,Jackson pass complete short right to Langdon,Jake caught at CMU45, for 7 yards to the DSON48 (Mulholland,Jimmy)."
"20251101_dlys","Dickinson","Carnegie Mellon",167,18,6,4,2,,"10:41","08:01","Carnegie Mellon","Dickinson",56,29,27,3,3,48,FALSE,3,3,48,"pass_incomplete",TRUE,,FALSE,FALSE,FALSE,FALSE,FALSE,FALSE,FALSE,FALSE,FALSE,FALSE,FALSE,FALSE,FALSE,FALSE,0,FALSE,FALSE,TRUE,0,"Carnegie Mellon; Dickinson",TRUE,FALSE,"PENALTY CMU Holding offsetting DSON Pass Interference offsetting. NO PLAY.","TD","3rd and 3 at DIC48","No Huddle-Shotgun Salters,Jackson pass incomplete deep left to McCullough,Nick thrown to DSON05 QB hurried by Barnes,Chris PENALTY CMU Holding offsetting DSON Pass Interference offsetting. NO PLAY."
"20251101_dlys","Dickinson","Carnegie Mellon",168,18,7,4,2,,"10:41","08:01","Carnegie Mellon","Dickinson",56,29,27,3,3,48,FALSE,4,2,47,"rush",TRUE,1,TRUE,FALSE,FALSE,FALSE,FALSE,FALSE,FALSE,FALSE,FALSE,FALSE,FALSE,FALSE,FALSE,FALSE,0,FALSE,FALSE,FALSE,,,FALSE,,,"TD","3rd and 3 at DIC48","No Huddle-Shotgun Agyei,Shadrak rush middle for 1 yard gain to the DSON47 (Garcia,Juan Pablo; Mulholland,Jimmy)."
"20251101_dlys","Dickinson","Carnegie Mellon",169,18,8,4,2,,"08:01","04:35","Carnegie Mellon","Dickinson",56,29,27,4,2,47,FALSE,1,10,45,"rush",TRUE,2,TRUE,FALSE,FALSE,FALSE,FALSE,FALSE,FALSE,FALSE,FALSE,FALSE,FALSE,FALSE,FALSE,FALSE,0,TRUE,FALSE,FALSE,,,FALSE,,,"TD","4th and 2 at DIC47","No Huddle-Shotgun Wamhoff,Mark rush left for 2 yards gain to the DSON45 (Orzolek,Sam), 1ST DOWN."
"20251101_dlys","Dickinson","Carnegie Mellon",170,18,9,4,2,,"08:01","04:35","Carnegie Mellon","Dickinson",56,29,27,1,10,45,FALSE,1,10,32,"rush",TRUE,13,TRUE,FALSE,FALSE,FALSE,FALSE,FALSE,FALSE,FALSE,FALSE,FALSE,FALSE,FALSE,FALSE,FALSE,0,TRUE,FALSE,FALSE,,,FALSE,,,"TD","1st and 10 at DIC45","No Huddle-Shotgun Langdon,Jake rush left for 13 yards gain to the DSON32 (Martillotti,Michael), 1ST DOWN."
"20251101_dlys","Dickinson","Carnegie Mellon",171,18,10,4,2,,"08:01","04:35","Carnegie Mellon","Dickinson",56,29,27,1,10,32,FALSE,2,3,25,"pass_complete",TRUE,7,FALSE,TRUE,TRUE,FALSE,FALSE,FALSE,FALSE,FALSE,FALSE,FALSE,FALSE,FALSE,FALSE,FALSE,0,FALSE,FALSE,FALSE,,,FALSE,,,"TD","1st and 10 at DIC32","No Huddle-Shotgun Salters,Jackson pass complete short left to Jaeb,Chris caught at DSON25, for 7 yards to the DSON25 (Hollinger,Jason)."
"20251101_dlys","Dickinson","Carnegie Mellon",172,18,11,4,2,,"08:01","04:35","Carnegie Mellon","Dickinson",56,29,27,2,3,25,FALSE,1,10,21,"rush",TRUE,4,TRUE,FALSE,FALSE,FALSE,FALSE,FALSE,FALSE,FALSE,FALSE,FALSE,FALSE,FALSE,FALSE,FALSE,0,TRUE,FALSE,FALSE,,,FALSE,,,"TD","2nd and 3 at DIC25","No Huddle-Shotgun Langdon,Jake rush middle for 4 yards gain to the DSON21 (Genilello,Jason), 1ST DOWN."
"20251101_dlys","Dickinson","Carnegie Mellon",173,18,12,4,2,,"08:01","04:35","Carnegie Mellon","Dickinson",56,29,27,1,10,21,FALSE,2,3,14,"pass_complete",TRUE,7,FALSE,TRUE,TRUE,FALSE,FALSE,FALSE,FALSE,FALSE,FALSE,FALSE,FALSE,FALSE,FALSE,FALSE,0,FALSE,FALSE,FALSE,,,FALSE,,,"TD","1st and 10 at DIC21","No Huddle-Shotgun Salters,Jackson pass complete short right to McCullough,Nick caught at DSON14, for 7 yards to the DSON14 (Moses,Josh)."
"20251101_dlys","Dickinson","Carnegie Mellon",174,18,13,4,2,,"08:01","04:35","Carnegie Mellon","Dickinson",56,29,27,2,3,14,FALSE,1,5,5,"rush",TRUE,9,TRUE,FALSE,FALSE,FALSE,FALSE,FALSE,FALSE,FALSE,FALSE,FALSE,FALSE,FALSE,FALSE,FALSE,0,TRUE,FALSE,FALSE,,,FALSE,,,"TD","2nd and 3 at DIC14","No Huddle-Shotgun Langdon,Jake rush middle for 9 yards gain to the DSON05 (Mulholland,Jimmy), 1ST DOWN."
"20251101_dlys","Dickinson","Carnegie Mellon",175,18,14,4,2,"04:35","04:35","04:35","Carnegie Mellon","Dickinson",56,29,27,1,5,5,TRUE,,,,"rush",TRUE,5,TRUE,FALSE,FALSE,FALSE,FALSE,FALSE,FALSE,FALSE,TRUE,FALSE,FALSE,FALSE,FALSE,TRUE,6,FALSE,FALSE,FALSE,,,FALSE,,,"TD","1st and 5 at DIC5","No Huddle-Shotgun Langdon,Jake rush right for 5 yards gain to the DSON00 TOUCHDOWN, clock 04:35."
"20251101_dlys","Dickinson","Carnegie Mellon",176,18,15,4,2,,"04:35","04:35","Carnegie Mellon","Dickinson",62,29,33,1,10,3,FALSE,,,,"penalty_no_play",TRUE,,FALSE,FALSE,FALSE,FALSE,FALSE,FALSE,FALSE,FALSE,FALSE,FALSE,FALSE,FALSE,FALSE,FALSE,0,FALSE,FALSE,TRUE,-5,"Carnegie Mellon",TRUE,FALSE,"PENALTY CMU Delay Of Game 5 yards from DSON03 to DSON08. NO PLAY.","TD","1st and 10 at DIC3","PENALTY CMU Delay Of Game 5 yards from DSON03 to DSON08. NO PLAY."
"20251101_dlys","Dickinson","Carnegie Mellon",177,18,16,4,2,,"04:35","04:35","Carnegie Mellon","Dickinson",62,29,33,,,,,,,,"extra_point",FALSE,,FALSE,FALSE,FALSE,FALSE,FALSE,FALSE,FALSE,FALSE,FALSE,FALSE,FALSE,FALSE,FALSE,TRUE,1,FALSE,FALSE,FALSE,,,FALSE,,,"TD","","Norell,John kick attempt good (H: Wamhoff,Mark, LS: Orlando,Joey)."
"20251101_dlys","Dickinson","Carnegie Mellon",178,19,1,4,2,,"04:35","04:35","Dickinson","Carnegie Mellon",29,63,-34,,,,,1,10,75,"kickoff",FALSE,,FALSE,FALSE,FALSE,FALSE,FALSE,FALSE,FALSE,FALSE,FALSE,FALSE,FALSE,FALSE,FALSE,FALSE,0,FALSE,FALSE,FALSE,,,FALSE,,,"PUNT","","Godhard,Noah kickoff 65 yards to the DSON00, Touchback."
"20251101_dlys","Dickinson","Carnegie Mellon",179,19,2,4,2,,"04:35","02:30","Dickinson","Carnegie Mellon",29,63,-34,1,10,75,FALSE,2,4,69,"rush",TRUE,6,TRUE,FALSE,FALSE,FALSE,FALSE,FALSE,FALSE,FALSE,FALSE,FALSE,FALSE,FALSE,FALSE,FALSE,0,FALSE,FALSE,FALSE,,,FALSE,,,"PUNT","1st and 10 at DIC25","No Huddle-Shotgun Del Re,Giovanni rush middle for 6 yards gain to the DSON31 (Kadur,Ty; Mann,Tai)."
"20251101_dlys","Dickinson","Carnegie Mellon",180,19,3,4,2,,"04:35","02:30","Dickinson","Carnegie Mellon",29,63,-34,2,4,69,FALSE,3,1,66,"rush",TRUE,3,TRUE,FALSE,FALSE,FALSE,FALSE,FALSE,FALSE,FALSE,FALSE,FALSE,FALSE,FALSE,FALSE,FALSE,0,FALSE,FALSE,FALSE,,,FALSE,,,"PUNT","2nd and 4 at DIC31","No Huddle-Shotgun Young,Mathias rush middle for 3 yards gain to the DSON34 (Mann,Tai)."
"20251101_dlys","Dickinson","Carnegie Mellon",181,19,4,4,2,,"04:35","02:30","Dickinson","Carnegie Mellon",29,63,-34,3,1,66,FALSE,4,1,66,"rush",TRUE,0,TRUE,FALSE,FALSE,FALSE,FALSE,FALSE,FALSE,FALSE,FALSE,FALSE,FALSE,FALSE,FALSE,FALSE,0,FALSE,FALSE,FALSE,,,FALSE,,,"PUNT","3rd and 1 at DIC34","No Huddle-Shotgun Young,Mathias rush middle for 0 yards to the DSON34 (Kadur,Ty)."
"20251101_dlys","Dickinson","Carnegie Mellon",182,19,5,4,2,,"04:35","02:30","Dickinson","Carnegie Mellon",29,63,-34,4,1,66,FALSE,4,6,71,"penalty_no_play",TRUE,,FALSE,FALSE,FALSE,FALSE,FALSE,FALSE,FALSE,FALSE,FALSE,FALSE,FALSE,FALSE,FALSE,FALSE,0,FALSE,FALSE,TRUE,-5,"Dickinson",TRUE,FALSE,"PENALTY DSON Illegal Substitution (Friebel,Leon) 5 yards from DSON34 to DSON29. NO PLAY.","PUNT","4th and 1 at DIC34","PENALTY DSON Illegal Substitution (Friebel,Leon) 5 yards from DSON34 to DSON29. NO PLAY."
"20251101_dlys","Dickinson","Carnegie Mellon",183,19,6,4,2,,"04:35","02:30","Dickinson","Carnegie Mellon",29,63,-34,4,6,71,FALSE,1,10,63,"punt_with_return",TRUE,,FALSE,FALSE,FALSE,FALSE,FALSE,FALSE,FALSE,FALSE,FALSE,FALSE,FALSE,FALSE,TRUE,FALSE,0,FALSE,FALSE,FALSE,,,FALSE,,,"PUNT","4th and 6 at DIC29","Furlong,Michael punt 34 yards to the CMU37 Rummel,Cooper return 0 yards to the CMU37 (Mulholland,Jimmy)."
"20251101_dlys","Dickinson","Carnegie Mellon",184,20,1,4,2,,"02:30","00:32","Carnegie Mellon","Dickinson",63,29,34,1,10,63,FALSE,2,1,54,"pass_complete",TRUE,9,FALSE,TRUE,TRUE,FALSE,FALSE,FALSE,FALSE,FALSE,FALSE,FALSE,FALSE,FALSE,FALSE,FALSE,0,FALSE,FALSE,FALSE,,,FALSE,,,"TD","1st and 10 at CMU37","No Huddle-Shotgun Salters,Jackson pass complete short left to Mill,James caught at CMU46, for 9 yards to the CMU46 (Hollinger,Jason)."
"20251101_dlys","Dickinson","Carnegie Mellon",185,20,2,4,2,,"02:30","00:32","Carnegie Mellon","Dickinson",63,29,34,2,1,54,FALSE,1,10,35,"rush",TRUE,19,TRUE,FALSE,FALSE,FALSE,FALSE,FALSE,FALSE,FALSE,FALSE,FALSE,FALSE,FALSE,FALSE,FALSE,0,TRUE,FALSE,FALSE,,,FALSE,,,"TD","2nd and 1 at CMU46","No Huddle-Shotgun Shaw,Takashi rush left for 19 yards gain to the DSON35 (Mulholland,Jimmy), out of bounds, 1ST DOWN."
"20251101_dlys","Dickinson","Carnegie Mellon",186,20,3,4,2,,"02:30","00:32","Carnegie Mellon","Dickinson",63,29,34,1,10,35,FALSE,2,5,30,"rush",TRUE,5,TRUE,FALSE,FALSE,FALSE,FALSE,FALSE,FALSE,FALSE,FALSE,FALSE,FALSE,FALSE,FALSE,FALSE,0,FALSE,FALSE,FALSE,,,FALSE,,,"TD","1st and 10 at DIC35","No Huddle-Shotgun Fred,David rush left for 5 yards gain to the DSON30 (Blanchard,Brady; Glennon,Jon)."
"20251101_dlys","Dickinson","Carnegie Mellon",187,20,4,4,2,,"02:30","00:32","Carnegie Mellon","Dickinson",63,29,34,2,5,30,FALSE,1,10,15,"rush",TRUE,15,TRUE,FALSE,FALSE,FALSE,FALSE,FALSE,FALSE,FALSE,FALSE,FALSE,FALSE,FALSE,FALSE,FALSE,0,TRUE,FALSE,FALSE,,,FALSE,,,"TD","2nd and 5 at DIC30","No Huddle-Shotgun Shaw,Takashi rush left for 15 yards gain to the DSON15 (Mulholland,Jimmy), out of bounds, 1ST DOWN."
"20251101_dlys","Dickinson","Carnegie Mellon",188,20,5,4,2,,"02:30","00:32","Carnegie Mellon","Dickinson",63,29,34,1,10,15,FALSE,2,3,8,"pass_complete",TRUE,7,FALSE,TRUE,TRUE,FALSE,FALSE,FALSE,FALSE,FALSE,FALSE,FALSE,FALSE,FALSE,FALSE,FALSE,0,FALSE,FALSE,FALSE,,,FALSE,,,"TD","1st and 10 at DIC15","No Huddle-Shotgun Rothenberg,Evan pass complete short right to Mill,James caught at DSON08, for 7 yards to the DSON08 (Morales,Cam)."
"20251101_dlys","Dickinson","Carnegie Mellon",189,20,6,4,2,"00:32","00:32","00:32","Carnegie Mellon","Dickinson",63,29,34,2,3,8,FALSE,,,,"rush",TRUE,8,TRUE,FALSE,FALSE,FALSE,FALSE,FALSE,FALSE,FALSE,TRUE,FALSE,FALSE,FALSE,FALSE,TRUE,6,TRUE,FALSE,FALSE,,,FALSE,,,"TD","2nd and 3 at DIC8","No Huddle-Shotgun Fred,David rush middle for 8 yards gain to the DSON00 TOUCHDOWN, clock 00:32, 1ST DOWN."
"20251101_dlys","Dickinson","Carnegie Mellon",190,20,7,4,2,,"00:32","00:24","Carnegie Mellon","Dickinson",69,29,40,,,,,,,,"extra_point",FALSE,,FALSE,FALSE,FALSE,FALSE,FALSE,FALSE,FALSE,FALSE,FALSE,FALSE,FALSE,FALSE,FALSE,TRUE,1,FALSE,FALSE,FALSE,,,FALSE,,,"TD","","Norell,John kick attempt good (H: Wamhoff,Mark, LS: Orlando,Joey)."
"20251101_dlys","Dickinson","Carnegie Mellon",191,21,1,4,2,,"00:32","00:24","Dickinson","Carnegie Mellon",29,70,-41,,,,,1,10,80,"kickoff",FALSE,,FALSE,FALSE,FALSE,FALSE,FALSE,FALSE,FALSE,FALSE,FALSE,FALSE,FALSE,FALSE,FALSE,FALSE,0,FALSE,FALSE,TRUE,-10,"Dickinson",FALSE,FALSE,"PENALTY DSON Holding (Morgan,CJ) 10 yards from DSON30 to DSON20.","END OF GAME","1st and 10 at CMU35","Godhard,Noah kickoff 64 yards to the DSON01 Schmidt,Kevin return 29 yards to the DSON30 (Lawler,Archie) PENALTY DSON Holding (Morgan,CJ) 10 yards from DSON30 to DSON20."
"20251101_dlys","Dickinson","Carnegie Mellon",192,21,2,4,2,,"00:24","00:00","Dickinson","Carnegie Mellon",29,70,-41,1,10,80,FALSE,,,,"rush",TRUE,6,TRUE,FALSE,FALSE,FALSE,FALSE,FALSE,FALSE,FALSE,FALSE,FALSE,FALSE,FALSE,FALSE,FALSE,0,FALSE,FALSE,FALSE,,,FALSE,,,"END OF GAME","1st and 10 at DIC20","No Huddle-Shotgun Young,Mathias rush middle for 6 yards gain to the DSON26 (Faison,Javada)."
