"game_id","play_index","drive_play_number","period","half","clock_known","clock_prev_known","clock_next_known","pos_team","def_pos_team","down","distance","yards_to_goal","Goal_To_Go","play_type","yards_gained","rush","pass","completion","sack","int","fumble_vec","turnover","downs_turnover","touchdown","safety","penalty_flag","penalty_yards_signed","penalized_team","penalty_no_play","penalty_declined","penalty_text","situation","play_text","row_type","drive_id"
"20251108_3ubg",1,,1,1,,,,,,,,,,"kickoff",,FALSE,FALSE,FALSE,FALSE,FALSE,FALSE,FALSE,FALSE,FALSE,FALSE,,,,,,,"","Noah Godhard kickoff 65 yards to the F&M00, touchback.","kickoff",
"20251108_3ubg",2,1,1,1,,,,"Franklin & Marshall","Carnegie Mellon",1,10,75,FALSE,"rush",1,TRUE,FALSE,FALSE,FALSE,FALSE,FALSE,FALSE,FALSE,FALSE,FALSE,,,,,,,"1st and 10 at F&M25","Louis Paris rush for 1 yard to the F&M26 (Lucas Hazard; Leighton Tarke).","play",1
"20251108_3ubg",3,2,1,1,,,,"Franklin & Marshall","Carnegie Mellon",2,9,74,FALSE,"pass_complete",18,FALSE,TRUE,TRUE,FALSE,FALSE,FALSE,FALSE,FALSE,FALSE,FALSE,,,,,,,"2nd and 9 at F&M26","Ty Tremba pass complete to Jack Harrison for 18 yards to the F&M44 (Jack Lawson; Barrett Schmitz).","play",1
"20251108_3ubg",4,3,1,1,,,,"Franklin & Marshall","Carnegie Mellon",1,10,56,FALSE,"pass_incomplete",0,FALSE,TRUE,FALSE,FALSE,FALSE,FALSE,FALSE,FALSE,FALSE,FALSE,,,,,,,"1st and 10 at F&M44","Ty Tremba pass incomplete to Matt Eitner, QB hurry by Gabe Bonnet.","play",1
"20251108_3ubg",5,4,1,1,,,,"Franklin & Marshall","Carnegie Mellon",2,10,56,FALSE,"pass_complete",8,FALSE,TRUE,TRUE,FALSE,FALSE,FALSE,FALSE,FALSE,FALSE,FALSE,,,,,,,"2nd and 10 at F&M44","Ty Tremba pass complete to Gary Lewis for 8 yards to the CMU48 (Connor Warren), out-of-bounds.","play",1
"20251108_3ubg",6,5,1,1,,,,"Franklin & Marshall","Carnegie Mellon",3,2,48,FALSE,"rush",1,TRUE,FALSE,FALSE,FALSE,FALSE,FALSE,FALSE,FALSE,FALSE,FALSE,,,,,,,"3rd and 2 at CMU48","Ty Tremba rush for 1 yard to the CMU47 (Jacob Franze; Bennett Grace).","play",1
"20251108_3ubg",7,6,1,1,,,,"Franklin & Marshall","Carnegie Mellon",4,1,47,FALSE,"punt_with_return",,FALSE,FALSE,FALSE,FALSE,FALSE,FALSE,FALSE,FALSE,FALSE,FALSE,,,,,,,"4th and 1 at CMU47","Ivan Harlamov punt 36 yards to the CMU11, Cooper Rummel return 0 yards to the CMU11 (Matt Wertz).","play",1
"20251108_3ubg",8,1,1,1,,,,"Carnegie Mellon","Franklin & Marshall",1,10,89,FALSE,"rush",3,TRUE,FALSE,FALSE,FALSE,FALSE,FALSE,FALSE,FALSE,FALSE,FALSE,,,,,,,"1st and 10 at CMU11","Willem Bouma rush for 3 yards to the CMU14 (Chris Albero).","play",2
"20251108_3ubg",9,2,1,1,,,,"Carnegie Mellon","Franklin & Marshall",2,7,86,FALSE,"pass_complete",6,FALSE,TRUE,TRUE,FALSE,FALSE,FALSE,FALSE,FALSE,FALSE,FALSE,,,,,,,"2nd and 7 at CMU14","Joey McGinnis I pass complete to Brendan McCullo for 6 yards to the CMU20 (Trey Comella).","play",2
"20251108_3ubg",10,3,1,1,,,,"Carnegie Mellon","Franklin & Marshall",3,1,80,FALSE,"pass_complete",18,FALSE,TRUE,TRUE,FALSE,FALSE,FALSE,FALSE,FALSE,FALSE,FALSE,,,,,,,"3rd and 1 at CMU20","Joey McGinnis I pass complete to Brendan McCullo for 18 yards to the CMU38 (Matt Wertz).","play",2
"20251108_3ubg",11,4,1,1,,,,"Carnegie Mellon","Franklin & Marshall",1,10,62,FALSE,"sack",-1,FALSE,FALSE,FALSE,TRUE,FALSE,FALSE,FALSE,FALSE,FALSE,FALSE,,,,,,,"1st and 10 at CMU38","Joey McGinnis I sacked for loss of 1 yard to the CMU37 (Kyle Checchio; Owen Banghart).","play",2
"20251108_3ubg",12,5,1,1,,,,"Carnegie Mellon","Franklin & Marshall",2,11,63,FALSE,"pass_incomplete",0,FALSE,TRUE,FALSE,FALSE,FALSE,FALSE,FALSE,FALSE,FALSE,FALSE,,,,,,,"2nd and 11 at CMU37","Joey McGinnis I pass incomplete to Reece Kolke, dropped pass.","play",2
"20251108_3ubg",13,6,1,1,,,,"Carnegie Mellon","Franklin & Marshall",3,11,63,FALSE,"pass_incomplete",0,FALSE,TRUE,FALSE,FALSE,FALSE,FALSE,FALSE,FALSE,FALSE,FALSE,,,,,,,"3rd and 11 at CMU37","Joey McGinnis I pass incomplete to Brendan McCullo.","play",2
"20251108_3ubg",14,7,1,1,,,,"Carnegie Mellon","Franklin & Marshall",4,11,63,FALSE,"rush",-17,TRUE,FALSE,FALSE,FALSE,FALSE,TRUE,TRUE,FALSE,TRUE,FALSE,,,,,,,"4th and 11 at CMU37","TEAM rush for loss of 17 yards to the CMU20, fumble by TEAM recovered by F&M Michael Pembrok at CMU00, TOUCHDOWN, clock 09:55.","play",2
"20251108_3ubg",15,1,1,1,,,,"Franklin & Marshall","Carnegie Mellon",,,,,"extra_point",,FALSE,FALSE,FALSE,FALSE,FALSE,FALSE,FALSE,FALSE,FALSE,FALSE,,,,,,,"","Michael Fleming kick attempt failed (blocked), returned by TEAM (blocked by Mitchell Stokey).","extra_point",3
"20251108_3ubg",16,2,1,1,,,,"Franklin & Marshall","Carnegie Mellon",,,,,"kickoff",,FALSE,FALSE,FALSE,FALSE,FALSE,TRUE,FALSE,FALSE,FALSE,FALSE,,,,,,,"","Ivan Harlamov kickoff 65 yards to the CMU00, Nick McCullough return 0 yards to the CMU00, fumble by Nick McCullough recovered by CMU Nick McCullough at CMU00, Nick McCullough return 12 yards to the CMU12 (Dean Coscia; Michael Pembrok), PENALTY CMU illegal block 6 yards to the CMU06.","kickoff",3
"20251108_3ubg",17,1,1,1,,,,"Carnegie Mellon","Franklin & Marshall",1,10,94,FALSE,"rush",3,TRUE,FALSE,FALSE,FALSE,FALSE,FALSE,FALSE,FALSE,FALSE,FALSE,,,,,,,"1st and 10 at CMU06","Willem Bouma rush for 3 yards to the CMU09 (Lt Kelley).","play",4
"20251108_3ubg",18,2,1,1,,,,"Carnegie Mellon","Franklin & Marshall",2,7,91,FALSE,"rush",9,TRUE,FALSE,FALSE,FALSE,FALSE,FALSE,FALSE,FALSE,FALSE,FALSE,,,,,,,"2nd and 7 at CMU09","Giacomo Valente rush for 9 yards to the CMU18 (Kyle Checchio; Trey Comella).","play",4
"20251108_3ubg",19,3,1,1,,,,"Carnegie Mellon","Franklin & Marshall",1,10,82,FALSE,"rush",3,TRUE,FALSE,FALSE,FALSE,FALSE,FALSE,FALSE,FALSE,FALSE,FALSE,,,,,,,"1st and 10 at CMU18","Joey McGinnis I rush for 3 yards to the CMU21 (Kyle Evancho; Owen Banghart).","play",4
"20251108_3ubg",20,4,1,1,,,,"Carnegie Mellon","Franklin & Marshall",2,7,79,FALSE,"penalty_no_play",,FALSE,FALSE,FALSE,FALSE,FALSE,FALSE,FALSE,FALSE,FALSE,FALSE,,,,,,,"2nd and 7 at CMU21","PENALTY CMU illegal motion (Nick McCullough) 5 yards to the CMU16.","penalty_no_play",4
"20251108_3ubg",21,5,1,1,,,,"Carnegie Mellon","Franklin & Marshall",2,12,84,FALSE,"pass_complete",8,FALSE,TRUE,TRUE,FALSE,FALSE,FALSE,FALSE,FALSE,FALSE,FALSE,,,,,,,"2nd and 12 at CMU16","Joey McGinnis I pass complete to Nick McCullough for 8 yards to the CMU24 (Kyle Checchio; Chris Albero).","play",4
"20251108_3ubg",22,6,1,1,,,,"Carnegie Mellon","Franklin & Marshall",3,4,76,FALSE,"pass_incomplete",0,FALSE,TRUE,FALSE,FALSE,FALSE,FALSE,FALSE,FALSE,FALSE,FALSE,,,,,,,"3rd and 4 at CMU24","Joey McGinnis I pass incomplete to Brendan McCullo (Connor Hille).","play",4
"20251108_3ubg",23,7,1,1,,,,"Carnegie Mellon","Franklin & Marshall",4,4,76,FALSE,"punt_no_return",,FALSE,FALSE,FALSE,FALSE,FALSE,FALSE,FALSE,FALSE,FALSE,FALSE,,,,,,,"4th and 4 at CMU24","John Norell punt 26 yards to the 50 yardline, out-of-bounds.","play",4
"20251108_3ubg",24,1,1,1,,,,"Franklin & Marshall","Carnegie Mellon",1,10,50,FALSE,"rush",2,TRUE,FALSE,FALSE,FALSE,FALSE,FALSE,FALSE,FALSE,FALSE,FALSE,,,,,,,"1st and 10 at F&M50","Louis Paris rush for 2 yards to the CMU48 (Bennett Grace; Leighton Tarke).","play",5
"20251108_3ubg",25,2,1,1,,,,"Franklin & Marshall","Carnegie Mellon",2,8,48,FALSE,"pass_complete",7,FALSE,TRUE,TRUE,FALSE,FALSE,FALSE,FALSE,FALSE,FALSE,FALSE,,,,,,,"2nd and 8 at CMU48","Ty Tremba pass complete to Hudson Zawadzka for 7 yards to the CMU41 (Jack Lawson).","play",5
"20251108_3ubg",26,3,1,1,,,,"Franklin & Marshall","Carnegie Mellon",3,1,41,FALSE,"rush",-1,TRUE,FALSE,FALSE,FALSE,FALSE,FALSE,FALSE,FALSE,FALSE,FALSE,,,,,,,"3rd and 1 at CMU41","Ty Tremba rush for loss of 1 yard to the CMU42 (Jack Lawson; Gabe Bonnet).","play",5
"20251108_3ubg",27,4,1,1,,,,"Franklin & Marshall","Carnegie Mellon",4,2,42,FALSE,"punt_no_return",,FALSE,FALSE,FALSE,FALSE,FALSE,FALSE,FALSE,FALSE,FALSE,FALSE,,,,,,,"4th and 2 at CMU42","Ivan Harlamov punt 26 yards to the CMU16, fair catch by Cooper Rummel.","play",5
"20251108_3ubg",28,1,1,1,,,,"Carnegie Mellon","Franklin & Marshall",1,10,84,FALSE,"penalty_no_play",,FALSE,FALSE,FALSE,FALSE,FALSE,FALSE,FALSE,FALSE,FALSE,FALSE,,,,,,,"1st and 10 at CMU16","PENALTY CMU false start (Nick McCullough) 5 yards to the CMU11.","penalty_no_play",6
"20251108_3ubg",29,2,1,1,,,,"Carnegie Mellon","Franklin & Marshall",1,15,89,FALSE,"rush",-3,TRUE,FALSE,FALSE,FALSE,FALSE,FALSE,FALSE,FALSE,FALSE,FALSE,,,,,,,"1st and 15 at CMU11","Joey McGinnis I rush for loss of 3 yards to the CMU08 (Connor Hille).","play",6
"20251108_3ubg",30,3,1,1,,,,"Carnegie Mellon","Franklin & Marshall",2,18,92,FALSE,"rush",7,TRUE,FALSE,FALSE,FALSE,FALSE,FALSE,FALSE,FALSE,FALSE,FALSE,,,,,,,"2nd and 18 at CMU08","Giacomo Valente rush for 7 yards to the CMU15 (Chris Albero; Lt Kelley).","play",6
"20251108_3ubg",31,4,1,1,,,,"Carnegie Mellon","Franklin & Marshall",3,11,85,FALSE,"pass_incomplete",0,FALSE,TRUE,FALSE,FALSE,FALSE,FALSE,FALSE,FALSE,FALSE,FALSE,,,,,,,"3rd and 11 at CMU15","Joey McGinnis I pass incomplete to Nick McCullough (Oscar Marx).","play",6
"20251108_3ubg",32,5,1,1,,,,"Carnegie Mellon","Franklin & Marshall",4,11,85,FALSE,"punt_no_return",,FALSE,FALSE,FALSE,FALSE,FALSE,FALSE,FALSE,FALSE,FALSE,FALSE,,,,,,,"4th and 11 at CMU15","John Norell punt 39 yards to the F&M46, fair catch by Chris Albero.","play",6
"20251108_3ubg",33,1,1,1,,,,"Franklin & Marshall","Carnegie Mellon",1,10,54,FALSE,"pass_complete",12,FALSE,TRUE,TRUE,FALSE,FALSE,FALSE,FALSE,FALSE,FALSE,FALSE,,,,,,,"1st and 10 at F&M46","Ty Tremba pass complete to Hudson Zawadzka for 12 yards to the CMU42 (Jack Lawson; Ty Kadur).","play",7
"20251108_3ubg",34,2,1,1,,,,"Franklin & Marshall","Carnegie Mellon",1,10,42,FALSE,"pass_incomplete",0,FALSE,TRUE,FALSE,FALSE,FALSE,FALSE,FALSE,FALSE,FALSE,FALSE,,,,,,,"1st and 10 at CMU42","Ty Tremba pass incomplete to Gary Lewis.","play",7
"20251108_3ubg",35,3,1,1,,,,"Franklin & Marshall","Carnegie Mellon",2,10,42,FALSE,"penalty_no_play",,FALSE,FALSE,FALSE,FALSE,FALSE,FALSE,FALSE,FALSE,FALSE,FALSE,,,,,,,"2nd and 10 at CMU42","PENALTY CMU offside defense (Grayson Metz) 5 yards to the CMU37.","penalty_no_play",7
"20251108_3ubg",36,4,1,1,,,,"Franklin & Marshall","Carnegie Mellon",2,5,37,FALSE,"pass_complete",23,FALSE,TRUE,TRUE,FALSE,FALSE,FALSE,FALSE,FALSE,FALSE,FALSE,,,,,,,"2nd and 5 at CMU37","Ty Tremba pass complete to Gary Lewis for 23 yards to the CMU14 (Ethan Ming).","play",7
"20251108_3ubg",37,5,1,1,,,,"Franklin & Marshall","Carnegie Mellon",1,10,14,FALSE,"rush",-1,TRUE,FALSE,FALSE,FALSE,FALSE,FALSE,FALSE,FALSE,FALSE,FALSE,,,,,,,"1st and 10 at CMU14","Ty Tremba rush for loss of 1 yard to the CMU15 (Ty Kadur).","play",7
"20251108_3ubg",38,6,1,1,,,,"Franklin & Marshall","Carnegie Mellon",2,11,15,FALSE,"sack",-2,FALSE,FALSE,FALSE,TRUE,FALSE,FALSE,FALSE,FALSE,FALSE,FALSE,,,,,,,"2nd and 11 at CMU15","Ty Tremba sacked for loss of 2 yards to the CMU17 (Gabe Bonnet).","play",7
"20251108_3ubg",39,7,1,1,,,,"Franklin & Marshall","Carnegie Mellon",3,13,17,FALSE,"pass_complete",12,FALSE,TRUE,TRUE,FALSE,FALSE,FALSE,FALSE,FALSE,FALSE,FALSE,,,,,,,"3rd and 13 at CMU17","Ty Tremba pass complete to Gary Lewis for 12 yards to the CMU05 (Ethan Ming).","play",7
"20251108_3ubg",40,8,1,1,,,,"Franklin & Marshall","Carnegie Mellon",4,1,5,FALSE,"rush",3,TRUE,FALSE,FALSE,FALSE,FALSE,FALSE,FALSE,FALSE,FALSE,FALSE,,,,,,,"4th and 1 at CMU05","Louis Paris rush for 3 yards to the CMU02 (Jacob Franze).","play",7
"20251108_3ubg",41,9,1,1,,,,"Franklin & Marshall","Carnegie Mellon",1,2,2,TRUE,"rush",2,TRUE,FALSE,FALSE,FALSE,FALSE,FALSE,FALSE,FALSE,TRUE,FALSE,,,,,,,"1st and Goal at CMU02","Ty Tremba rush for 2 yards to the CMU00, TOUCHDOWN, clock 00:07.","play",7
"20251108_3ubg",42,10,1,1,,,,"Franklin & Marshall","Carnegie Mellon",,,,,"extra_point",,FALSE,FALSE,FALSE,FALSE,FALSE,FALSE,FALSE,FALSE,FALSE,FALSE,,,,,,,"","Michael Fleming kick attempt good.","extra_point",7
"20251108_3ubg",43,11,1,1,,,,"Franklin & Marshall","Carnegie Mellon",,,,,"kickoff",,FALSE,FALSE,FALSE,FALSE,FALSE,FALSE,FALSE,FALSE,FALSE,FALSE,,,,,,,"","Ivan Harlamov kickoff 63 yards to the CMU02, Nick McCullough return 21 yards to the CMU23 (Stefan Merino; Nick Aravides).","kickoff",7
"20251108_3ubg",44,1,1,1,,,,"Carnegie Mellon","Franklin & Marshall",1,10,77,FALSE,"rush",1,TRUE,FALSE,FALSE,FALSE,FALSE,FALSE,FALSE,FALSE,FALSE,FALSE,,,,,,,"1st and 10 at CMU23","Giacomo Valente rush for 1 yard to the CMU24 (Kyle Checchio; Owen Banghart).","play",8
"20251108_3ubg",45,2,2,1,,,,"Carnegie Mellon","Franklin & Marshall",2,9,76,FALSE,"pass_incomplete",0,FALSE,TRUE,FALSE,FALSE,FALSE,FALSE,FALSE,FALSE,FALSE,FALSE,,,,,,,"2nd and 9 at CMU24","Joey McGinnis I pass incomplete to Reece Kolke (Oscar Marx).","play",8
"20251108_3ubg",46,3,2,1,,,,"Carnegie Mellon","Franklin & Marshall",3,9,76,FALSE,"sack",-1,FALSE,FALSE,FALSE,TRUE,FALSE,FALSE,FALSE,FALSE,FALSE,FALSE,,,,,,,"3rd and 9 at CMU24","Joey McGinnis I sacked for loss of 1 yard to the CMU23 (Trey Comella).","play",8
"20251108_3ubg",47,4,2,1,,,,"Carnegie Mellon","Franklin & Marshall",4,10,77,FALSE,"punt_no_return",,FALSE,FALSE,FALSE,FALSE,FALSE,FALSE,FALSE,FALSE,FALSE,FALSE,,,,,,,"4th and 10 at CMU23","John Norell punt 37 yards to the F&M40, fair catch by Chris Albero.","play",8
"20251108_3ubg",48,1,2,1,,,,"Franklin & Marshall","Carnegie Mellon",1,10,60,FALSE,"rush",1,TRUE,FALSE,FALSE,FALSE,FALSE,FALSE,FALSE,FALSE,FALSE,FALSE,,,,,,,"1st and 10 at F&M40","Louis Paris rush for 1 yard to the F&M41 (Leighton Tarke; Lucas Hazard).","play",9
"20251108_3ubg",49,2,2,1,,,,"Franklin & Marshall","Carnegie Mellon",2,9,59,FALSE,"pass_complete",7,FALSE,TRUE,TRUE,FALSE,FALSE,FALSE,FALSE,FALSE,FALSE,FALSE,,,,,,,"2nd and 9 at F&M41","Ty Tremba pass complete to Gary Lewis for 7 yards to the F&M48 (Connor Warren).","play",9
"20251108_3ubg",50,3,2,1,,,,"Franklin & Marshall","Carnegie Mellon",3,2,52,FALSE,"rush",2,TRUE,FALSE,FALSE,FALSE,FALSE,FALSE,FALSE,FALSE,FALSE,FALSE,,,,,,,"3rd and 2 at F&M48","Louis Paris rush for 2 yards to the 50 yardline (Bennett Grace; Jacob Franze).","play",9
"20251108_3ubg",51,4,2,1,,,,"Franklin & Marshall","Carnegie Mellon",1,10,50,FALSE,"rush",6,TRUE,FALSE,FALSE,FALSE,FALSE,FALSE,FALSE,FALSE,FALSE,FALSE,,,,,,,"1st and 10 at F&M50","Ty Tremba rush for 6 yards to the CMU44 (Jack Lawson).","play",9
"20251108_3ubg",52,5,2,1,,,,"Franklin & Marshall","Carnegie Mellon",2,4,44,FALSE,"pass_incomplete",0,FALSE,TRUE,FALSE,FALSE,FALSE,FALSE,FALSE,FALSE,FALSE,FALSE,,,,,,,"2nd and 4 at CMU44","Ty Tremba pass incomplete to Hudson Zawadzka (DJ Johnson).","play",9
"20251108_3ubg",53,6,2,1,,,,"Franklin & Marshall","Carnegie Mellon",3,4,44,FALSE,"pass_complete",12,FALSE,TRUE,TRUE,FALSE,FALSE,FALSE,FALSE,FALSE,FALSE,FALSE,,,,,,,"3rd and 4 at CMU44","Ty Tremba pass complete to Jack Harrison for 12 yards to the CMU32 (Barrett Schmitz; Bennett Grace).","play",9
"20251108_3ubg",54,7,2,1,,,,"Franklin & Marshall","Carnegie Mellon",1,10,32,FALSE,"rush",2,TRUE,FALSE,FALSE,FALSE,FALSE,FALSE,FALSE,FALSE,FALSE,FALSE,,,,,,,"1st and 10 at CMU32","Ty Tremba rush for 2 yards to the CMU30 (Jack Lawson).","play",9
"20251108_3ubg",55,8,2,1,,,,"Franklin & Marshall","Carnegie Mellon",2,8,30,FALSE,"rush",1,TRUE,FALSE,FALSE,FALSE,FALSE,FALSE,FALSE,FALSE,FALSE,FALSE,,,,,,,"2nd and 8 at CMU30","Ty Tremba rush for 1 yard to the CMU29 (Bennett Grace; Logan Armstrong).","play",9
"20251108_3ubg",56,9,2,1,,,,"Franklin & Marshall","Carnegie Mellon",3,7,29,FALSE,"rush",6,TRUE,FALSE,FALSE,FALSE,FALSE,FALSE,FALSE,FALSE,FALSE,FALSE,,,,,,,"3rd and 7 at CMU29","Ty Tremba rush for 6 yards to the CMU23 (Connor Warren).","play",9
"20251108_3ubg",57,10,2,1,,,,"Franklin & Marshall","Carnegie Mellon",4,1,23,FALSE,"rush",0,TRUE,FALSE,FALSE,FALSE,FALSE,FALSE,TRUE,TRUE,FALSE,FALSE,,,,,,,"4th and 1 at CMU23","Louis Paris rush for no gain to the CMU23 (Leighton Tarke; Bennett Grace).","play",9
"20251108_3ubg",58,1,2,1,,,,"Carnegie Mellon","Franklin & Marshall",1,10,77,FALSE,"pass_complete",7,FALSE,TRUE,TRUE,FALSE,FALSE,FALSE,FALSE,FALSE,FALSE,FALSE,,,,,,,"1st and 10 at CMU23","Joey McGinnis I pass complete to Reece Kolke for 7 yards to the CMU30 (Trey Comella).","play",10
"20251108_3ubg",59,2,2,1,,,,"Carnegie Mellon","Franklin & Marshall",2,3,70,FALSE,"pass_complete",22,FALSE,TRUE,TRUE,FALSE,FALSE,FALSE,FALSE,FALSE,FALSE,FALSE,,,,,,,"2nd and 3 at CMU30","Joey McGinnis I pass complete to Reece Kolke for 22 yards to the F&M48 (Kyle Evancho).","play",10
"20251108_3ubg",60,3,2,1,,,,"Carnegie Mellon","Franklin & Marshall",1,10,48,FALSE,"rush",-2,TRUE,FALSE,FALSE,FALSE,FALSE,FALSE,FALSE,FALSE,FALSE,FALSE,,,,,,,"1st and 10 at F&M48","Willem Bouma rush for loss of 2 yards to the 50 yardline (Austin Hadley; Kyle Checchio).","play",10
"20251108_3ubg",61,4,2,1,,,,"Carnegie Mellon","Franklin & Marshall",2,12,50,FALSE,"rush",2,TRUE,FALSE,FALSE,FALSE,FALSE,FALSE,FALSE,FALSE,FALSE,FALSE,,,,,,,"2nd and 12 at CMU50","Joey McGinnis I rush for 2 yards to the F&M48 (Lt Kelley; Sam Keenan), PENALTY CMU holding (Danny Moynihan) 10 yards to the CMU42.","play",10
"20251108_3ubg",62,5,2,1,,,,"Carnegie Mellon","Franklin & Marshall",2,20,58,FALSE,"pass_complete",11,FALSE,TRUE,TRUE,FALSE,FALSE,FALSE,FALSE,FALSE,FALSE,FALSE,,,,,,,"2nd and 20 at CMU42","Joey McGinnis I pass complete to Brendan McCullo for 11 yards to the F&M47.","play",10
"20251108_3ubg",63,6,2,1,,,,"Carnegie Mellon","Franklin & Marshall",3,9,47,FALSE,"rush",47,TRUE,FALSE,FALSE,FALSE,FALSE,FALSE,FALSE,FALSE,TRUE,FALSE,,,,,,,"3rd and 9 at F&M47","Joey McGinnis I rush for 47 yards to the F&M00, TOUCHDOWN, clock 06:14.","play",10
"20251108_3ubg",64,7,2,1,,,,"Carnegie Mellon","Franklin & Marshall",,,,,"extra_point",,FALSE,FALSE,FALSE,FALSE,FALSE,FALSE,FALSE,FALSE,FALSE,FALSE,,,,,,,"","Justin Caputo kick attempt good.","extra_point",10
"20251108_3ubg",65,8,2,1,,,,"Carnegie Mellon","Franklin & Marshall",,,,,"kickoff",,FALSE,FALSE,FALSE,FALSE,FALSE,FALSE,FALSE,FALSE,FALSE,FALSE,,,,,,,"","Noah Godhard kickoff 58 yards to the F&M07, James Sobieski return 28 yards to the F&M35 (Jack Lawson).","kickoff",10
"20251108_3ubg",66,1,2,1,,,,"Franklin & Marshall","Carnegie Mellon",1,10,65,FALSE,"pass_complete",2,FALSE,TRUE,TRUE,FALSE,FALSE,FALSE,FALSE,FALSE,FALSE,FALSE,,,,,,,"1st and 10 at F&M35","Ty Tremba pass complete to Jack Harrison for 2 yards to the F&M37 (Bennett Grace).","play",11
"20251108_3ubg",67,2,2,1,,,,"Franklin & Marshall","Carnegie Mellon",2,8,63,FALSE,"pass_complete",-3,FALSE,TRUE,TRUE,FALSE,FALSE,FALSE,FALSE,FALSE,FALSE,FALSE,,,,,,,"2nd and 8 at F&M37","Ty Tremba pass complete to Jack Harrison for loss of 3 yards to the F&M34 (DJ Johnson).","play",11
"20251108_3ubg",68,3,2,1,,,,"Franklin & Marshall","Carnegie Mellon",3,11,66,FALSE,"pass_complete",7,FALSE,TRUE,TRUE,FALSE,FALSE,FALSE,FALSE,FALSE,FALSE,FALSE,,,,,,,"3rd and 11 at F&M34","Ty Tremba pass complete to Louis Paris for 7 yards to the F&M41 (Leighton Tarke; Barrett Schmitz).","play",11
"20251108_3ubg",69,4,2,1,,,,"Franklin & Marshall","Carnegie Mellon",4,4,59,FALSE,"punt_with_return",,FALSE,FALSE,FALSE,FALSE,FALSE,FALSE,FALSE,FALSE,FALSE,FALSE,,,,,,,"4th and 4 at F&M41","Ivan Harlamov punt 43 yards to the CMU16, Cooper Rummel return 1 yards to the CMU17 (Oscar Marx).","play",11
"20251108_3ubg",70,1,2,1,,,,"Carnegie Mellon","Franklin & Marshall",1,10,83,FALSE,"pass_complete",22,FALSE,TRUE,TRUE,FALSE,FALSE,FALSE,FALSE,FALSE,FALSE,FALSE,,,,,,,"1st and 10 at CMU17","Joey McGinnis I pass complete to Reece Kolke for 22 yards to the CMU39 (Kyle Evancho), out-of-bounds.","play",12
"20251108_3ubg",71,2,2,1,,,,"Carnegie Mellon","Franklin & Marshall",1,10,61,FALSE,"pass_complete",3,FALSE,TRUE,TRUE,FALSE,FALSE,FALSE,FALSE,FALSE,FALSE,FALSE,,,,,,,"1st and 10 at CMU39","Joey McGinnis I pass complete to Brendan McCullo for 3 yards to the CMU42 (Trey Comella).","play",12
"20251108_3ubg",72,3,2,1,,,,"Carnegie Mellon","Franklin & Marshall",2,7,58,FALSE,"pass_complete",7,FALSE,TRUE,TRUE,FALSE,FALSE,FALSE,FALSE,FALSE,FALSE,FALSE,,,,,,,"2nd and 7 at CMU42","Joey McGinnis I pass complete to Willem Bouma for 7 yards to the CMU49 (Matt Wertz).","play",12
"20251108_3ubg",73,4,2,1,,,,"Carnegie Mellon","Franklin & Marshall",1,10,51,FALSE,"rush",3,TRUE,FALSE,FALSE,FALSE,FALSE,FALSE,FALSE,FALSE,FALSE,FALSE,,,,,,,"1st and 10 at CMU49","Willem Bouma rush for 3 yards to the F&M48 (Sam Keenan; Matt Wertz).","play",12
"20251108_3ubg",74,5,2,1,,,,"Carnegie Mellon","Franklin & Marshall",2,7,48,FALSE,"rush",-4,TRUE,FALSE,FALSE,FALSE,FALSE,FALSE,FALSE,FALSE,FALSE,FALSE,,,,,,,"2nd and 7 at F&M48","Joey McGinnis I rush for loss of 4 yards to the CMU48 (Kyle Checchio), PENALTY CMU blind side block declined.","play",12
"20251108_3ubg",75,6,2,1,,,,"Carnegie Mellon","Franklin & Marshall",3,11,52,FALSE,"pass_incomplete",0,FALSE,TRUE,FALSE,FALSE,FALSE,FALSE,FALSE,FALSE,FALSE,FALSE,,,,,,,"3rd and 11 at CMU48","Joey McGinnis I pass incomplete to Danny Moynihan (Trey Comella).","play",12
"20251108_3ubg",76,7,2,1,,,,"Carnegie Mellon","Franklin & Marshall",4,11,52,FALSE,"punt_no_return",,FALSE,FALSE,FALSE,FALSE,FALSE,FALSE,FALSE,FALSE,FALSE,FALSE,,,,,,,"4th and 11 at CMU48","John Norell punt 34 yards to the F&M18, downed.","play",12
"20251108_3ubg",77,1,2,1,,,,"Franklin & Marshall","Carnegie Mellon",1,10,82,FALSE,"pass_complete",7,FALSE,TRUE,TRUE,FALSE,FALSE,FALSE,FALSE,FALSE,FALSE,FALSE,,,,,,,"1st and 10 at F&M18","Ty Tremba pass complete to Jack Harrison for 7 yards to the F&M25 (Connor Warren; Leighton Tarke).","play",13
"20251108_3ubg",78,2,2,1,,,,"Franklin & Marshall","Carnegie Mellon",2,3,75,FALSE,"pass_complete",5,FALSE,TRUE,TRUE,FALSE,FALSE,FALSE,FALSE,FALSE,FALSE,FALSE,,,,,,,"2nd and 3 at F&M25","Ty Tremba pass complete to Gary Lewis for 5 yards to the F&M30 (Bennett Grace).","play",13
"20251108_3ubg",79,3,2,1,,,,"Franklin & Marshall","Carnegie Mellon",1,10,70,FALSE,"pass_incomplete",0,FALSE,TRUE,FALSE,FALSE,FALSE,FALSE,FALSE,FALSE,FALSE,FALSE,,,,,,,"1st and 10 at F&M30","Ty Tremba pass incomplete to Matt Eitner (Jacob Franze).","play",13
"20251108_3ubg",80,4,2,1,,,,"Franklin & Marshall","Carnegie Mellon",2,10,70,FALSE,"pass_complete",10,FALSE,TRUE,TRUE,FALSE,FALSE,FALSE,FALSE,FALSE,FALSE,FALSE,,,,,,,"2nd and 10 at F&M30","Ty Tremba pass complete to Anthony Valdez for 10 yards to the F&M40 (Jacob Franze).","play",13
"20251108_3ubg",81,5,2,1,,,,"Franklin & Marshall","Carnegie Mellon",1,10,60,FALSE,"pass_incomplete",0,FALSE,TRUE,FALSE,FALSE,FALSE,FALSE,FALSE,FALSE,FALSE,FALSE,,,,,,,"1st and 10 at F&M40","Ty Tremba pass incomplete to Jack Harrison (Mitchell Stokey).","play",13
"20251108_3ubg",82,6,2,1,,,,"Franklin & Marshall","Carnegie Mellon",2,10,60,FALSE,"pass_incomplete",0,FALSE,TRUE,FALSE,FALSE,FALSE,FALSE,FALSE,FALSE,FALSE,FALSE,,,,,,,"2nd and 10 at F&M40","Ty Tremba pass incomplete to Gary Lewis (Ethan Ming).","play",13
"20251108_3ubg",83,7,2,1,,,,"Franklin & Marshall","Carnegie Mellon",3,10,60,FALSE,"pass_incomplete",0,FALSE,TRUE,FALSE,FALSE,FALSE,FALSE,FALSE,FALSE,FALSE,FALSE,,,,,,,"3rd and 10 at F&M40","Ty Tremba pass incomplete to Oscar Marx, dropped pass.","play",13
"20251108_3ubg",84,8,2,1,,,,"Franklin & Marshall","Carnegie Mellon",4,10,60,FALSE,"punt_no_return",,FALSE,FALSE,FALSE,FALSE,FALSE,FALSE,FALSE,FALSE,FALSE,FALSE,,,,,,,"4th and 10 at F&M40","Ivan Harlamov punt 37 yards to the CMU23, fair catch by Cooper Rummel.","play",13
"20251108_3ubg",85,1,2,1,,,,"Carnegie Mellon","Franklin & Marshall",1,10,77,FALSE,"rush",6,TRUE,FALSE,FALSE,FALSE,FALSE,FALSE,FALSE,FALSE,FALSE,FALSE,,,,,,,"1st and 10 at CMU23","Giacomo Valente rush for 6 yards to the CMU29 (Kyle Checchio; Connor Hille), out-of-bounds.","play",14
"20251108_3ubg",86,2,3,2,,,,"Carnegie Mellon","Franklin & Marshall",,,,,"kickoff",,FALSE,FALSE,FALSE,FALSE,FALSE,FALSE,FALSE,FALSE,FALSE,FALSE,,,,,,,"","Ivan Harlamov kickoff 47 yards to the CMU18, DJ Johnson return 18 yards to the CMU36 (Connor Hille).","kickoff",14
"20251108_3ubg",87,1,3,2,,,,"Carnegie Mellon","Franklin & Marshall",1,10,64,FALSE,"rush",-2,TRUE,FALSE,FALSE,FALSE,FALSE,FALSE,FALSE,FALSE,FALSE,FALSE,,,,,,,"1st and 10 at CMU36","Giacomo Valente rush for loss of 2 yards to the CMU34 (Sam Keenan; Kyle Checchio).","play",15
"20251108_3ubg",88,2,3,2,,,,"Carnegie Mellon","Franklin & Marshall",2,12,66,FALSE,"rush",5,TRUE,FALSE,FALSE,FALSE,FALSE,FALSE,FALSE,FALSE,FALSE,FALSE,,,,,,,"2nd and 12 at CMU34","Joey McGinnis I rush for 5 yards to the CMU39 (Sam Keenan).","play",15
"20251108_3ubg",89,3,3,2,,,,"Carnegie Mellon","Franklin & Marshall",3,7,61,FALSE,"pass_intercepted",,FALSE,TRUE,FALSE,FALSE,TRUE,FALSE,TRUE,FALSE,FALSE,FALSE,,,,,,,"3rd and 7 at CMU39","Joey McGinnis I pass intercepted by Rafe Carner at the F&M46, Rafe Carner return 0 yards to the F&M46.","play",15
"20251108_3ubg",90,1,3,2,,,,"Franklin & Marshall","Carnegie Mellon",1,10,54,FALSE,"pass_complete",3,FALSE,TRUE,TRUE,FALSE,FALSE,FALSE,FALSE,FALSE,FALSE,FALSE,,,,,,,"1st and 10 at F&M46","Ty Tremba pass complete to Anthony Valdez for 3 yards to the F&M49 (Ethan Ming).","play",16
"20251108_3ubg",91,2,3,2,,,,"Franklin & Marshall","Carnegie Mellon",2,7,51,FALSE,"rush",3,FALSE,FALSE,FALSE,FALSE,FALSE,FALSE,FALSE,FALSE,FALSE,FALSE,,,,,,,"2nd and 7 at F&M49","Ty Tremba rush for 3 yards to the CMU48, PENALTY F&M holding (Ben Ostroski) 10 yards to the F&M39, NO PLAY.","play",16
"20251108_3ubg",92,3,3,2,,,,"Franklin & Marshall","Carnegie Mellon",2,17,61,FALSE,"rush",12,TRUE,FALSE,FALSE,FALSE,FALSE,FALSE,FALSE,FALSE,FALSE,FALSE,,,,,,,"2nd and 17 at F&M39","Ty Tremba rush for 12 yards to the CMU49 (Jack Lawson), PENALTY CMU targeting (Jack Lawson) 15 yards to the CMU34.","play",16
"20251108_3ubg",93,4,3,2,,,,"Franklin & Marshall","Carnegie Mellon",1,10,34,FALSE,"rush",6,TRUE,FALSE,FALSE,FALSE,FALSE,FALSE,FALSE,FALSE,FALSE,FALSE,,,,,,,"1st and 10 at CMU34","Gary Lewis rush for 6 yards to the CMU28 (Mitchell Stokey).","play",16
"20251108_3ubg",94,5,3,2,,,,"Franklin & Marshall","Carnegie Mellon",2,4,28,FALSE,"pass_complete",28,FALSE,TRUE,TRUE,FALSE,FALSE,FALSE,FALSE,FALSE,TRUE,FALSE,,,,,,,"2nd and 4 at CMU28","Ty Tremba pass complete to Gary Lewis for 28 yards to the CMU00, TOUCHDOWN, clock 11:43.","play",16
"20251108_3ubg",95,6,3,2,,,,"Franklin & Marshall","Carnegie Mellon",,,,,"extra_point",,FALSE,FALSE,FALSE,FALSE,FALSE,FALSE,FALSE,FALSE,FALSE,FALSE,,,,,,,"","Michael Fleming kick attempt good.","extra_point",16
"20251108_3ubg",96,7,3,2,,,,"Franklin & Marshall","Carnegie Mellon",,,,,"kickoff",,FALSE,FALSE,FALSE,FALSE,FALSE,FALSE,FALSE,FALSE,FALSE,FALSE,,,,,,,"","Ivan Harlamov kickoff 59 yards to the CMU06, Nick McCullough return 24 yards to the CMU30 (Anthony Valdez).","kickoff",16
"20251108_3ubg",97,1,3,2,,,,"Carnegie Mellon","Franklin & Marshall",1,10,70,FALSE,"rush",10,TRUE,FALSE,FALSE,FALSE,FALSE,FALSE,FALSE,FALSE,FALSE,FALSE,,,,,,,"1st and 10 at CMU30","Joey McGinnis I rush for 10 yards to the CMU40 (Connor Hille).","play",17
"20251108_3ubg",98,2,3,2,,,,"Carnegie Mellon","Franklin & Marshall",1,10,60,FALSE,"pass_complete",16,FALSE,TRUE,TRUE,FALSE,FALSE,FALSE,FALSE,FALSE,FALSE,FALSE,,,,,,,"1st and 10 at CMU40","Joey McGinnis I pass complete to Brendan McCullo for 16 yards to the F&M44 (Matt Wertz), out-of-bounds.","play",17
"20251108_3ubg",99,3,3,2,,,,"Carnegie Mellon","Franklin & Marshall",1,10,44,FALSE,"pass_complete",10,FALSE,TRUE,TRUE,FALSE,FALSE,FALSE,FALSE,FALSE,FALSE,FALSE,,,,,,,"1st and 10 at F&M44","Joey McGinnis I pass complete to Danny Moynihan for 10 yards to the F&M34 (Connor Hille).","play",17
"20251108_3ubg",100,4,3,2,,,,"Carnegie Mellon","Franklin & Marshall",1,10,34,FALSE,"pass_complete",6,FALSE,TRUE,TRUE,FALSE,FALSE,FALSE,FALSE,FALSE,FALSE,FALSE,,,,,,,"1st and 10 at F&M34","Joey McGinnis I pass complete to Nick McCullough for 6 yards to the F&M28 (Connor Hille).","play",17
"20251108_3ubg",101,5,3,2,,,,"Carnegie Mellon","Franklin & Marshall",2,4,28,FALSE,"rush",4,TRUE,FALSE,FALSE,FALSE,FALSE,FALSE,FALSE,FALSE,FALSE,FALSE,,,,,,,"2nd and 4 at F&M28","Joey McGinnis I rush for 4 yards to the F&M24, out-of-bounds.","play",17
"20251108_3ubg",102,6,3,2,,,,"Carnegie Mellon","Franklin & Marshall",1,10,24,FALSE,"pass_incomplete",0,FALSE,TRUE,FALSE,FALSE,FALSE,FALSE,FALSE,FALSE,FALSE,FALSE,,,,,,,"1st and 10 at F&M24","Joey McGinnis I pass incomplete to Nick McCullough.","play",17
"20251108_3ubg",103,7,3,2,,,,"Carnegie Mellon","Franklin & Marshall",2,10,24,FALSE,"pass_complete",24,FALSE,TRUE,TRUE,FALSE,FALSE,FALSE,FALSE,FALSE,TRUE,FALSE,,,,,,,"2nd and 10 at F&M24","Joey McGinnis I pass complete to Brendan McCullo for 24 yards to the F&M00, TOUCHDOWN, clock 09:00.","play",17
"20251108_3ubg",104,8,3,2,,,,"Carnegie Mellon","Franklin & Marshall",,,,,"extra_point",,FALSE,FALSE,FALSE,FALSE,FALSE,FALSE,FALSE,FALSE,FALSE,FALSE,,,,,,,"","Justin Caputo kick attempt good.","extra_point",17
"20251108_3ubg",105,9,3,2,,,,"Carnegie Mellon","Franklin & Marshall",,,,,"kickoff",,FALSE,FALSE,FALSE,FALSE,FALSE,FALSE,FALSE,FALSE,FALSE,FALSE,,,,,,,"","Noah Godhard kickoff 65 yards to the F&M00, touchback.","kickoff",17
"20251108_3ubg",106,1,3,2,,,,"Franklin & Marshall","Carnegie Mellon",1,10,75,FALSE,"pass_incomplete",0,FALSE,TRUE,FALSE,FALSE,FALSE,FALSE,FALSE,FALSE,FALSE,FALSE,,,,,,,"1st and 10 at F&M25","Ty Tremba pass incomplete to Jack Harrison (Mitchell Stokey).","play",18
"20251108_3ubg",107,2,3,2,,,,"Franklin & Marshall","Carnegie Mellon",2,10,75,FALSE,"rush",2,TRUE,FALSE,FALSE,FALSE,FALSE,FALSE,FALSE,FALSE,FALSE,FALSE,,,,,,,"2nd and 10 at F&M25","Louis Paris rush for 2 yards to the F&M27 (Lucas Hazard; Logan Armstrong).","play",18
"20251108_3ubg",108,3,3,2,,,,"Franklin & Marshall","Carnegie Mellon",3,8,73,FALSE,"pass_complete",12,FALSE,TRUE,TRUE,FALSE,FALSE,FALSE,FALSE,FALSE,FALSE,FALSE,,,,,,,"3rd and 8 at F&M27","Ty Tremba pass complete to Jack Harrison for 12 yards to the F&M39 (DJ Johnson).","play",18
"20251108_3ubg",109,4,3,2,,,,"Franklin & Marshall","Carnegie Mellon",1,10,61,FALSE,"pass_complete",4,FALSE,TRUE,TRUE,FALSE,FALSE,FALSE,FALSE,FALSE,FALSE,FALSE,,,,,,,"1st and 10 at F&M39","Ty Tremba pass complete to Louis Paris for 4 yards to the F&M43 (Connor Warren).","play",18
"20251108_3ubg",110,5,3,2,,,,"Franklin & Marshall","Carnegie Mellon",2,6,57,FALSE,"pass_complete",1,FALSE,TRUE,TRUE,FALSE,FALSE,FALSE,FALSE,FALSE,FALSE,FALSE,,,,,,,"2nd and 6 at F&M43","Ty Tremba pass complete to Hudson Zawadzka for 1 yard to the F&M44 (Archie Lawler; Barrett Schmitz).","play",18
"20251108_3ubg",111,6,3,2,,,,"Franklin & Marshall","Carnegie Mellon",3,5,56,FALSE,"pass_complete",13,FALSE,TRUE,TRUE,FALSE,FALSE,FALSE,FALSE,FALSE,FALSE,FALSE,,,,,,,"3rd and 5 at F&M44","Ty Tremba pass complete to Louis Paris for 13 yards to the CMU43 (Archie Lawler), PENALTY CMU roughing the passer (Leighton Tarke) 15 yards to the CMU28.","play",18
"20251108_3ubg",112,7,3,2,,,,"Franklin & Marshall","Carnegie Mellon",1,10,28,FALSE,"rush",10,TRUE,FALSE,FALSE,FALSE,FALSE,TRUE,FALSE,FALSE,FALSE,FALSE,,,,,,,"1st and 10 at CMU28","Ty Tremba rush for 10 yards to the CMU18, fumble forced by Bennett Grace, fumble by Ty Tremba recovered by F&M Ty Tremba at CMU16 (Bennett Grace).","play",18
"20251108_3ubg",113,8,3,2,,,,"Franklin & Marshall","Carnegie Mellon",1,10,16,FALSE,"pass_complete",6,FALSE,TRUE,TRUE,FALSE,FALSE,FALSE,FALSE,FALSE,FALSE,FALSE,,,,,,,"1st and 10 at CMU16","Ty Tremba pass complete to Gary Lewis for 6 yards to the CMU10 (Ethan Ming).","play",18
"20251108_3ubg",114,9,3,2,,,,"Franklin & Marshall","Carnegie Mellon",2,4,10,FALSE,"pass_complete",3,FALSE,TRUE,TRUE,FALSE,FALSE,FALSE,FALSE,FALSE,FALSE,FALSE,,,,,,,"2nd and 4 at CMU10","Ty Tremba pass complete to Gary Lewis for 3 yards to the CMU07 (Jacob Franze).","play",18
"20251108_3ubg",115,10,3,2,,,,"Franklin & Marshall","Carnegie Mellon",3,1,7,FALSE,"rush",0,TRUE,FALSE,FALSE,FALSE,FALSE,FALSE,FALSE,FALSE,FALSE,FALSE,,,,,,,"3rd and 1 at CMU07","Ty Tremba rush for no gain to the CMU07 (Leighton Tarke).","play",18
"20251108_3ubg",116,11,3,2,,,,"Franklin & Marshall","Carnegie Mellon",4,1,7,FALSE,"field_goal_good",,FALSE,FALSE,FALSE,FALSE,FALSE,FALSE,FALSE,FALSE,FALSE,FALSE,,,,,,,"4th and 1 at CMU07","Michael Fleming field goal attempt from 24 GOOD, clock 03:10.","play",18
"20251108_3ubg",117,12,3,2,,,,"Franklin & Marshall","Carnegie Mellon",,,,,"kickoff",,FALSE,FALSE,FALSE,FALSE,FALSE,TRUE,TRUE,FALSE,FALSE,FALSE,,,,,,,"","Ivan Harlamov kickoff 56 yards to the CMU09, Cooper Rummel return 13 yards to the CMU22, fumble forced by Nick Aravides, fumble by Cooper Rummel recovered by F&M Rafe Carner at CMU30.","kickoff",18
"20251108_3ubg",118,1,3,2,,,,"Franklin & Marshall","Carnegie Mellon",1,10,30,FALSE,"pass_intercepted",,FALSE,TRUE,FALSE,FALSE,TRUE,FALSE,TRUE,FALSE,FALSE,FALSE,,,,,,,"1st and 10 at CMU30","Ty Tremba pass intercepted by Archie Lawler at the CMU23, Archie Lawler return 0 yards to the CMU23.","play",19
"20251108_3ubg",119,1,3,2,,,,"Carnegie Mellon","Franklin & Marshall",1,10,77,FALSE,"pass_complete",16,FALSE,TRUE,TRUE,FALSE,FALSE,FALSE,FALSE,FALSE,FALSE,FALSE,,,,,,,"1st and 10 at CMU23","Joey McGinnis I pass complete to Reece Kolke for 16 yards to the CMU39 (Trey Comella).","play",20
"20251108_3ubg",120,2,3,2,,,,"Carnegie Mellon","Franklin & Marshall",1,10,61,FALSE,"pass_incomplete",0,FALSE,TRUE,FALSE,FALSE,FALSE,FALSE,FALSE,FALSE,FALSE,FALSE,,,,,,,"1st and 10 at CMU39","Joey McGinnis I pass incomplete to Danny Moynihan.","play",20
"20251108_3ubg",121,3,3,2,,,,"Carnegie Mellon","Franklin & Marshall",2,10,61,FALSE,"pass_complete",17,FALSE,TRUE,TRUE,FALSE,FALSE,FALSE,FALSE,FALSE,FALSE,FALSE,,,,,,,"2nd and 10 at CMU39","Joey McGinnis I pass complete to Brendan McCullo for 17 yards to the F&M44 (Oscar Marx), out-of-bounds.","play",20
"20251108_3ubg",122,4,3,2,,,,"Carnegie Mellon","Franklin & Marshall",1,10,44,FALSE,"rush",14,TRUE,FALSE,FALSE,FALSE,FALSE,FALSE,FALSE,FALSE,FALSE,FALSE,,,,,,,"1st and 10 at F&M44","Joey McGinnis I rush for 14 yards to the F&M30, out-of-bounds.","play",20
"20251108_3ubg",123,5,3,2,,,,"Carnegie Mellon","Franklin & Marshall",1,10,30,FALSE,"pass_incomplete",0,FALSE,TRUE,FALSE,FALSE,FALSE,FALSE,FALSE,FALSE,FALSE,FALSE,,,,,,,"1st and 10 at F&M30","Joey McGinnis I pass incomplete to Carter Sheets.","play",20
"20251108_3ubg",124,6,3,2,,,,"Carnegie Mellon","Franklin & Marshall",2,10,30,FALSE,"pass_complete",30,FALSE,TRUE,TRUE,FALSE,FALSE,FALSE,FALSE,FALSE,TRUE,FALSE,,,,,,,"2nd and 10 at F&M30","Joey McGinnis I pass complete to Nick McCullough for 30 yards to the F&M00, TOUCHDOWN, clock 01:06.","play",20
"20251108_3ubg",125,7,3,2,,,,"Carnegie Mellon","Franklin & Marshall",,,,,"extra_point",,FALSE,FALSE,FALSE,FALSE,FALSE,FALSE,FALSE,FALSE,FALSE,FALSE,,,,,,,"","Justin Caputo kick attempt good.","extra_point",20
"20251108_3ubg",126,8,3,2,,,,"Carnegie Mellon","Franklin & Marshall",,,,,"kickoff",,FALSE,FALSE,FALSE,FALSE,FALSE,FALSE,FALSE,FALSE,FALSE,FALSE,,,,,,,"","Noah Godhard kickoff 65 yards to the F&M00, touchback.","kickoff",20
"20251108_3ubg",127,1,3,2,,,,"Franklin & Marshall","Carnegie Mellon",1,10,75,FALSE,"pass_complete",3,FALSE,TRUE,TRUE,FALSE,FALSE,FALSE,FALSE,FALSE,FALSE,FALSE,,,,,,,"1st and 10 at F&M25","Ty Tremba pass complete to Louis Paris for 3 yards to the F&M28 (Ty Kadur).","play",21
"20251108_3ubg",128,2,3,2,,,,"Franklin & Marshall","Carnegie Mellon",2,7,72,FALSE,"rush",6,TRUE,FALSE,FALSE,FALSE,FALSE,FALSE,FALSE,FALSE,FALSE,FALSE,,,,,,,"2nd and 7 at F&M28","Louis Paris rush for 6 yards to the F&M34 (Gabe Bonnet).","play",21
"20251108_3ubg",129,3,4,2,,,,"Franklin & Marshall","Carnegie Mellon",3,1,66,FALSE,"rush",2,TRUE,FALSE,FALSE,FALSE,FALSE,FALSE,FALSE,FALSE,FALSE,FALSE,,,,,,,"3rd and 1 at F&M34","Louis Paris rush for 2 yards to the F&M36 (Leighton Tarke; Jacob Franze).","play",21
"20251108_3ubg",130,4,4,2,,,,"Franklin & Marshall","Carnegie Mellon",1,10,64,FALSE,"pass_incomplete",0,FALSE,TRUE,FALSE,FALSE,FALSE,FALSE,FALSE,FALSE,FALSE,FALSE,,,,,,,"1st and 10 at F&M36","Ty Tremba pass incomplete to Matt Eitner (Gabe Bonnet).","play",21
"20251108_3ubg",131,5,4,2,,,,"Franklin & Marshall","Carnegie Mellon",2,10,64,FALSE,"pass_incomplete",0,FALSE,TRUE,FALSE,FALSE,FALSE,FALSE,FALSE,FALSE,FALSE,FALSE,,,,,,,"2nd and 10 at F&M36","Ty Tremba pass incomplete to Louis Paris (Bennett Grace).","play",21
"20251108_3ubg",132,6,4,2,,,,"Franklin & Marshall","Carnegie Mellon",3,10,64,FALSE,"pass_incomplete",0,FALSE,TRUE,FALSE,FALSE,FALSE,FALSE,FALSE,FALSE,FALSE,FALSE,,,,,,,"3rd and 10 at F&M36","Ty Tremba pass incomplete to Hudson Zawadzka, QB hurry by Logan Armstrong.","play",21
"20251108_3ubg",133,7,4,2,,,,"Franklin & Marshall","Carnegie Mellon",4,10,64,FALSE,"punt_with_return",,FALSE,FALSE,FALSE,FALSE,FALSE,FALSE,FALSE,FALSE,FALSE,FALSE,,,,,,,"4th and 10 at F&M36","Ivan Harlamov punt 41 yards to the CMU23, Cooper Rummel return 11 yards to the CMU34 (Nathan Schultz).","play",21
"20251108_3ubg",134,1,4,2,,,,"Carnegie Mellon","Franklin & Marshall",1,10,66,FALSE,"rush",0,TRUE,FALSE,FALSE,FALSE,FALSE,FALSE,FALSE,FALSE,FALSE,FALSE,,,,,,,"1st and 10 at CMU34","Joey McGinnis I rush for no gain to the CMU34 (Sam Keenan; Austin Hadley).","play",22
"20251108_3ubg",135,2,4,2,,,,"Carnegie Mellon","Franklin & Marshall",2,10,66,FALSE,"rush",4,TRUE,FALSE,FALSE,FALSE,FALSE,FALSE,FALSE,FALSE,FALSE,FALSE,,,,,,,"2nd and 10 at CMU34","Joey McGinnis I rush for 4 yards to the CMU38 (Trey Comella), out-of-bounds.","play",22
"20251108_3ubg",136,3,4,2,,,,"Carnegie Mellon","Franklin & Marshall",3,6,62,FALSE,"pass_incomplete",0,FALSE,TRUE,FALSE,FALSE,FALSE,FALSE,FALSE,FALSE,FALSE,FALSE,,,,,,,"3rd and 6 at CMU38","Joey McGinnis I pass incomplete to Nick Jones.","play",22
"20251108_3ubg",137,4,4,2,,,,"Carnegie Mellon","Franklin & Marshall",4,6,62,FALSE,"punt_no_return",,FALSE,FALSE,FALSE,FALSE,FALSE,FALSE,FALSE,FALSE,FALSE,FALSE,,,,,,,"4th and 6 at CMU38","John Norell punt 35 yards to the F&M27, out-of-bounds.","play",22
"20251108_3ubg",138,1,4,2,,,,"Franklin & Marshall","Carnegie Mellon",1,10,73,FALSE,"rush",18,TRUE,FALSE,FALSE,FALSE,FALSE,FALSE,FALSE,FALSE,FALSE,FALSE,,,,,,,"1st and 10 at F&M27","Anthony Valdez rush for 18 yards to the F&M45 (Connor Warren).","play",23
"20251108_3ubg",139,2,4,2,,,,"Franklin & Marshall","Carnegie Mellon",1,10,55,FALSE,"pass_incomplete",0,FALSE,TRUE,FALSE,FALSE,FALSE,FALSE,FALSE,FALSE,FALSE,FALSE,,,,,,,"1st and 10 at F&M45","Ty Tremba pass incomplete to Gary Lewis.","play",23
"20251108_3ubg",140,3,4,2,,,,"Franklin & Marshall","Carnegie Mellon",2,10,55,FALSE,"pass_complete",5,FALSE,TRUE,TRUE,FALSE,FALSE,FALSE,FALSE,FALSE,FALSE,FALSE,,,,,,,"2nd and 10 at F&M45","Ty Tremba pass complete to Jack Harrison for 5 yards to the 50 yardline (DJ Johnson).","play",23
"20251108_3ubg",141,4,4,2,,,,"Franklin & Marshall","Carnegie Mellon",3,5,50,FALSE,"pass_incomplete",0,FALSE,TRUE,FALSE,FALSE,FALSE,FALSE,FALSE,FALSE,FALSE,FALSE,,,,,,,"3rd and 5 at F&M50","Ty Tremba pass incomplete to Jack Harrison.","play",23
"20251108_3ubg",142,5,4,2,,,,"Franklin & Marshall","Carnegie Mellon",4,5,50,FALSE,"punt_no_return",,FALSE,FALSE,FALSE,FALSE,FALSE,FALSE,FALSE,FALSE,FALSE,FALSE,,,,,,,"4th and 5 at F&M50","Ivan Harlamov punt 31 yards to the CMU19, fair catch by Cooper Rummel.","play",23
"20251108_3ubg",143,1,4,2,,,,"Carnegie Mellon","Franklin & Marshall",1,10,81,FALSE,"sack",-9,FALSE,FALSE,FALSE,TRUE,FALSE,FALSE,FALSE,FALSE,FALSE,FALSE,,,,,,,"1st and 10 at CMU19","Joey McGinnis I sacked for loss of 9 yards to the CMU10 (Austin Hadley).","play",24
"20251108_3ubg",144,2,4,2,,,,"Carnegie Mellon","Franklin & Marshall",2,19,90,FALSE,"pass_incomplete",0,FALSE,TRUE,FALSE,FALSE,FALSE,FALSE,FALSE,FALSE,FALSE,FALSE,,,,,,,"2nd and 19 at CMU10","Joey McGinnis I pass incomplete to Reece Kolke.","play",24
"20251108_3ubg",145,3,4,2,,,,"Carnegie Mellon","Franklin & Marshall",3,19,90,FALSE,"pass_incomplete",0,FALSE,TRUE,FALSE,FALSE,FALSE,FALSE,FALSE,FALSE,FALSE,FALSE,,,,,,,"3rd and 19 at CMU10","Joey McGinnis I pass incomplete to Reece Kolke, dropped pass.","play",24
"20251108_3ubg",146,4,4,2,,,,"Carnegie Mellon","Franklin & Marshall",4,19,90,FALSE,"punt_no_return",,FALSE,FALSE,FALSE,FALSE,FALSE,FALSE,FALSE,FALSE,FALSE,FALSE,,,,,,,"4th and 19 at CMU10","John Norell punt 38 yards to the CMU48, fair catch by Chris Albero.","play",24
"20251108_3ubg",147,1,4,2,,,,"Franklin & Marshall","Carnegie Mellon",1,10,48,FALSE,"rush",3,FALSE,FALSE,FALSE,FALSE,FALSE,FALSE,FALSE,FALSE,FALSE,FALSE,,,,,,,"1st and 10 at CMU48","Louis Paris rush for 3 yards to the CMU45 (Ethan Ming), PENALTY F&M holding (Chris Logue) 10 yards to the F&M42, NO PLAY.","play",25
"20251108_3ubg",148,2,4,2,,,,"Franklin & Marshall","Carnegie Mellon",1,20,58,FALSE,"pass_incomplete",0,FALSE,TRUE,FALSE,FALSE,FALSE,FALSE,FALSE,FALSE,FALSE,FALSE,,,,,,,"1st and 20 at F&M42","Ty Tremba pass incomplete to Gary Lewis.","play",25
"20251108_3ubg",149,3,4,2,,,,"Franklin & Marshall","Carnegie Mellon",2,20,58,FALSE,"rush",11,TRUE,FALSE,FALSE,FALSE,FALSE,FALSE,FALSE,FALSE,FALSE,FALSE,,,,,,,"2nd and 20 at F&M42","Louis Paris rush for 11 yards to the CMU47 (Archie Lawler).","play",25
"20251108_3ubg",150,4,4,2,,,,"Franklin & Marshall","Carnegie Mellon",3,9,47,FALSE,"pass_intercepted",,FALSE,TRUE,FALSE,FALSE,TRUE,FALSE,TRUE,FALSE,FALSE,FALSE,,,,,,,"3rd and 9 at CMU47","Ty Tremba pass intercepted by Leighton Tarke at the CMU35, Leighton Tarke return 40 yards to the F&M25, PENALTY CMU illegal block (DJ Johnson) 10 yards to the F&M35.","play",25
"20251108_3ubg",151,1,4,2,,,,"Carnegie Mellon","Franklin & Marshall",1,10,35,FALSE,"rush",3,TRUE,FALSE,FALSE,FALSE,FALSE,FALSE,FALSE,FALSE,FALSE,FALSE,,,,,,,"1st and 10 at F&M35","Joey McGinnis I rush for 3 yards to the F&M32 (Chris Albero), out-of-bounds.","play",26
"20251108_3ubg",152,2,4,2,,,,"Carnegie Mellon","Franklin & Marshall",2,7,32,FALSE,"rush",5,TRUE,FALSE,FALSE,FALSE,FALSE,FALSE,FALSE,FALSE,FALSE,FALSE,,,,,,,"2nd and 7 at F&M32","Joey McGinnis I rush for 5 yards to the F&M27 (Austin Hadley).","play",26
"20251108_3ubg",153,3,4,2,,,,"Carnegie Mellon","Franklin & Marshall",3,2,27,FALSE,"rush",1,TRUE,FALSE,FALSE,FALSE,FALSE,FALSE,FALSE,FALSE,FALSE,FALSE,,,,,,,"3rd and 2 at F&M27","Joey McGinnis I rush for 1 yard to the F&M26 (Oscar Marx).","play",26
"20251108_3ubg",154,4,4,2,,,,"Carnegie Mellon","Franklin & Marshall",4,1,26,FALSE,"rush",2,TRUE,FALSE,FALSE,FALSE,FALSE,FALSE,FALSE,FALSE,FALSE,FALSE,,,,,,,"4th and 1 at F&M26","Mark Wamhoff rush for 2 yards to the F&M24 (Kyle Checchio).","play",26
"20251108_3ubg",155,5,4,2,,,,"Carnegie Mellon","Franklin & Marshall",1,10,24,FALSE,"rush",1,TRUE,FALSE,FALSE,FALSE,FALSE,FALSE,FALSE,FALSE,FALSE,FALSE,,,,,,,"1st and 10 at F&M24","Joey McGinnis I rush for 1 yard to the F&M23 (Kyle Evancho), out-of-bounds.","play",26
"20251108_3ubg",156,6,4,2,,,,"Carnegie Mellon","Franklin & Marshall",2,9,23,FALSE,"sack",-5,FALSE,FALSE,FALSE,TRUE,FALSE,FALSE,FALSE,FALSE,FALSE,FALSE,,,,,,,"2nd and 9 at F&M23","Joey McGinnis I sacked for loss of 5 yards to the F&M28 (Kyle Checchio).","play",26
"20251108_3ubg",157,7,4,2,,,,"Carnegie Mellon","Franklin & Marshall",3,14,28,FALSE,"pass_incomplete",0,FALSE,TRUE,FALSE,FALSE,FALSE,FALSE,FALSE,FALSE,FALSE,FALSE,,,,,,,"3rd and 14 at F&M28","Joey McGinnis I pass incomplete to Avery Campbell.","play",26
"20251108_3ubg",158,8,4,2,,,,"Carnegie Mellon","Franklin & Marshall",4,14,28,FALSE,"field_goal_good",,FALSE,FALSE,FALSE,FALSE,FALSE,FALSE,FALSE,FALSE,FALSE,FALSE,,,,,,,"4th and 14 at F&M28","Justin Caputo field goal attempt from 45 GOOD, clock 04:36.","play",26
"20251108_3ubg",159,9,4,2,,,,"Carnegie Mellon","Franklin & Marshall",,,,,"kickoff",,FALSE,FALSE,FALSE,FALSE,FALSE,FALSE,FALSE,FALSE,FALSE,FALSE,,,,,,,"","Noah Godhard kickoff 65 yards to the F&M00, touchback.","kickoff",26
"20251108_3ubg",160,1,4,2,,,,"Franklin & Marshall","Carnegie Mellon",1,10,75,FALSE,"pass_complete",15,FALSE,TRUE,TRUE,FALSE,FALSE,FALSE,FALSE,FALSE,FALSE,FALSE,,,,,,,"1st and 10 at F&M25","Ty Tremba pass complete to Matt Eitner for 15 yards to the F&M40, out-of-bounds.","play",27
"20251108_3ubg",161,2,4,2,,,,"Franklin & Marshall","Carnegie Mellon",1,10,60,FALSE,"rush",7,TRUE,FALSE,FALSE,FALSE,FALSE,FALSE,FALSE,FALSE,FALSE,FALSE,,,,,,,"1st and 10 at F&M40","Louis Paris rush for 7 yards to the F&M47 (Connor Warren; Jacob Franze).","play",27
"20251108_3ubg",162,3,4,2,,,,"Franklin & Marshall","Carnegie Mellon",2,3,53,FALSE,"rush",6,TRUE,FALSE,FALSE,FALSE,FALSE,FALSE,FALSE,FALSE,FALSE,FALSE,,,,,,,"2nd and 3 at F&M47","Louis Paris rush for 6 yards to the CMU47 (Barrett Schmitz).","play",27
"20251108_3ubg",163,4,4,2,,,,"Franklin & Marshall","Carnegie Mellon",1,10,47,FALSE,"pass_complete",24,FALSE,TRUE,TRUE,FALSE,FALSE,FALSE,FALSE,FALSE,FALSE,FALSE,,,,,,,"1st and 10 at CMU47","Ty Tremba pass complete to Jack Harrison for 24 yards to the CMU23 (Ethan Ming).","play",27
"20251108_3ubg",164,5,4,2,,,,"Franklin & Marshall","Carnegie Mellon",1,10,23,FALSE,"rush",23,TRUE,FALSE,FALSE,FALSE,FALSE,FALSE,FALSE,FALSE,TRUE,FALSE,,,,,,,"1st and 10 at CMU23","Anthony Valdez rush for 23 yards to the CMU00, TOUCHDOWN, clock 01:55.","play",27
"20251108_3ubg",165,6,4,2,,,,"Franklin & Marshall","Carnegie Mellon",,,,,"two_point",,FALSE,FALSE,FALSE,FALSE,FALSE,FALSE,FALSE,FALSE,FALSE,FALSE,,,,,,,"","Hudson Zawadzka pass attempt to Ben Shutt good.","two_point",27
"20251108_3ubg",166,7,4,2,,,,"Franklin & Marshall","Carnegie Mellon",,,,,"kickoff",,FALSE,FALSE,FALSE,FALSE,FALSE,FALSE,FALSE,FALSE,FALSE,FALSE,,,,,,,"","Ivan Harlamov kickoff 59 yards to the CMU06, Nick McCullough return 51 yards to the F&M43 (Ivan Harlamov), PENALTY F&M face mask 15 yards to the F&M28.","kickoff",27
"20251108_3ubg",167,1,4,2,,,,"Carnegie Mellon","Franklin & Marshall",1,10,28,FALSE,"rush",3,TRUE,FALSE,FALSE,FALSE,FALSE,FALSE,FALSE,FALSE,FALSE,FALSE,,,,,,,"1st and 10 at F&M28","Joey McGinnis I rush for 3 yards to the F&M25 (Matt Wertz).","play",28
"20251108_3ubg",168,2,4,2,,,,"Carnegie Mellon","Franklin & Marshall",2,7,25,FALSE,"rush",-6,TRUE,FALSE,FALSE,FALSE,FALSE,FALSE,FALSE,FALSE,FALSE,FALSE,,,,,,,"2nd and 7 at F&M25","Joey McGinnis I rush for loss of 6 yards to the F&M31 (Austin Hadley).","play",28
"20251108_3ubg",169,3,4,2,,,,"Carnegie Mellon","Franklin & Marshall",3,13,31,FALSE,"pass_intercepted",,FALSE,TRUE,FALSE,FALSE,TRUE,FALSE,TRUE,FALSE,FALSE,FALSE,,,,,,,"3rd and 13 at F&M31","Joey McGinnis I pass intercepted by Connor Hille at the F&M13, Connor Hille return 1 yards to the F&M14.","play",28
"20251108_3ubg",170,1,4,2,,,,"Franklin & Marshall","Carnegie Mellon",1,10,86,FALSE,"rush",0,TRUE,FALSE,FALSE,FALSE,FALSE,FALSE,FALSE,FALSE,FALSE,FALSE,,,,,,,"1st and 10 at F&M14","Louis Paris rush for no gain to the F&M14 (Jacob Franze).","play",29
"20251108_3ubg",171,2,4,2,,,,"Franklin & Marshall","Carnegie Mellon",2,10,86,FALSE,"rush",0,TRUE,FALSE,FALSE,FALSE,FALSE,FALSE,FALSE,FALSE,FALSE,FALSE,,,,,,,"2nd and 10 at F&M14","Louis Paris rush for no gain to the F&M14 (Lucas Hazard; Leighton Tarke).","play",29
"20251108_3ubg",172,3,4,2,,,,"Franklin & Marshall","Carnegie Mellon",3,10,86,FALSE,"rush",-8,TRUE,FALSE,FALSE,FALSE,FALSE,FALSE,FALSE,FALSE,FALSE,FALSE,,,,,,,"3rd and 10 at F&M14","Ty Tremba rush for loss of 8 yards to the F&M06 (Connor Warren).","play",29
