"game_id","season","game_date","week","season_type","home","away","home_team_conference","away_team_conference","conference_game","play_index","drive_number","drive_play_number","period","half","clock_start","clock_end","clock_upper","clock_lower","pos_team","def_pos_team","pos_team_score","def_pos_team_score","score_diff","down","distance","yards_to_goal","Goal_To_Go","down_end","distance_end","yards_to_goal_end","play_type","scrimmage_play","yards_gained","rush","pass","completion","sack","int","fumble_vec","turnover","downs_turnover","touchdown","safety","field_goal_attempt","field_goal_made","punt","scoring_play","score_pts","firstD_by_yards","firstD_by_penalty","penalty_flag","penalty_yards_signed","penalized_team","penalty_no_play","penalty_declined","penalty_text","drive_result","situation","play_text"
"20250920_l58t",2025,"2025-09-20",3,"regular","Carnegie Mellon","Berry","Centennial Conference","Southern Athletic Association",FALSE,1,1,1,1,1,"15:00","15:00","15:00","15:00","Berry","Carnegie Mellon",0,0,0,,,,,1,10,75,"kickoff",FALSE,,FALSE,FALSE,FALSE,FALSE,FALSE,FALSE,FALSE,FALSE,FALSE,FALSE,FALSE,FALSE,FALSE,FALSE,0,FALSE,FALSE,FALSE,,,FALSE,,,"PUNT","","Noah Godhard kickoff 65 yards to the BERRY00, touchback."
"20250920_l58t",2025,"2025-09-20",3,"regular","Carnegie Mellon","Berry","Centennial Conference","Southern Athletic Association",FALSE,2,1,2,1,1,"15:00",,"15:00","15:00","Berry","Carnegie Mellon",0,0,0,1,10,75,FALSE,2,8,73,"rush",TRUE,2,TRUE,FALSE,FALSE,FALSE,FALSE,FALSE,FALSE,FALSE,FALSE,FALSE,FALSE,FALSE,FALSE,FALSE,0,FALSE,FALSE,FALSE,,,FALSE,,,"PUNT","1st and 10 at BERRY25","Josh Rogers rush for 2 yards to the BERRY27 (Leighton Tarke; Victor Ruhland)."
"20250920_l58t",2025,"2025-09-20",3,"regular","Carnegie Mellon","Berry","Centennial Conference","Southern Athletic Association",FALSE,3,1,3,1,1,,,"15:00","09:03","Berry","Carnegie Mellon",0,0,0,2,8,73,FALSE,3,3,68,"pass_complete",TRUE,5,FALSE,TRUE,TRUE,FALSE,FALSE,FALSE,FALSE,FALSE,FALSE,FALSE,FALSE,FALSE,FALSE,FALSE,0,FALSE,FALSE,FALSE,,,FALSE,,,"PUNT","2nd and 8 at BERRY27","Andrew Hunter pass complete to Bryce Herring for 5 yards to the BERRY32 (Victor Ruhland)."
"20250920_l58t",2025,"2025-09-20",3,"regular","Carnegie Mellon","Berry","Centennial Conference","Southern Athletic Association",FALSE,4,1,4,1,1,,,"15:00","09:03","Berry","Carnegie Mellon",0,0,0,3,3,68,FALSE,1,10,45,"pass_complete",TRUE,23,FALSE,TRUE,TRUE,FALSE,FALSE,FALSE,FALSE,FALSE,FALSE,FALSE,FALSE,FALSE,FALSE,FALSE,0,TRUE,FALSE,FALSE,,,FALSE,,,"PUNT","3rd and 3 at BERRY32","Andrew Hunter pass complete to Colby Sikes for 23 yards to the CMU45 (Jacob Franze)."
"20250920_l58t",2025,"2025-09-20",3,"regular","Carnegie Mellon","Berry","Centennial Conference","Southern Athletic Association",FALSE,5,1,5,1,1,,,"15:00","09:03","Berry","Carnegie Mellon",0,0,0,1,10,45,FALSE,2,1,36,"rush",TRUE,9,TRUE,FALSE,FALSE,FALSE,FALSE,FALSE,FALSE,FALSE,FALSE,FALSE,FALSE,FALSE,FALSE,FALSE,0,FALSE,FALSE,FALSE,,,FALSE,,,"PUNT","1st and 10 at CMU45","Josh Rogers rush for 9 yards to the CMU36 (Jacob Franze)."
"20250920_l58t",2025,"2025-09-20",3,"regular","Carnegie Mellon","Berry","Centennial Conference","Southern Athletic Association",FALSE,6,1,6,1,1,,,"15:00","09:03","Berry","Carnegie Mellon",0,0,0,2,1,36,FALSE,1,10,35,"pass_complete",TRUE,1,FALSE,TRUE,TRUE,FALSE,FALSE,FALSE,FALSE,FALSE,FALSE,FALSE,FALSE,FALSE,FALSE,FALSE,0,TRUE,FALSE,FALSE,,,FALSE,,,"PUNT","2nd and 1 at CMU36","Andrew Hunter pass complete to Colby Sikes for 1 yard to the CMU35 (Connor Warren)."
"20250920_l58t",2025,"2025-09-20",3,"regular","Carnegie Mellon","Berry","Centennial Conference","Southern Athletic Association",FALSE,7,1,7,1,1,,,"15:00","09:03","Berry","Carnegie Mellon",0,0,0,1,10,35,FALSE,2,9,34,"pass_complete",TRUE,1,FALSE,TRUE,TRUE,FALSE,FALSE,FALSE,FALSE,FALSE,FALSE,FALSE,FALSE,FALSE,FALSE,FALSE,0,FALSE,FALSE,FALSE,,,FALSE,,,"PUNT","1st and 10 at CMU35","Andrew Hunter pass complete to Nate Lyons for 1 yard to the CMU34 (Jack Lawson)."
"20250920_l58t",2025,"2025-09-20",3,"regular","Carnegie Mellon","Berry","Centennial Conference","Southern Athletic Association",FALSE,8,1,8,1,1,,,"15:00","09:03","Berry","Carnegie Mellon",0,0,0,2,9,34,FALSE,3,11,36,"rush",TRUE,-2,TRUE,FALSE,FALSE,FALSE,FALSE,FALSE,FALSE,FALSE,FALSE,FALSE,FALSE,FALSE,FALSE,FALSE,0,FALSE,FALSE,FALSE,,,FALSE,,,"PUNT","2nd and 9 at CMU34","Josh Rogers rush for loss of 2 yards to the CMU36 (Archie Lawler; Connor Warren)."
"20250920_l58t",2025,"2025-09-20",3,"regular","Carnegie Mellon","Berry","Centennial Conference","Southern Athletic Association",FALSE,9,1,9,1,1,,,"15:00","09:03","Berry","Carnegie Mellon",0,0,0,3,11,36,FALSE,4,10,35,"rush",TRUE,1,TRUE,FALSE,FALSE,FALSE,FALSE,FALSE,FALSE,FALSE,FALSE,FALSE,FALSE,FALSE,FALSE,FALSE,0,FALSE,FALSE,FALSE,,,FALSE,,,"PUNT","3rd and 11 at CMU36","Josh Rogers rush for 1 yard to the CMU35 (Amani Tchamwa; Ty Kadur)."
"20250920_l58t",2025,"2025-09-20",3,"regular","Carnegie Mellon","Berry","Centennial Conference","Southern Athletic Association",FALSE,10,1,10,1,1,,,"15:00","09:03","Berry","Carnegie Mellon",0,0,0,4,10,35,FALSE,4,15,40,"penalty_no_play",TRUE,,FALSE,FALSE,FALSE,FALSE,FALSE,FALSE,FALSE,FALSE,FALSE,FALSE,FALSE,FALSE,FALSE,FALSE,0,FALSE,FALSE,TRUE,-5,"Berry",TRUE,FALSE,"PENALTY BERRY delay of game (Andrew Hunter) 5 yards to the CMU40.","PUNT","4th and 10 at CMU35","PENALTY BERRY delay of game (Andrew Hunter) 5 yards to the CMU40."
"20250920_l58t",2025,"2025-09-20",3,"regular","Carnegie Mellon","Berry","Centennial Conference","Southern Athletic Association",FALSE,11,1,11,1,1,,"09:03","15:00","09:03","Berry","Carnegie Mellon",0,0,0,4,15,40,FALSE,1,10,95,"punt_no_return",TRUE,,FALSE,FALSE,FALSE,FALSE,FALSE,FALSE,FALSE,FALSE,FALSE,FALSE,FALSE,FALSE,TRUE,FALSE,0,FALSE,FALSE,FALSE,,,FALSE,,,"PUNT","4th and 15 at CMU40","Miles Hamby punt 35 yards to the CMU05, downed."
"20250920_l58t",2025,"2025-09-20",3,"regular","Carnegie Mellon","Berry","Centennial Conference","Southern Athletic Association",FALSE,12,2,1,1,1,"09:03",,"09:03","09:03","Carnegie Mellon","Berry",0,0,0,1,10,95,FALSE,2,7,92,"rush",TRUE,3,TRUE,FALSE,FALSE,FALSE,FALSE,FALSE,FALSE,FALSE,FALSE,FALSE,FALSE,FALSE,FALSE,FALSE,0,FALSE,FALSE,FALSE,,,FALSE,,,"FG","1st and 10 at CMU05","Joey McGinnis I rush for 3 yards to the CMU08 (Carver Cole; Cade Petty)."
"20250920_l58t",2025,"2025-09-20",3,"regular","Carnegie Mellon","Berry","Centennial Conference","Southern Athletic Association",FALSE,13,2,2,1,1,,,"09:03","06:18","Carnegie Mellon","Berry",0,0,0,2,7,92,FALSE,3,5,90,"rush",TRUE,2,TRUE,FALSE,FALSE,FALSE,FALSE,FALSE,FALSE,FALSE,FALSE,FALSE,FALSE,FALSE,FALSE,FALSE,0,FALSE,FALSE,FALSE,,,FALSE,,,"FG","2nd and 7 at CMU08","Willem Bouma rush for 2 yards to the CMU10 (Dawson Livingst; Michael Clark)."
"20250920_l58t",2025,"2025-09-20",3,"regular","Carnegie Mellon","Berry","Centennial Conference","Southern Athletic Association",FALSE,14,2,3,1,1,,,"09:03","06:18","Carnegie Mellon","Berry",0,0,0,3,5,90,FALSE,1,10,17,"rush",TRUE,73,TRUE,FALSE,FALSE,FALSE,FALSE,FALSE,FALSE,FALSE,FALSE,FALSE,FALSE,FALSE,FALSE,FALSE,0,TRUE,FALSE,FALSE,,,FALSE,,,"FG","3rd and 5 at CMU10","Joey McGinnis I rush for 73 yards to the BERRY17 (Cade Petty)."
"20250920_l58t",2025,"2025-09-20",3,"regular","Carnegie Mellon","Berry","Centennial Conference","Southern Athletic Association",FALSE,15,2,4,1,1,,,"09:03","06:18","Carnegie Mellon","Berry",0,0,0,1,10,17,FALSE,2,10,17,"pass_incomplete",TRUE,0,FALSE,TRUE,FALSE,FALSE,FALSE,FALSE,FALSE,FALSE,FALSE,FALSE,FALSE,FALSE,FALSE,FALSE,0,FALSE,FALSE,FALSE,,,FALSE,,,"FG","1st and 10 at BERRY17","Joey McGinnis I pass incomplete to Brendan McCullo."
"20250920_l58t",2025,"2025-09-20",3,"regular","Carnegie Mellon","Berry","Centennial Conference","Southern Athletic Association",FALSE,16,2,5,1,1,,,"09:03","06:18","Carnegie Mellon","Berry",0,0,0,2,10,17,FALSE,3,10,17,"pass_incomplete",TRUE,0,FALSE,TRUE,FALSE,FALSE,FALSE,FALSE,FALSE,FALSE,FALSE,FALSE,FALSE,FALSE,FALSE,FALSE,0,FALSE,FALSE,FALSE,,,FALSE,,,"FG","2nd and 10 at BERRY17","Joey McGinnis I pass incomplete to Brendan McCullo, QB hurry by Christopher Lew."
"20250920_l58t",2025,"2025-09-20",3,"regular","Carnegie Mellon","Berry","Centennial Conference","Southern Athletic Association",FALSE,17,2,6,1,1,,,"09:03","06:18","Carnegie Mellon","Berry",0,0,0,3,10,17,FALSE,4,9,16,"rush",TRUE,1,TRUE,FALSE,FALSE,FALSE,FALSE,FALSE,FALSE,FALSE,FALSE,FALSE,FALSE,FALSE,FALSE,FALSE,0,FALSE,FALSE,FALSE,,,FALSE,,,"FG","3rd and 10 at BERRY17","Joey McGinnis I rush for 1 yard to the BERRY16 (Cade Petty)."
"20250920_l58t",2025,"2025-09-20",3,"regular","Carnegie Mellon","Berry","Centennial Conference","Southern Athletic Association",FALSE,18,2,7,1,1,,"06:18","09:03","06:18","Carnegie Mellon","Berry",0,0,0,4,9,16,FALSE,,,,"field_goal_good",TRUE,,FALSE,FALSE,FALSE,FALSE,FALSE,FALSE,FALSE,FALSE,FALSE,FALSE,TRUE,TRUE,FALSE,TRUE,3,FALSE,FALSE,FALSE,,,FALSE,,,"FG","4th and 9 at BERRY16","Justin Caputo field goal attempt from 33 GOOD, clock 06:18."
"20250920_l58t",2025,"2025-09-20",3,"regular","Carnegie Mellon","Berry","Centennial Conference","Southern Athletic Association",FALSE,19,3,1,1,1,"06:18","06:18","06:18","06:18","Berry","Carnegie Mellon",0,3,-3,,,,,1,10,75,"kickoff",FALSE,,FALSE,FALSE,FALSE,FALSE,FALSE,FALSE,FALSE,FALSE,FALSE,FALSE,FALSE,FALSE,FALSE,FALSE,0,FALSE,FALSE,FALSE,,,FALSE,,,"FG","","Noah Godhard kickoff 65 yards to the BERRY00, touchback."
"20250920_l58t",2025,"2025-09-20",3,"regular","Carnegie Mellon","Berry","Centennial Conference","Southern Athletic Association",FALSE,20,3,2,1,1,"06:18",,"06:18","06:18","Berry","Carnegie Mellon",0,3,-3,1,10,75,FALSE,2,10,75,"pass_incomplete",TRUE,0,FALSE,TRUE,FALSE,FALSE,FALSE,FALSE,FALSE,FALSE,FALSE,FALSE,FALSE,FALSE,FALSE,FALSE,0,FALSE,FALSE,FALSE,,,FALSE,,,"FG","1st and 10 at BERRY25","Andrew Hunter pass incomplete to Cameron Coleman."
"20250920_l58t",2025,"2025-09-20",3,"regular","Carnegie Mellon","Berry","Centennial Conference","Southern Athletic Association",FALSE,21,3,3,1,1,,,"06:18","00:28","Berry","Carnegie Mellon",0,3,-3,2,10,75,FALSE,3,9,74,"rush",TRUE,1,TRUE,FALSE,FALSE,FALSE,FALSE,FALSE,FALSE,FALSE,FALSE,FALSE,FALSE,FALSE,FALSE,FALSE,0,FALSE,FALSE,FALSE,,,FALSE,,,"FG","2nd and 10 at BERRY25","Colby Sikes rush for 1 yard to the BERRY26 (Leighton Tarke; Connor Warren)."
"20250920_l58t",2025,"2025-09-20",3,"regular","Carnegie Mellon","Berry","Centennial Conference","Southern Athletic Association",FALSE,22,3,4,1,1,,,"06:18","00:28","Berry","Carnegie Mellon",0,3,-3,3,9,74,FALSE,1,10,64,"rush",TRUE,10,TRUE,FALSE,FALSE,FALSE,FALSE,FALSE,FALSE,FALSE,FALSE,FALSE,FALSE,FALSE,FALSE,FALSE,0,TRUE,FALSE,FALSE,,,FALSE,,,"FG","3rd and 9 at BERRY26","Andrew Hunter rush for 10 yards to the BERRY36 (Avery Campbell; Amani Tchamwa)."
"20250920_l58t",2025,"2025-09-20",3,"regular","Carnegie Mellon","Berry","Centennial Conference","Southern Athletic Association",FALSE,23,3,5,1,1,,,"06:18","00:28","Berry","Carnegie Mellon",0,3,-3,1,10,64,FALSE,2,4,58,"pass_complete",TRUE,6,FALSE,TRUE,TRUE,FALSE,FALSE,FALSE,FALSE,FALSE,FALSE,FALSE,FALSE,FALSE,FALSE,FALSE,0,FALSE,FALSE,FALSE,,,FALSE,,,"FG","1st and 10 at BERRY36","Andrew Hunter pass complete to Hunter Coleman for 6 yards to the BERRY42 (Connor Warren)."
"20250920_l58t",2025,"2025-09-20",3,"regular","Carnegie Mellon","Berry","Centennial Conference","Southern Athletic Association",FALSE,24,3,6,1,1,,,"06:18","00:28","Berry","Carnegie Mellon",0,3,-3,2,4,58,FALSE,3,6,60,"rush",TRUE,-2,TRUE,FALSE,FALSE,FALSE,FALSE,FALSE,FALSE,FALSE,FALSE,FALSE,FALSE,FALSE,FALSE,FALSE,0,FALSE,FALSE,FALSE,,,FALSE,,,"FG","2nd and 4 at BERRY42","Andrew Hunter rush for loss of 2 yards to the BERRY40 (Lucas Hazard; Amani Tchamwa)."
"20250920_l58t",2025,"2025-09-20",3,"regular","Carnegie Mellon","Berry","Centennial Conference","Southern Athletic Association",FALSE,25,3,7,1,1,,,"06:18","00:28","Berry","Carnegie Mellon",0,3,-3,3,6,60,FALSE,1,10,47,"pass_complete",TRUE,13,FALSE,TRUE,TRUE,FALSE,FALSE,FALSE,FALSE,FALSE,FALSE,FALSE,FALSE,FALSE,FALSE,FALSE,0,TRUE,FALSE,FALSE,,,FALSE,,,"FG","3rd and 6 at BERRY40","Andrew Hunter pass complete to Nate Lyons for 13 yards to the CMU47 (Jacob Franze), out-of-bounds."
"20250920_l58t",2025,"2025-09-20",3,"regular","Carnegie Mellon","Berry","Centennial Conference","Southern Athletic Association",FALSE,26,3,8,1,1,,,"06:18","00:28","Berry","Carnegie Mellon",0,3,-3,1,10,47,FALSE,1,10,27,"rush",TRUE,20,TRUE,FALSE,FALSE,FALSE,FALSE,FALSE,FALSE,FALSE,FALSE,FALSE,FALSE,FALSE,FALSE,FALSE,0,TRUE,FALSE,FALSE,,,FALSE,,,"FG","1st and 10 at CMU47","Colby Sikes rush for 20 yards to the CMU27 (Ethan Ming; Jacob Franze)."
"20250920_l58t",2025,"2025-09-20",3,"regular","Carnegie Mellon","Berry","Centennial Conference","Southern Athletic Association",FALSE,27,3,9,1,1,,,"06:18","00:28","Berry","Carnegie Mellon",0,3,-3,1,10,27,FALSE,2,9,26,"rush",TRUE,1,TRUE,FALSE,FALSE,FALSE,FALSE,FALSE,FALSE,FALSE,FALSE,FALSE,FALSE,FALSE,FALSE,FALSE,0,FALSE,FALSE,FALSE,,,FALSE,,,"FG","1st and 10 at CMU27","Brayden Hardy rush for 1 yard to the CMU26 (Jack Lawson)."
"20250920_l58t",2025,"2025-09-20",3,"regular","Carnegie Mellon","Berry","Centennial Conference","Southern Athletic Association",FALSE,28,3,10,1,1,,,"06:18","00:28","Berry","Carnegie Mellon",0,3,-3,2,9,26,FALSE,3,5,22,"rush",TRUE,4,TRUE,FALSE,FALSE,FALSE,FALSE,FALSE,FALSE,FALSE,FALSE,FALSE,FALSE,FALSE,FALSE,FALSE,0,FALSE,FALSE,FALSE,,,FALSE,,,"FG","2nd and 9 at CMU26","Cameron Coleman rush for 4 yards to the CMU22 (Jack Lawson)."
"20250920_l58t",2025,"2025-09-20",3,"regular","Carnegie Mellon","Berry","Centennial Conference","Southern Athletic Association",FALSE,29,3,11,1,1,"00:28",,"00:28","00:28","Berry","Carnegie Mellon",0,3,-3,3,5,22,FALSE,1,10,17,"penalty_no_play",TRUE,,FALSE,FALSE,FALSE,FALSE,FALSE,FALSE,FALSE,FALSE,FALSE,FALSE,FALSE,FALSE,FALSE,FALSE,0,FALSE,TRUE,TRUE,5,"Carnegie Mellon",TRUE,FALSE,"PENALTY CMU offside defense (Mitchell Stokey) 5 yards to the CMU17.","FG","3rd and 5 at CMU22","PENALTY CMU offside defense (Mitchell Stokey) 5 yards to the CMU17."
"20250920_l58t",2025,"2025-09-20",3,"regular","Carnegie Mellon","Berry","Centennial Conference","Southern Athletic Association",FALSE,30,3,12,1,1,"00:28",,"00:28","00:28","Berry","Carnegie Mellon",0,3,-3,1,10,17,FALSE,2,10,17,"pass_incomplete",TRUE,0,FALSE,TRUE,FALSE,FALSE,FALSE,FALSE,FALSE,FALSE,FALSE,FALSE,FALSE,FALSE,FALSE,FALSE,0,FALSE,FALSE,FALSE,,,FALSE,,,"FG","1st and 10 at CMU17","Andrew Hunter pass incomplete, QB hurry by Leighton Tarke."
"20250920_l58t",2025,"2025-09-20",3,"regular","Carnegie Mellon","Berry","Centennial Conference","Southern Athletic Association",FALSE,31,3,13,1,1,,,"00:28","00:00","Berry","Carnegie Mellon",0,3,-3,2,10,17,FALSE,3,5,12,"rush",TRUE,5,TRUE,FALSE,FALSE,FALSE,FALSE,FALSE,FALSE,FALSE,FALSE,FALSE,FALSE,FALSE,FALSE,FALSE,0,FALSE,FALSE,FALSE,,,FALSE,,,"FG","2nd and 10 at CMU17","Andrew Hunter rush for 5 yards to the CMU12 (Bennett Grace; Ethan Ming)."
"20250920_l58t",2025,"2025-09-20",3,"regular","Carnegie Mellon","Berry","Centennial Conference","Southern Athletic Association",FALSE,32,3,14,2,1,"15:00",,"15:00","15:00","Berry","Carnegie Mellon",0,3,-3,3,5,12,FALSE,4,3,10,"rush",TRUE,2,TRUE,FALSE,FALSE,FALSE,FALSE,FALSE,FALSE,FALSE,FALSE,FALSE,FALSE,FALSE,FALSE,FALSE,0,FALSE,FALSE,FALSE,,,FALSE,,,"FG","3rd and 5 at CMU12","Colby Sikes rush for 2 yards to the CMU10 (Leighton Tarke; Mitchell Stokey)."
"20250920_l58t",2025,"2025-09-20",3,"regular","Carnegie Mellon","Berry","Centennial Conference","Southern Athletic Association",FALSE,33,3,15,2,1,,"14:16","15:00","14:16","Berry","Carnegie Mellon",0,3,-3,4,3,10,FALSE,,,,"field_goal_good",TRUE,,FALSE,FALSE,FALSE,FALSE,FALSE,FALSE,FALSE,FALSE,FALSE,FALSE,TRUE,TRUE,FALSE,TRUE,3,FALSE,FALSE,FALSE,,,FALSE,,,"FG","4th and 3 at CMU10","Trey Richards field goal attempt from 27 GOOD, clock 14:16."
"20250920_l58t",2025,"2025-09-20",3,"regular","Carnegie Mellon","Berry","Centennial Conference","Southern Athletic Association",FALSE,34,4,1,2,1,"14:16","14:11","14:16","14:16","Carnegie Mellon","Berry",3,3,0,,,,,1,10,78,"kickoff",FALSE,,FALSE,FALSE,FALSE,FALSE,FALSE,FALSE,FALSE,FALSE,FALSE,FALSE,FALSE,FALSE,FALSE,FALSE,0,FALSE,FALSE,FALSE,,,FALSE,,,"PUNT","","Trey Richards kickoff 65 yards to the CMU00, Nick McCullough return 22 yards to the CMU22 (Zion Gervais)."
"20250920_l58t",2025,"2025-09-20",3,"regular","Carnegie Mellon","Berry","Centennial Conference","Southern Athletic Association",FALSE,35,4,2,2,1,"14:11",,"14:11","14:11","Carnegie Mellon","Berry",3,3,0,1,10,78,FALSE,2,8,76,"rush",TRUE,2,TRUE,FALSE,FALSE,FALSE,FALSE,FALSE,FALSE,FALSE,FALSE,FALSE,FALSE,FALSE,FALSE,FALSE,0,FALSE,FALSE,FALSE,,,FALSE,,,"PUNT","1st and 10 at CMU22","Willem Bouma rush for 2 yards to the CMU24 (Christopher Lew)."
"20250920_l58t",2025,"2025-09-20",3,"regular","Carnegie Mellon","Berry","Centennial Conference","Southern Athletic Association",FALSE,36,4,3,2,1,,,"14:11","11:40","Carnegie Mellon","Berry",3,3,0,2,8,76,FALSE,3,11,79,"rush",TRUE,-3,TRUE,FALSE,FALSE,FALSE,FALSE,FALSE,FALSE,FALSE,FALSE,FALSE,FALSE,FALSE,FALSE,FALSE,0,FALSE,FALSE,FALSE,,,FALSE,,,"PUNT","2nd and 8 at CMU24","Willem Bouma rush for loss of 3 yards to the CMU21 (Dawson Livingst)."
"20250920_l58t",2025,"2025-09-20",3,"regular","Carnegie Mellon","Berry","Centennial Conference","Southern Athletic Association",FALSE,37,4,4,2,1,,,"14:11","11:40","Carnegie Mellon","Berry",3,3,0,3,11,79,FALSE,3,16,84,"penalty_no_play",TRUE,,FALSE,FALSE,FALSE,FALSE,FALSE,FALSE,FALSE,FALSE,FALSE,FALSE,FALSE,FALSE,FALSE,FALSE,0,FALSE,FALSE,TRUE,-5,"Carnegie Mellon",TRUE,FALSE,"PENALTY CMU false start 5 yards to the CMU16.","PUNT","3rd and 11 at CMU21","PENALTY CMU false start 5 yards to the CMU16."
"20250920_l58t",2025,"2025-09-20",3,"regular","Carnegie Mellon","Berry","Centennial Conference","Southern Athletic Association",FALSE,38,4,5,2,1,,,"14:11","11:40","Carnegie Mellon","Berry",3,3,0,3,16,84,FALSE,4,6,74,"rush",TRUE,10,TRUE,FALSE,FALSE,FALSE,FALSE,FALSE,FALSE,FALSE,FALSE,FALSE,FALSE,FALSE,FALSE,FALSE,0,FALSE,FALSE,FALSE,,,FALSE,,,"PUNT","3rd and 16 at CMU16","Shadrak Agyei rush for 10 yards to the CMU26 (Brooks Thompson)."
"20250920_l58t",2025,"2025-09-20",3,"regular","Carnegie Mellon","Berry","Centennial Conference","Southern Athletic Association",FALSE,39,4,6,2,1,,"11:40","14:11","11:40","Carnegie Mellon","Berry",3,3,0,4,6,74,FALSE,1,10,60,"punt_no_return",TRUE,,FALSE,FALSE,FALSE,FALSE,FALSE,FALSE,FALSE,FALSE,FALSE,FALSE,FALSE,FALSE,TRUE,FALSE,0,FALSE,FALSE,FALSE,,,FALSE,,,"PUNT","4th and 6 at CMU26","John Norell punt 34 yards to the BERRY40, downed."
"20250920_l58t",2025,"2025-09-20",3,"regular","Carnegie Mellon","Berry","Centennial Conference","Southern Athletic Association",FALSE,40,5,1,2,1,"11:40",,"11:40","11:40","Berry","Carnegie Mellon",3,3,0,1,10,60,FALSE,2,10,60,"pass_incomplete",TRUE,0,FALSE,TRUE,FALSE,FALSE,FALSE,FALSE,FALSE,FALSE,FALSE,FALSE,FALSE,FALSE,FALSE,FALSE,0,FALSE,FALSE,FALSE,,,FALSE,,,"PUNT","1st and 10 at BERRY40","Andrew Hunter pass incomplete to Bryce Herring (Ethan Ming)."
"20250920_l58t",2025,"2025-09-20",3,"regular","Carnegie Mellon","Berry","Centennial Conference","Southern Athletic Association",FALSE,41,5,2,2,1,,,"11:40","11:40","Berry","Carnegie Mellon",3,3,0,2,10,60,FALSE,3,8,58,"rush",TRUE,2,TRUE,FALSE,FALSE,FALSE,FALSE,FALSE,FALSE,FALSE,FALSE,FALSE,FALSE,FALSE,FALSE,FALSE,0,FALSE,FALSE,FALSE,,,FALSE,,,"PUNT","2nd and 10 at BERRY40","Brayden Hardy rush for 2 yards to the BERRY42 (Ty Kadur; Logan Armstrong)."
"20250920_l58t",2025,"2025-09-20",3,"regular","Carnegie Mellon","Berry","Centennial Conference","Southern Athletic Association",FALSE,42,5,3,2,1,,,"11:40","11:40","Berry","Carnegie Mellon",3,3,0,3,8,58,FALSE,4,8,58,"pass_incomplete",TRUE,0,FALSE,TRUE,FALSE,FALSE,FALSE,FALSE,FALSE,FALSE,FALSE,FALSE,FALSE,FALSE,FALSE,FALSE,0,FALSE,FALSE,FALSE,,,FALSE,,,"PUNT","3rd and 8 at BERRY42","Andrew Hunter pass incomplete to Bryce Herring, dropped pass."
"20250920_l58t",2025,"2025-09-20",3,"regular","Carnegie Mellon","Berry","Centennial Conference","Southern Athletic Association",FALSE,43,5,4,2,1,,,"11:40","11:40","Berry","Carnegie Mellon",3,3,0,4,8,58,FALSE,4,18,68,"punt_no_return",TRUE,,FALSE,FALSE,FALSE,FALSE,FALSE,FALSE,FALSE,FALSE,FALSE,FALSE,FALSE,FALSE,FALSE,FALSE,0,FALSE,FALSE,TRUE,-10,"Berry",TRUE,FALSE,"PENALTY BERRY holding 10 yards to the BERRY32, NO PLAY.","PUNT","4th and 8 at BERRY42","Miles Hamby punt 37 yards to the CMU21, out-of-bounds, PENALTY BERRY holding 10 yards to the BERRY32, NO PLAY."
"20250920_l58t",2025,"2025-09-20",3,"regular","Carnegie Mellon","Berry","Centennial Conference","Southern Athletic Association",FALSE,44,5,5,2,1,"11:40","10:31","11:40","11:40","Berry","Carnegie Mellon",3,3,0,4,18,68,FALSE,1,10,59,"punt_no_return",TRUE,,FALSE,FALSE,FALSE,FALSE,FALSE,FALSE,FALSE,FALSE,FALSE,FALSE,FALSE,FALSE,TRUE,FALSE,0,FALSE,FALSE,FALSE,,,FALSE,,,"PUNT","4th and 18 at BERRY32","Miles Hamby punt 27 yards to the CMU41, downed."
"20250920_l58t",2025,"2025-09-20",3,"regular","Carnegie Mellon","Berry","Centennial Conference","Southern Athletic Association",FALSE,45,6,1,2,1,"10:31",,"10:31","10:31","Carnegie Mellon","Berry",3,3,0,1,10,59,FALSE,2,10,59,"pass_complete",TRUE,0,FALSE,TRUE,TRUE,FALSE,FALSE,FALSE,FALSE,FALSE,FALSE,FALSE,FALSE,FALSE,FALSE,FALSE,0,FALSE,FALSE,FALSE,,,FALSE,,,"PUNT","1st and 10 at CMU41","Joey McGinnis I pass complete to Nick McCullough for no gain to the CMU41 (David Attaochu)."
"20250920_l58t",2025,"2025-09-20",3,"regular","Carnegie Mellon","Berry","Centennial Conference","Southern Athletic Association",FALSE,46,6,2,2,1,,,"10:31","09:34","Carnegie Mellon","Berry",3,3,0,2,10,59,FALSE,3,10,59,"pass_incomplete",TRUE,0,FALSE,TRUE,FALSE,FALSE,FALSE,FALSE,FALSE,FALSE,FALSE,FALSE,FALSE,FALSE,FALSE,FALSE,0,FALSE,FALSE,FALSE,,,FALSE,,,"PUNT","2nd and 10 at CMU41","Joey McGinnis I pass incomplete to Luca Cuttita."
"20250920_l58t",2025,"2025-09-20",3,"regular","Carnegie Mellon","Berry","Centennial Conference","Southern Athletic Association",FALSE,47,6,3,2,1,,,"10:31","09:34","Carnegie Mellon","Berry",3,3,0,3,10,59,FALSE,4,10,59,"pass_incomplete",TRUE,0,FALSE,TRUE,FALSE,FALSE,FALSE,FALSE,FALSE,FALSE,FALSE,FALSE,FALSE,FALSE,FALSE,FALSE,0,FALSE,FALSE,FALSE,,,FALSE,,,"PUNT","3rd and 10 at CMU41","Joey McGinnis I pass incomplete to Nick McCullough (Brooks Thompson)."
"20250920_l58t",2025,"2025-09-20",3,"regular","Carnegie Mellon","Berry","Centennial Conference","Southern Athletic Association",FALSE,48,6,4,2,1,,"09:34","10:31","09:34","Carnegie Mellon","Berry",3,3,0,4,10,59,FALSE,1,10,84,"punt_no_return",TRUE,,FALSE,FALSE,FALSE,FALSE,FALSE,FALSE,FALSE,FALSE,FALSE,FALSE,FALSE,FALSE,TRUE,FALSE,0,FALSE,FALSE,FALSE,,,FALSE,,,"PUNT","4th and 10 at CMU41","John Norell punt 43 yards to the BERRY16, downed."
"20250920_l58t",2025,"2025-09-20",3,"regular","Carnegie Mellon","Berry","Centennial Conference","Southern Athletic Association",FALSE,49,7,1,2,1,"09:34",,"09:34","09:34","Berry","Carnegie Mellon",3,3,0,1,10,84,FALSE,2,17,91,"sack",TRUE,-7,FALSE,FALSE,FALSE,TRUE,FALSE,FALSE,FALSE,FALSE,FALSE,FALSE,FALSE,FALSE,FALSE,FALSE,0,FALSE,FALSE,FALSE,,,FALSE,,,"PUNT","1st and 10 at BERRY16","Andrew Hunter sacked for loss of 7 yards to the BERRY09 (Amani Tchamwa)."
"20250920_l58t",2025,"2025-09-20",3,"regular","Carnegie Mellon","Berry","Centennial Conference","Southern Athletic Association",FALSE,50,7,2,2,1,,,"09:34","07:15","Berry","Carnegie Mellon",3,3,0,2,17,91,FALSE,3,10,84,"rush",TRUE,7,TRUE,FALSE,FALSE,FALSE,FALSE,FALSE,FALSE,FALSE,FALSE,FALSE,FALSE,FALSE,FALSE,FALSE,0,FALSE,FALSE,FALSE,,,FALSE,,,"PUNT","2nd and 17 at BERRY09","Andrew Hunter rush for 7 yards to the BERRY16 (Connor Warren)."
"20250920_l58t",2025,"2025-09-20",3,"regular","Carnegie Mellon","Berry","Centennial Conference","Southern Athletic Association",FALSE,51,7,3,2,1,,,"09:34","07:15","Berry","Carnegie Mellon",3,3,0,3,10,84,FALSE,4,9,83,"pass_complete",TRUE,1,FALSE,TRUE,TRUE,FALSE,FALSE,FALSE,FALSE,FALSE,FALSE,FALSE,FALSE,FALSE,FALSE,FALSE,0,FALSE,FALSE,FALSE,,,FALSE,,,"PUNT","3rd and 10 at BERRY16","Andrew Hunter pass complete to Nate Lyons for 1 yard to the BERRY17 (Tai Mann)."
"20250920_l58t",2025,"2025-09-20",3,"regular","Carnegie Mellon","Berry","Centennial Conference","Southern Athletic Association",FALSE,52,7,4,2,1,,"07:15","09:34","07:15","Berry","Carnegie Mellon",3,3,0,4,9,83,FALSE,1,10,50,"punt_no_return",TRUE,,FALSE,FALSE,FALSE,FALSE,FALSE,FALSE,FALSE,FALSE,FALSE,FALSE,FALSE,FALSE,TRUE,FALSE,0,FALSE,FALSE,FALSE,,,FALSE,,,"PUNT","4th and 9 at BERRY17","Miles Hamby punt 33 yards to the 50 yardline, fair catch by Brendan McCullo."
"20250920_l58t",2025,"2025-09-20",3,"regular","Carnegie Mellon","Berry","Centennial Conference","Southern Athletic Association",FALSE,53,8,1,2,1,"07:15",,"07:15","07:15","Carnegie Mellon","Berry",3,3,0,1,10,50,FALSE,2,7,47,"rush",TRUE,3,TRUE,FALSE,FALSE,FALSE,FALSE,FALSE,FALSE,FALSE,FALSE,FALSE,FALSE,FALSE,FALSE,FALSE,0,FALSE,FALSE,FALSE,,,FALSE,,,"TD","1st and 10 at CMU50","Willem Bouma rush for 3 yards to the BERRY47 (Will Johnson)."
"20250920_l58t",2025,"2025-09-20",3,"regular","Carnegie Mellon","Berry","Centennial Conference","Southern Athletic Association",FALSE,54,8,2,2,1,,,"07:15","05:12","Carnegie Mellon","Berry",3,3,0,2,7,47,FALSE,1,10,39,"rush",TRUE,8,TRUE,FALSE,FALSE,FALSE,FALSE,FALSE,FALSE,FALSE,FALSE,FALSE,FALSE,FALSE,FALSE,FALSE,0,TRUE,FALSE,FALSE,,,FALSE,,,"TD","2nd and 7 at BERRY47","Joey McGinnis I rush for 8 yards to the BERRY39 (Dawson Livingst)."
"20250920_l58t",2025,"2025-09-20",3,"regular","Carnegie Mellon","Berry","Centennial Conference","Southern Athletic Association",FALSE,55,8,3,2,1,,,"07:15","05:12","Carnegie Mellon","Berry",3,3,0,1,10,39,FALSE,2,9,38,"rush",TRUE,1,TRUE,FALSE,FALSE,FALSE,FALSE,FALSE,FALSE,FALSE,FALSE,FALSE,FALSE,FALSE,FALSE,FALSE,0,FALSE,FALSE,FALSE,,,FALSE,,,"TD","1st and 10 at BERRY39","Willem Bouma rush for 1 yard to the BERRY38 (Will Johnson; Michael Clark)."
"20250920_l58t",2025,"2025-09-20",3,"regular","Carnegie Mellon","Berry","Centennial Conference","Southern Athletic Association",FALSE,56,8,4,2,1,,"05:12","07:15","05:12","Carnegie Mellon","Berry",3,3,0,2,9,38,FALSE,,,,"pass_complete",TRUE,38,FALSE,TRUE,TRUE,FALSE,FALSE,FALSE,FALSE,FALSE,TRUE,FALSE,FALSE,FALSE,FALSE,TRUE,6,TRUE,FALSE,FALSE,,,FALSE,,,"TD","2nd and 9 at BERRY38","Joey McGinnis I pass complete to Reece Kolke for 38 yards to the BERRY00, TOUCHDOWN, clock 05:12."
"20250920_l58t",2025,"2025-09-20",3,"regular","Carnegie Mellon","Berry","Centennial Conference","Southern Athletic Association",FALSE,57,8,5,2,1,"05:12",,"05:12","05:12","Carnegie Mellon","Berry",9,3,6,,,,,,,,"extra_point",FALSE,,FALSE,FALSE,FALSE,FALSE,FALSE,FALSE,FALSE,FALSE,FALSE,FALSE,FALSE,FALSE,FALSE,TRUE,1,FALSE,FALSE,FALSE,,,FALSE,,,"TD","","Justin Caputo kick attempt good."
"20250920_l58t",2025,"2025-09-20",3,"regular","Carnegie Mellon","Berry","Centennial Conference","Southern Athletic Association",FALSE,58,9,1,2,1,"05:12","05:12","05:12","05:12","Berry","Carnegie Mellon",3,10,-7,,,,,1,10,75,"kickoff",FALSE,,FALSE,FALSE,FALSE,FALSE,FALSE,FALSE,FALSE,FALSE,FALSE,FALSE,FALSE,FALSE,FALSE,FALSE,0,FALSE,FALSE,FALSE,,,FALSE,,,"PUNT","","Noah Godhard kickoff 65 yards to the BERRY00, touchback."
"20250920_l58t",2025,"2025-09-20",3,"regular","Carnegie Mellon","Berry","Centennial Conference","Southern Athletic Association",FALSE,59,9,2,2,1,"05:12",,"05:12","05:12","Berry","Carnegie Mellon",3,10,-7,1,10,75,FALSE,1,10,64,"pass_complete",TRUE,11,FALSE,TRUE,TRUE,FALSE,FALSE,FALSE,FALSE,FALSE,FALSE,FALSE,FALSE,FALSE,FALSE,FALSE,0,TRUE,FALSE,FALSE,,,FALSE,,,"PUNT","1st and 10 at BERRY25","Andrew Hunter pass complete to Walker Williams for 11 yards to the BERRY36 (Tai Mann; Connor Warren), out-of-bounds."
"20250920_l58t",2025,"2025-09-20",3,"regular","Carnegie Mellon","Berry","Centennial Conference","Southern Athletic Association",FALSE,60,9,3,2,1,,,"05:12","02:53","Berry","Carnegie Mellon",3,10,-7,1,10,64,FALSE,1,10,53,"rush",TRUE,11,TRUE,FALSE,FALSE,FALSE,FALSE,FALSE,FALSE,FALSE,FALSE,FALSE,FALSE,FALSE,FALSE,FALSE,0,TRUE,FALSE,FALSE,,,FALSE,,,"PUNT","1st and 10 at BERRY36","Colby Sikes rush for 11 yards to the BERRY47 (Jack Lawson; Jacob Franze)."
"20250920_l58t",2025,"2025-09-20",3,"regular","Carnegie Mellon","Berry","Centennial Conference","Southern Athletic Association",FALSE,61,9,4,2,1,,,"05:12","02:53","Berry","Carnegie Mellon",3,10,-7,1,10,53,FALSE,2,10,53,"pass_incomplete",TRUE,0,FALSE,TRUE,FALSE,FALSE,FALSE,FALSE,FALSE,FALSE,FALSE,FALSE,FALSE,FALSE,FALSE,FALSE,0,FALSE,FALSE,FALSE,,,FALSE,,,"PUNT","1st and 10 at BERRY47","Andrew Hunter pass incomplete to Nate Lyons."
"20250920_l58t",2025,"2025-09-20",3,"regular","Carnegie Mellon","Berry","Centennial Conference","Southern Athletic Association",FALSE,62,9,5,2,1,,,"05:12","02:53","Berry","Carnegie Mellon",3,10,-7,2,10,53,FALSE,3,5,48,"rush",TRUE,5,TRUE,FALSE,FALSE,FALSE,FALSE,FALSE,FALSE,FALSE,FALSE,FALSE,FALSE,FALSE,FALSE,FALSE,0,FALSE,FALSE,FALSE,,,FALSE,,,"PUNT","2nd and 10 at BERRY47","Colby Sikes rush for 5 yards to the CMU48 (Victor Ruhland)."
"20250920_l58t",2025,"2025-09-20",3,"regular","Carnegie Mellon","Berry","Centennial Conference","Southern Athletic Association",FALSE,63,9,6,2,1,,,"05:12","02:53","Berry","Carnegie Mellon",3,10,-7,3,5,48,FALSE,4,5,48,"pass_incomplete",TRUE,0,FALSE,TRUE,FALSE,FALSE,FALSE,FALSE,FALSE,FALSE,FALSE,FALSE,FALSE,FALSE,FALSE,FALSE,0,FALSE,FALSE,FALSE,,,FALSE,,,"PUNT","3rd and 5 at CMU48","Andrew Hunter pass incomplete to Nate Lyons."
"20250920_l58t",2025,"2025-09-20",3,"regular","Carnegie Mellon","Berry","Centennial Conference","Southern Athletic Association",FALSE,64,9,7,2,1,,"02:53","05:12","02:53","Berry","Carnegie Mellon",3,10,-7,4,5,48,FALSE,1,10,83,"punt_no_return",TRUE,,FALSE,FALSE,FALSE,FALSE,FALSE,FALSE,FALSE,FALSE,FALSE,FALSE,FALSE,FALSE,TRUE,FALSE,0,FALSE,FALSE,FALSE,,,FALSE,,,"PUNT","4th and 5 at CMU48","Miles Hamby punt 31 yards to the CMU17, fair catch by Brendan McCullo."
"20250920_l58t",2025,"2025-09-20",3,"regular","Carnegie Mellon","Berry","Centennial Conference","Southern Athletic Association",FALSE,65,10,1,2,1,"02:53",,"02:53","02:53","Carnegie Mellon","Berry",10,3,7,1,10,83,FALSE,2,2,75,"rush",TRUE,8,TRUE,FALSE,FALSE,FALSE,FALSE,FALSE,FALSE,FALSE,FALSE,FALSE,FALSE,FALSE,FALSE,FALSE,0,FALSE,FALSE,FALSE,,,FALSE,,,"END OF HALF","1st and 10 at CMU17","Joey McGinnis I rush for 8 yards to the CMU25 (David Attaochu; Gian Traverzo)."
"20250920_l58t",2025,"2025-09-20",3,"regular","Carnegie Mellon","Berry","Centennial Conference","Southern Athletic Association",FALSE,66,10,2,2,1,,,"02:53","02:00","Carnegie Mellon","Berry",10,3,7,2,2,75,FALSE,1,10,67,"rush",TRUE,8,TRUE,FALSE,FALSE,FALSE,FALSE,FALSE,FALSE,FALSE,FALSE,FALSE,FALSE,FALSE,FALSE,FALSE,0,TRUE,FALSE,FALSE,,,FALSE,,,"END OF HALF","2nd and 2 at CMU25","Willem Bouma rush for 8 yards to the CMU33 (Jack Murray; Brycen Williams)."
"20250920_l58t",2025,"2025-09-20",3,"regular","Carnegie Mellon","Berry","Centennial Conference","Southern Athletic Association",FALSE,67,10,3,2,1,,,"02:53","02:00","Carnegie Mellon","Berry",10,3,7,1,10,67,FALSE,1,10,38,"pass_complete",TRUE,29,FALSE,TRUE,TRUE,FALSE,FALSE,FALSE,FALSE,FALSE,FALSE,FALSE,FALSE,FALSE,FALSE,FALSE,0,TRUE,FALSE,FALSE,,,FALSE,,,"END OF HALF","1st and 10 at CMU33","Joey McGinnis I pass complete to Brendan McCullo for 29 yards to the BERRY38 (Steven Pickett)."
"20250920_l58t",2025,"2025-09-20",3,"regular","Carnegie Mellon","Berry","Centennial Conference","Southern Athletic Association",FALSE,68,10,4,2,1,,,"02:00","01:21","Carnegie Mellon","Berry",10,3,7,1,10,38,FALSE,2,9,37,"pass_complete",TRUE,1,FALSE,TRUE,TRUE,FALSE,FALSE,FALSE,FALSE,FALSE,FALSE,FALSE,FALSE,FALSE,FALSE,FALSE,0,FALSE,FALSE,FALSE,,,FALSE,,,"END OF HALF","1st and 10 at BERRY38","Joey McGinnis I pass complete to Brendan McCullo for 1 yard to the BERRY37 (Gian Traverzo)."
"20250920_l58t",2025,"2025-09-20",3,"regular","Carnegie Mellon","Berry","Centennial Conference","Southern Athletic Association",FALSE,69,10,5,2,1,,,"02:00","01:21","Carnegie Mellon","Berry",10,3,7,2,9,37,FALSE,3,3,31,"pass_complete",TRUE,6,FALSE,TRUE,TRUE,FALSE,FALSE,FALSE,FALSE,FALSE,FALSE,FALSE,FALSE,FALSE,FALSE,FALSE,0,FALSE,FALSE,FALSE,,,FALSE,,,"END OF HALF","2nd and 9 at BERRY37","Joey McGinnis I pass complete to Brendan McCullo for 6 yards to the BERRY31 (Cade Petty; Jack Murray)."
"20250920_l58t",2025,"2025-09-20",3,"regular","Carnegie Mellon","Berry","Centennial Conference","Southern Athletic Association",FALSE,70,10,6,2,1,"01:21",,"01:21","01:21","Carnegie Mellon","Berry",10,3,7,3,3,31,FALSE,4,3,31,"pass_incomplete",TRUE,0,FALSE,TRUE,FALSE,FALSE,FALSE,FALSE,FALSE,FALSE,FALSE,FALSE,FALSE,FALSE,FALSE,FALSE,0,FALSE,FALSE,FALSE,,,FALSE,,,"END OF HALF","3rd and 3 at BERRY31","Joey McGinnis I pass incomplete to Brendan McCullo (Gian Traverzo)."
"20250920_l58t",2025,"2025-09-20",3,"regular","Carnegie Mellon","Berry","Centennial Conference","Southern Athletic Association",FALSE,71,10,7,2,1,"01:15",,"01:15","01:15","Carnegie Mellon","Berry",10,3,7,4,3,31,FALSE,1,10,27,"rush",TRUE,4,TRUE,FALSE,FALSE,FALSE,FALSE,FALSE,FALSE,FALSE,FALSE,FALSE,FALSE,FALSE,FALSE,FALSE,0,TRUE,FALSE,FALSE,,,FALSE,,,"END OF HALF","4th and 3 at BERRY31","Joey McGinnis I rush for 4 yards to the BERRY27 (Dawson Livingst; Gian Traverzo)."
"20250920_l58t",2025,"2025-09-20",3,"regular","Carnegie Mellon","Berry","Centennial Conference","Southern Athletic Association",FALSE,72,10,8,2,1,"01:10",,"01:10","01:10","Carnegie Mellon","Berry",10,3,7,1,10,27,FALSE,2,12,29,"rush",TRUE,-2,TRUE,FALSE,FALSE,FALSE,FALSE,FALSE,FALSE,FALSE,FALSE,FALSE,FALSE,FALSE,FALSE,FALSE,0,FALSE,FALSE,FALSE,,,FALSE,,,"END OF HALF","1st and 10 at BERRY27","Willem Bouma rush for loss of 2 yards to the BERRY29 (Carver Cole)."
"20250920_l58t",2025,"2025-09-20",3,"regular","Carnegie Mellon","Berry","Centennial Conference","Southern Athletic Association",FALSE,73,10,9,2,1,"01:05",,"01:05","01:05","Carnegie Mellon","Berry",10,3,7,2,12,29,FALSE,2,22,39,"rush",TRUE,,FALSE,FALSE,FALSE,FALSE,FALSE,FALSE,FALSE,FALSE,FALSE,FALSE,FALSE,FALSE,FALSE,FALSE,0,FALSE,FALSE,TRUE,-10,"Carnegie Mellon",TRUE,FALSE,"PENALTY CMU holding (Willem Bouma) 10 yards to the BERRY39, NO PLAY.","END OF HALF","2nd and 12 at BERRY29","Joey McGinnis I rush for loss of 1 yard to the BERRY30 (Cade Petty), PENALTY CMU holding (Willem Bouma) 10 yards to the BERRY39, NO PLAY."
"20250920_l58t",2025,"2025-09-20",3,"regular","Carnegie Mellon","Berry","Centennial Conference","Southern Athletic Association",FALSE,74,10,10,2,1,,,"01:05","00:25","Carnegie Mellon","Berry",10,3,7,2,22,39,FALSE,2,37,54,"rush",TRUE,,FALSE,FALSE,FALSE,FALSE,FALSE,FALSE,FALSE,FALSE,FALSE,FALSE,FALSE,FALSE,FALSE,FALSE,0,FALSE,FALSE,TRUE,-15,"Carnegie Mellon",TRUE,FALSE,"PENALTY CMU chop block 15 yards to the CMU46, NO PLAY.","END OF HALF","2nd and 22 at BERRY39","Joey McGinnis I rush for 13 yards to the BERRY26 (Steven Pickett), out-of-bounds, PENALTY CMU chop block 15 yards to the CMU46, NO PLAY."
"20250920_l58t",2025,"2025-09-20",3,"regular","Carnegie Mellon","Berry","Centennial Conference","Southern Athletic Association",FALSE,75,10,11,2,1,,,"01:05","00:25","Carnegie Mellon","Berry",10,3,7,2,37,54,FALSE,3,37,54,"pass_incomplete",TRUE,0,FALSE,TRUE,FALSE,FALSE,FALSE,FALSE,FALSE,FALSE,FALSE,FALSE,FALSE,FALSE,FALSE,FALSE,0,FALSE,FALSE,FALSE,,,FALSE,,,"END OF HALF","2nd and 37 at CMU46","Joey McGinnis I pass incomplete to Nick McCullough."
"20250920_l58t",2025,"2025-09-20",3,"regular","Carnegie Mellon","Berry","Centennial Conference","Southern Athletic Association",FALSE,76,10,12,2,1,"00:25",,"00:25","00:25","Carnegie Mellon","Berry",10,3,7,3,37,54,FALSE,,,,"rush",TRUE,8,TRUE,FALSE,FALSE,FALSE,FALSE,FALSE,FALSE,FALSE,FALSE,FALSE,FALSE,FALSE,FALSE,FALSE,0,FALSE,FALSE,FALSE,,,FALSE,,,"END OF HALF","3rd and 37 at CMU46","Willem Bouma rush for 8 yards to the BERRY46 (Alex Mincey; Dawson Livingst)."
"20250920_l58t",2025,"2025-09-20",3,"regular","Carnegie Mellon","Berry","Centennial Conference","Southern Athletic Association",FALSE,77,11,1,3,2,"15:00","14:54","15:00","15:00","Carnegie Mellon","Berry",10,3,7,,,,,1,10,73,"kickoff",FALSE,,FALSE,FALSE,FALSE,FALSE,FALSE,FALSE,FALSE,FALSE,FALSE,FALSE,FALSE,FALSE,FALSE,FALSE,0,FALSE,FALSE,FALSE,,,FALSE,,,"TD","","Trey Richards kickoff 63 yards to the CMU02, Nick McCullough return 25 yards to the CMU27 (Zion Gervais; Gabe Bauman)."
"20250920_l58t",2025,"2025-09-20",3,"regular","Carnegie Mellon","Berry","Centennial Conference","Southern Athletic Association",FALSE,78,11,2,3,2,"14:54",,"14:54","14:54","Carnegie Mellon","Berry",10,3,7,1,10,73,FALSE,1,10,55,"rush",TRUE,3,TRUE,FALSE,FALSE,FALSE,FALSE,FALSE,FALSE,FALSE,FALSE,FALSE,FALSE,FALSE,FALSE,FALSE,0,FALSE,TRUE,TRUE,15,"Berry",FALSE,FALSE,"PENALTY BERRY personal foul 15 yards to the CMU45.","TD","1st and 10 at CMU27","Willem Bouma rush for 3 yards to the CMU30 (Ben Brookshire; Christopher Lew), PENALTY BERRY personal foul 15 yards to the CMU45."
"20250920_l58t",2025,"2025-09-20",3,"regular","Carnegie Mellon","Berry","Centennial Conference","Southern Athletic Association",FALSE,79,11,3,3,2,,,"14:54","12:39","Carnegie Mellon","Berry",10,3,7,1,10,55,FALSE,2,5,50,"rush",TRUE,5,TRUE,FALSE,FALSE,FALSE,FALSE,FALSE,FALSE,FALSE,FALSE,FALSE,FALSE,FALSE,FALSE,FALSE,0,FALSE,FALSE,FALSE,,,FALSE,,,"TD","1st and 10 at CMU45","Willem Bouma rush for 5 yards to the 50 yardline (Chaz Pope)."
"20250920_l58t",2025,"2025-09-20",3,"regular","Carnegie Mellon","Berry","Centennial Conference","Southern Athletic Association",FALSE,80,11,4,3,2,,,"14:54","12:39","Carnegie Mellon","Berry",10,3,7,2,5,50,FALSE,3,4,49,"rush",TRUE,1,TRUE,FALSE,FALSE,FALSE,FALSE,FALSE,FALSE,FALSE,FALSE,FALSE,FALSE,FALSE,FALSE,FALSE,0,FALSE,FALSE,FALSE,,,FALSE,,,"TD","2nd and 5 at CMU50","Joey McGinnis I rush for 1 yard to the BERRY49 (Carver Cole)."
"20250920_l58t",2025,"2025-09-20",3,"regular","Carnegie Mellon","Berry","Centennial Conference","Southern Athletic Association",FALSE,81,11,5,3,2,,,"14:54","12:39","Carnegie Mellon","Berry",10,3,7,3,4,49,FALSE,1,10,45,"rush",TRUE,4,TRUE,FALSE,FALSE,FALSE,FALSE,FALSE,FALSE,FALSE,FALSE,FALSE,FALSE,FALSE,FALSE,FALSE,0,TRUE,FALSE,FALSE,,,FALSE,,,"TD","3rd and 4 at BERRY49","Joey McGinnis I rush for 4 yards to the BERRY45 (Carver Cole; Chaz Pope)."
"20250920_l58t",2025,"2025-09-20",3,"regular","Carnegie Mellon","Berry","Centennial Conference","Southern Athletic Association",FALSE,82,11,6,3,2,,"12:39","14:54","12:39","Carnegie Mellon","Berry",10,3,7,1,10,45,FALSE,,,,"pass_complete",TRUE,45,FALSE,TRUE,TRUE,FALSE,FALSE,FALSE,FALSE,FALSE,TRUE,FALSE,FALSE,FALSE,FALSE,TRUE,6,TRUE,FALSE,FALSE,,,FALSE,,,"TD","1st and 10 at BERRY45","Joey McGinnis I pass complete to Nick McCullough for 45 yards to the BERRY00, TOUCHDOWN, clock 12:39."
"20250920_l58t",2025,"2025-09-20",3,"regular","Carnegie Mellon","Berry","Centennial Conference","Southern Athletic Association",FALSE,83,11,7,3,2,"12:39",,"12:39","12:39","Carnegie Mellon","Berry",16,3,13,,,,,,,,"extra_point",FALSE,,FALSE,FALSE,FALSE,FALSE,FALSE,FALSE,FALSE,FALSE,FALSE,FALSE,FALSE,FALSE,FALSE,TRUE,1,FALSE,FALSE,FALSE,,,FALSE,,,"TD","","Justin Caputo kick attempt good."
"20250920_l58t",2025,"2025-09-20",3,"regular","Carnegie Mellon","Berry","Centennial Conference","Southern Athletic Association",FALSE,84,12,1,3,2,"12:39","12:39","12:39","12:39","Berry","Carnegie Mellon",3,17,-14,,,,,1,10,75,"kickoff",FALSE,,FALSE,FALSE,FALSE,FALSE,FALSE,FALSE,FALSE,FALSE,FALSE,FALSE,FALSE,FALSE,FALSE,FALSE,0,FALSE,FALSE,FALSE,,,FALSE,,,"PUNT","","Noah Godhard kickoff 65 yards to the BERRY00, touchback."
"20250920_l58t",2025,"2025-09-20",3,"regular","Carnegie Mellon","Berry","Centennial Conference","Southern Athletic Association",FALSE,85,12,2,3,2,"12:39",,"12:39","12:39","Berry","Carnegie Mellon",3,17,-14,1,10,75,FALSE,1,10,64,"pass_complete",TRUE,11,FALSE,TRUE,TRUE,FALSE,FALSE,FALSE,FALSE,FALSE,FALSE,FALSE,FALSE,FALSE,FALSE,FALSE,0,TRUE,FALSE,FALSE,,,FALSE,,,"PUNT","1st and 10 at BERRY25","Andrew Hunter pass complete to Bryce Herring for 11 yards to the BERRY36 (Victor Ruhland), out-of-bounds."
"20250920_l58t",2025,"2025-09-20",3,"regular","Carnegie Mellon","Berry","Centennial Conference","Southern Athletic Association",FALSE,86,12,3,3,2,,,"12:39","04:54","Berry","Carnegie Mellon",3,17,-14,1,10,64,FALSE,2,1,55,"rush",TRUE,9,TRUE,FALSE,FALSE,FALSE,FALSE,FALSE,FALSE,FALSE,FALSE,FALSE,FALSE,FALSE,FALSE,FALSE,0,FALSE,FALSE,FALSE,,,FALSE,,,"PUNT","1st and 10 at BERRY36","Andrew Hunter rush for 9 yards to the BERRY45 (Jack Lawson)."
"20250920_l58t",2025,"2025-09-20",3,"regular","Carnegie Mellon","Berry","Centennial Conference","Southern Athletic Association",FALSE,87,12,4,3,2,,,"12:39","04:54","Berry","Carnegie Mellon",3,17,-14,2,1,55,FALSE,1,10,49,"pass_complete",TRUE,6,FALSE,TRUE,TRUE,FALSE,FALSE,FALSE,FALSE,FALSE,FALSE,FALSE,FALSE,FALSE,FALSE,FALSE,0,TRUE,FALSE,FALSE,,,FALSE,,,"PUNT","2nd and 1 at BERRY45","Andrew Hunter pass complete to Colby Sikes for 6 yards to the CMU49 (Tai Mann; Bennett Grace)."
"20250920_l58t",2025,"2025-09-20",3,"regular","Carnegie Mellon","Berry","Centennial Conference","Southern Athletic Association",FALSE,88,12,5,3,2,,,"12:39","04:54","Berry","Carnegie Mellon",3,17,-14,1,10,49,FALSE,2,10,49,"pass_incomplete",TRUE,0,FALSE,TRUE,FALSE,FALSE,FALSE,FALSE,FALSE,FALSE,FALSE,FALSE,FALSE,FALSE,FALSE,FALSE,0,FALSE,FALSE,FALSE,,,FALSE,,,"PUNT","1st and 10 at CMU49","Andrew Hunter pass incomplete to Cameron Coleman."
"20250920_l58t",2025,"2025-09-20",3,"regular","Carnegie Mellon","Berry","Centennial Conference","Southern Athletic Association",FALSE,89,12,6,3,2,,,"12:39","04:54","Berry","Carnegie Mellon",3,17,-14,2,10,49,FALSE,3,11,50,"rush",TRUE,-1,TRUE,FALSE,FALSE,FALSE,FALSE,FALSE,FALSE,FALSE,FALSE,FALSE,FALSE,FALSE,FALSE,FALSE,0,FALSE,FALSE,FALSE,,,FALSE,,,"PUNT","2nd and 10 at CMU49","Andrew Hunter rush for loss of 1 yard to the 50 yardline (Bennett Grace)."
"20250920_l58t",2025,"2025-09-20",3,"regular","Carnegie Mellon","Berry","Centennial Conference","Southern Athletic Association",FALSE,90,12,7,3,2,,,"12:39","04:54","Berry","Carnegie Mellon",3,17,-14,3,11,50,FALSE,3,26,65,"pass_complete",TRUE,,FALSE,FALSE,FALSE,FALSE,FALSE,FALSE,FALSE,FALSE,FALSE,FALSE,FALSE,FALSE,FALSE,FALSE,0,FALSE,FALSE,TRUE,-15,"Berry",TRUE,FALSE,"PENALTY BERRY offense pass interference (Juelz Davis) 15 yards to the BERRY35, NO PLAY.","PUNT","3rd and 11 at BERRY50","Andrew Hunter pass complete to Colby Sikes for 13 yards to the CMU37 (Tai Mann), out-of-bounds, PENALTY BERRY offense pass interference (Juelz Davis) 15 yards to the BERRY35, NO PLAY."
"20250920_l58t",2025,"2025-09-20",3,"regular","Carnegie Mellon","Berry","Centennial Conference","Southern Athletic Association",FALSE,91,12,8,3,2,,,"12:39","04:54","Berry","Carnegie Mellon",3,17,-14,3,26,65,FALSE,1,10,55,"penalty_no_play",TRUE,,FALSE,FALSE,FALSE,FALSE,FALSE,FALSE,FALSE,FALSE,FALSE,FALSE,FALSE,FALSE,FALSE,FALSE,0,FALSE,TRUE,TRUE,10,"Carnegie Mellon",TRUE,FALSE,"PENALTY CMU holding 10 yards to the BERRY45.","PUNT","3rd and 26 at BERRY35","PENALTY CMU holding 10 yards to the BERRY45."
"20250920_l58t",2025,"2025-09-20",3,"regular","Carnegie Mellon","Berry","Centennial Conference","Southern Athletic Association",FALSE,92,12,9,3,2,,,"12:39","04:54","Berry","Carnegie Mellon",3,17,-14,1,10,55,FALSE,2,9,54,"rush",TRUE,1,TRUE,FALSE,FALSE,FALSE,FALSE,FALSE,FALSE,FALSE,FALSE,FALSE,FALSE,FALSE,FALSE,FALSE,0,FALSE,FALSE,FALSE,,,FALSE,,,"PUNT","1st and 10 at BERRY45","Brayden Hardy rush for 1 yard to the BERRY46 (Jack Lawson)."
"20250920_l58t",2025,"2025-09-20",3,"regular","Carnegie Mellon","Berry","Centennial Conference","Southern Athletic Association",FALSE,93,12,10,3,2,,,"12:39","04:54","Berry","Carnegie Mellon",3,17,-14,2,9,54,FALSE,3,1,46,"pass_complete",TRUE,8,FALSE,TRUE,TRUE,FALSE,FALSE,FALSE,FALSE,FALSE,FALSE,FALSE,FALSE,FALSE,FALSE,FALSE,0,FALSE,FALSE,FALSE,,,FALSE,,,"PUNT","2nd and 9 at BERRY46","Andrew Hunter pass complete to Colby Sikes for 8 yards to the CMU46 (Jacob Franze), out-of-bounds."
"20250920_l58t",2025,"2025-09-20",3,"regular","Carnegie Mellon","Berry","Centennial Conference","Southern Athletic Association",FALSE,94,12,11,3,2,,,"12:39","04:54","Berry","Carnegie Mellon",3,17,-14,3,1,46,FALSE,1,10,45,"rush",TRUE,1,TRUE,FALSE,FALSE,FALSE,FALSE,FALSE,FALSE,FALSE,FALSE,FALSE,FALSE,FALSE,FALSE,FALSE,0,TRUE,FALSE,FALSE,,,FALSE,,,"PUNT","3rd and 1 at CMU46","Brayden Hardy rush for 1 yard to the CMU45 (Jacob Franze; Victor Ruhland)."
"20250920_l58t",2025,"2025-09-20",3,"regular","Carnegie Mellon","Berry","Centennial Conference","Southern Athletic Association",FALSE,95,12,12,3,2,,,"12:39","04:54","Berry","Carnegie Mellon",3,17,-14,1,10,45,FALSE,2,18,53,"sack",TRUE,-8,FALSE,FALSE,FALSE,TRUE,FALSE,FALSE,FALSE,FALSE,FALSE,FALSE,FALSE,FALSE,FALSE,FALSE,0,FALSE,FALSE,FALSE,,,FALSE,,,"PUNT","1st and 10 at CMU45","Andrew Hunter sacked for loss of 8 yards to the BERRY47 (Bennett Grace)."
"20250920_l58t",2025,"2025-09-20",3,"regular","Carnegie Mellon","Berry","Centennial Conference","Southern Athletic Association",FALSE,96,12,13,3,2,,,"12:39","04:54","Berry","Carnegie Mellon",3,17,-14,2,18,53,FALSE,3,15,50,"rush",TRUE,3,TRUE,FALSE,FALSE,FALSE,FALSE,FALSE,FALSE,FALSE,FALSE,FALSE,FALSE,FALSE,FALSE,FALSE,0,FALSE,FALSE,FALSE,,,FALSE,,,"PUNT","2nd and 18 at BERRY47","Andrew Hunter rush for 3 yards to the 50 yardline (Gabe Bonnet)."
"20250920_l58t",2025,"2025-09-20",3,"regular","Carnegie Mellon","Berry","Centennial Conference","Southern Athletic Association",FALSE,97,12,14,3,2,,,"12:39","04:54","Berry","Carnegie Mellon",3,17,-14,3,15,50,FALSE,4,4,39,"rush",TRUE,11,TRUE,FALSE,FALSE,FALSE,FALSE,FALSE,FALSE,FALSE,FALSE,FALSE,FALSE,FALSE,FALSE,FALSE,0,FALSE,FALSE,FALSE,,,FALSE,,,"PUNT","3rd and 15 at BERRY50","Andrew Hunter rush for 11 yards to the CMU39 (Leighton Tarke)."
"20250920_l58t",2025,"2025-09-20",3,"regular","Carnegie Mellon","Berry","Centennial Conference","Southern Athletic Association",FALSE,98,12,15,3,2,,,"12:39","04:54","Berry","Carnegie Mellon",3,17,-14,4,4,39,FALSE,4,9,44,"pass_complete",TRUE,,FALSE,FALSE,FALSE,FALSE,FALSE,FALSE,FALSE,FALSE,FALSE,FALSE,FALSE,FALSE,FALSE,FALSE,0,FALSE,FALSE,TRUE,-5,"Berry",TRUE,FALSE,"PENALTY BERRY illegal shift 5 yards to the CMU44, NO PLAY.","PUNT","4th and 4 at CMU39","Andrew Hunter pass complete to Colby Sikes for 17 yards to the CMU22, out-of-bounds, PENALTY BERRY illegal shift 5 yards to the CMU44, NO PLAY."
"20250920_l58t",2025,"2025-09-20",3,"regular","Carnegie Mellon","Berry","Centennial Conference","Southern Athletic Association",FALSE,99,12,16,3,2,,"04:54","12:39","04:54","Berry","Carnegie Mellon",3,17,-14,4,9,44,FALSE,1,10,80,"punt_no_return",TRUE,,FALSE,FALSE,FALSE,FALSE,FALSE,FALSE,FALSE,FALSE,FALSE,FALSE,FALSE,FALSE,TRUE,FALSE,0,FALSE,FALSE,FALSE,,,FALSE,,,"PUNT","4th and 9 at CMU44","Miles Hamby punt 44 yards to the CMU00, touchback."
"20250920_l58t",2025,"2025-09-20",3,"regular","Carnegie Mellon","Berry","Centennial Conference","Southern Athletic Association",FALSE,100,13,1,3,2,"04:54",,"04:54","04:54","Carnegie Mellon","Berry",17,3,14,1,10,80,FALSE,2,4,74,"rush",TRUE,6,TRUE,FALSE,FALSE,FALSE,FALSE,FALSE,FALSE,FALSE,FALSE,FALSE,FALSE,FALSE,FALSE,FALSE,0,FALSE,FALSE,FALSE,,,FALSE,,,"PUNT","1st and 10 at CMU20","Willem Bouma rush for 6 yards to the CMU26 (Gian Traverzo; Will Johnson)."
"20250920_l58t",2025,"2025-09-20",3,"regular","Carnegie Mellon","Berry","Centennial Conference","Southern Athletic Association",FALSE,101,13,2,3,2,,,"04:54","01:33","Carnegie Mellon","Berry",17,3,14,2,4,74,FALSE,2,9,79,"penalty_no_play",TRUE,,FALSE,FALSE,FALSE,FALSE,FALSE,FALSE,FALSE,FALSE,FALSE,FALSE,FALSE,FALSE,FALSE,FALSE,0,FALSE,FALSE,TRUE,-5,"Carnegie Mellon",TRUE,FALSE,"PENALTY CMU false start 5 yards to the CMU21.","PUNT","2nd and 4 at CMU26","PENALTY CMU false start 5 yards to the CMU21."
"20250920_l58t",2025,"2025-09-20",3,"regular","Carnegie Mellon","Berry","Centennial Conference","Southern Athletic Association",FALSE,102,13,3,3,2,,,"04:54","01:33","Carnegie Mellon","Berry",17,3,14,2,9,79,FALSE,3,4,74,"rush",TRUE,5,TRUE,FALSE,FALSE,FALSE,FALSE,FALSE,FALSE,FALSE,FALSE,FALSE,FALSE,FALSE,FALSE,FALSE,0,FALSE,FALSE,FALSE,,,FALSE,,,"PUNT","2nd and 9 at CMU21","Willem Bouma rush for 5 yards to the CMU26 (Gian Traverzo)."
"20250920_l58t",2025,"2025-09-20",3,"regular","Carnegie Mellon","Berry","Centennial Conference","Southern Athletic Association",FALSE,103,13,4,3,2,,,"04:54","01:33","Carnegie Mellon","Berry",17,3,14,3,4,74,FALSE,1,10,70,"rush",TRUE,4,TRUE,FALSE,FALSE,FALSE,FALSE,FALSE,FALSE,FALSE,FALSE,FALSE,FALSE,FALSE,FALSE,FALSE,0,TRUE,FALSE,FALSE,,,FALSE,,,"PUNT","3rd and 4 at CMU26","Willem Bouma rush for 4 yards to the CMU30 (Brycen Williams), out-of-bounds."
"20250920_l58t",2025,"2025-09-20",3,"regular","Carnegie Mellon","Berry","Centennial Conference","Southern Athletic Association",FALSE,104,13,5,3,2,,,"04:54","01:33","Carnegie Mellon","Berry",17,3,14,1,10,70,FALSE,2,8,68,"rush",TRUE,2,TRUE,FALSE,FALSE,FALSE,FALSE,FALSE,FALSE,FALSE,FALSE,FALSE,FALSE,FALSE,FALSE,FALSE,0,FALSE,FALSE,FALSE,,,FALSE,,,"PUNT","1st and 10 at CMU30","Joey McGinnis I rush for 2 yards to the CMU32 (Will Johnson; Dawson Livingst)."
"20250920_l58t",2025,"2025-09-20",3,"regular","Carnegie Mellon","Berry","Centennial Conference","Southern Athletic Association",FALSE,105,13,6,3,2,,,"04:54","01:33","Carnegie Mellon","Berry",17,3,14,2,8,68,FALSE,1,10,45,"pass_complete",TRUE,23,FALSE,TRUE,TRUE,FALSE,FALSE,FALSE,FALSE,FALSE,FALSE,FALSE,FALSE,FALSE,FALSE,FALSE,0,TRUE,FALSE,FALSE,,,FALSE,,,"PUNT","2nd and 8 at CMU32","Joey McGinnis I pass complete to Reece Kolke for 23 yards to the BERRY45."
"20250920_l58t",2025,"2025-09-20",3,"regular","Carnegie Mellon","Berry","Centennial Conference","Southern Athletic Association",FALSE,106,13,7,3,2,,,"04:54","01:33","Carnegie Mellon","Berry",17,3,14,1,10,45,FALSE,2,10,45,"pass_incomplete",TRUE,0,FALSE,TRUE,FALSE,FALSE,FALSE,FALSE,FALSE,FALSE,FALSE,FALSE,FALSE,FALSE,FALSE,FALSE,0,FALSE,FALSE,FALSE,,,FALSE,,,"PUNT","1st and 10 at BERRY45","Joey McGinnis I pass incomplete to Nick McCullough."
"20250920_l58t",2025,"2025-09-20",3,"regular","Carnegie Mellon","Berry","Centennial Conference","Southern Athletic Association",FALSE,107,13,8,3,2,,,"04:54","01:33","Carnegie Mellon","Berry",17,3,14,2,10,45,FALSE,3,6,41,"rush",TRUE,4,TRUE,FALSE,FALSE,FALSE,FALSE,FALSE,FALSE,FALSE,FALSE,FALSE,FALSE,FALSE,FALSE,FALSE,0,FALSE,FALSE,FALSE,,,FALSE,,,"PUNT","2nd and 10 at BERRY45","Joey McGinnis I rush for 4 yards to the BERRY41 (Buie Crawford)."
"20250920_l58t",2025,"2025-09-20",3,"regular","Carnegie Mellon","Berry","Centennial Conference","Southern Athletic Association",FALSE,108,13,9,3,2,"01:33",,"01:33","01:33","Carnegie Mellon","Berry",17,3,14,3,6,41,FALSE,4,7,42,"rush",TRUE,-1,TRUE,FALSE,FALSE,FALSE,FALSE,FALSE,FALSE,FALSE,FALSE,FALSE,FALSE,FALSE,FALSE,FALSE,0,FALSE,FALSE,FALSE,,,FALSE,,,"PUNT","3rd and 6 at BERRY41","Joey McGinnis I rush for loss of 1 yard to the BERRY42 (Jack Murray; David Attaochu)."
"20250920_l58t",2025,"2025-09-20",3,"regular","Carnegie Mellon","Berry","Centennial Conference","Southern Athletic Association",FALSE,109,13,10,3,2,,"00:38","01:33","00:38","Carnegie Mellon","Berry",17,3,14,4,7,42,FALSE,1,10,96,"punt_no_return",TRUE,,FALSE,FALSE,FALSE,FALSE,FALSE,FALSE,FALSE,FALSE,FALSE,FALSE,FALSE,FALSE,TRUE,FALSE,0,FALSE,FALSE,FALSE,,,FALSE,,,"PUNT","4th and 7 at BERRY42","John Norell punt 38 yards to the BERRY04, downed."
"20250920_l58t",2025,"2025-09-20",3,"regular","Carnegie Mellon","Berry","Centennial Conference","Southern Athletic Association",FALSE,110,14,1,3,2,"00:38",,"00:38","00:38","Berry","Carnegie Mellon",3,17,-14,1,10,96,FALSE,2,6,92,"rush",TRUE,4,TRUE,FALSE,FALSE,FALSE,FALSE,FALSE,FALSE,FALSE,FALSE,FALSE,FALSE,FALSE,FALSE,FALSE,0,FALSE,FALSE,FALSE,,,FALSE,,,"PUNT","1st and 10 at BERRY04","Andrew Hunter rush for 4 yards to the BERRY08 (Victor Ruhland)."
"20250920_l58t",2025,"2025-09-20",3,"regular","Carnegie Mellon","Berry","Centennial Conference","Southern Athletic Association",FALSE,111,14,2,4,2,"15:00",,"15:00","15:00","Berry","Carnegie Mellon",3,17,-14,2,6,92,FALSE,1,10,81,"rush",TRUE,11,TRUE,FALSE,FALSE,FALSE,FALSE,FALSE,FALSE,FALSE,FALSE,FALSE,FALSE,FALSE,FALSE,FALSE,0,TRUE,FALSE,FALSE,,,FALSE,,,"PUNT","2nd and 6 at BERRY08","Colby Sikes rush for 11 yards to the BERRY19 (Avery Campbell; Bennett Grace)."
"20250920_l58t",2025,"2025-09-20",3,"regular","Carnegie Mellon","Berry","Centennial Conference","Southern Athletic Association",FALSE,112,14,3,4,2,,,"15:00","13:33","Berry","Carnegie Mellon",3,17,-14,1,10,81,FALSE,2,5,76,"pass_complete",TRUE,5,FALSE,TRUE,TRUE,FALSE,FALSE,FALSE,FALSE,FALSE,FALSE,FALSE,FALSE,FALSE,FALSE,FALSE,0,FALSE,FALSE,FALSE,,,FALSE,,,"PUNT","1st and 10 at BERRY19","Andrew Hunter pass complete to Colby Sikes for 5 yards to the BERRY24 (Connor Warren), out-of-bounds."
"20250920_l58t",2025,"2025-09-20",3,"regular","Carnegie Mellon","Berry","Centennial Conference","Southern Athletic Association",FALSE,113,14,4,4,2,,,"15:00","13:33","Berry","Carnegie Mellon",3,17,-14,2,5,76,FALSE,3,5,76,"pass_incomplete",TRUE,0,FALSE,TRUE,FALSE,FALSE,FALSE,FALSE,FALSE,FALSE,FALSE,FALSE,FALSE,FALSE,FALSE,FALSE,0,FALSE,FALSE,FALSE,,,FALSE,,,"PUNT","2nd and 5 at BERRY24","Andrew Hunter pass incomplete (Mitchell Stokey)."
"20250920_l58t",2025,"2025-09-20",3,"regular","Carnegie Mellon","Berry","Centennial Conference","Southern Athletic Association",FALSE,114,14,5,4,2,,,"15:00","13:33","Berry","Carnegie Mellon",3,17,-14,3,5,76,FALSE,4,5,76,"pass_incomplete",TRUE,0,FALSE,TRUE,FALSE,FALSE,FALSE,FALSE,FALSE,FALSE,FALSE,FALSE,FALSE,FALSE,FALSE,FALSE,0,FALSE,FALSE,FALSE,,,FALSE,,,"PUNT","3rd and 5 at BERRY24","Andrew Hunter pass incomplete to Brayden Hardy, QB hurry by Amani Tchamwa."
"20250920_l58t",2025,"2025-09-20",3,"regular","Carnegie Mellon","Berry","Centennial Conference","Southern Athletic Association",FALSE,115,14,6,4,2,,"13:33","15:00","13:33","Berry","Carnegie Mellon",3,17,-14,4,5,76,FALSE,1,10,67,"punt_no_return",TRUE,,FALSE,FALSE,FALSE,FALSE,FALSE,FALSE,FALSE,FALSE,FALSE,FALSE,FALSE,FALSE,TRUE,FALSE,0,FALSE,FALSE,FALSE,,,FALSE,,,"PUNT","4th and 5 at BERRY24","Miles Hamby punt 43 yards to the CMU33, out-of-bounds."
"20250920_l58t",2025,"2025-09-20",3,"regular","Carnegie Mellon","Berry","Centennial Conference","Southern Athletic Association",FALSE,116,15,1,4,2,"13:33",,"13:33","13:33","Carnegie Mellon","Berry",17,3,14,1,10,67,FALSE,2,10,67,"pass_incomplete",TRUE,0,FALSE,TRUE,FALSE,FALSE,FALSE,FALSE,FALSE,FALSE,FALSE,FALSE,FALSE,FALSE,FALSE,FALSE,0,FALSE,FALSE,FALSE,,,FALSE,,,"INT","1st and 10 at CMU33","Joey McGinnis I pass incomplete to Reece Kolke, dropped pass."
"20250920_l58t",2025,"2025-09-20",3,"regular","Carnegie Mellon","Berry","Centennial Conference","Southern Athletic Association",FALSE,117,15,2,4,2,,,"13:33","11:20","Carnegie Mellon","Berry",17,3,14,2,10,67,FALSE,3,2,59,"pass_complete",TRUE,8,FALSE,TRUE,TRUE,FALSE,FALSE,FALSE,FALSE,FALSE,FALSE,FALSE,FALSE,FALSE,FALSE,FALSE,0,FALSE,FALSE,FALSE,,,FALSE,,,"INT","2nd and 10 at CMU33","Joey McGinnis I pass complete to Brendan McCullo for 8 yards to the CMU41 (Jaden Melville)."
"20250920_l58t",2025,"2025-09-20",3,"regular","Carnegie Mellon","Berry","Centennial Conference","Southern Athletic Association",FALSE,118,15,3,4,2,,,"13:33","11:20","Carnegie Mellon","Berry",17,3,14,3,2,59,FALSE,1,10,50,"rush",TRUE,9,TRUE,FALSE,FALSE,FALSE,FALSE,FALSE,FALSE,FALSE,FALSE,FALSE,FALSE,FALSE,FALSE,FALSE,0,TRUE,FALSE,FALSE,,,FALSE,,,"INT","3rd and 2 at CMU41","Joey McGinnis I rush for 9 yards to the 50 yardline (Will Johnson)."
"20250920_l58t",2025,"2025-09-20",3,"regular","Carnegie Mellon","Berry","Centennial Conference","Southern Athletic Association",FALSE,119,15,4,4,2,,,"13:33","11:20","Carnegie Mellon","Berry",17,3,14,1,10,50,FALSE,2,13,53,"rush",TRUE,-3,TRUE,FALSE,FALSE,FALSE,FALSE,FALSE,FALSE,FALSE,FALSE,FALSE,FALSE,FALSE,FALSE,FALSE,0,FALSE,FALSE,FALSE,,,FALSE,,,"INT","1st and 10 at CMU50","Willem Bouma rush for loss of 3 yards to the CMU47 (Dawson Livingst; Michael Clark)."
"20250920_l58t",2025,"2025-09-20",3,"regular","Carnegie Mellon","Berry","Centennial Conference","Southern Athletic Association",FALSE,120,15,5,4,2,,"11:20","13:33","11:20","Carnegie Mellon","Berry",17,3,14,2,13,53,FALSE,1,10,52,"pass_intercepted",TRUE,,FALSE,TRUE,FALSE,FALSE,TRUE,FALSE,TRUE,FALSE,FALSE,FALSE,FALSE,FALSE,FALSE,FALSE,0,FALSE,FALSE,FALSE,,,FALSE,,,"INT","2nd and 13 at CMU47","Joey McGinnis I pass intercepted by Chaz Pope at the BERRY36, Chaz Pope return 12 yards to the BERRY48 (Takashi Shaw; Charlie Katarin)."
"20250920_l58t",2025,"2025-09-20",3,"regular","Carnegie Mellon","Berry","Centennial Conference","Southern Athletic Association",FALSE,121,16,1,4,2,"11:20",,"11:20","11:20","Berry","Carnegie Mellon",3,17,-14,1,10,52,FALSE,2,10,52,"pass_incomplete",TRUE,0,FALSE,TRUE,FALSE,FALSE,FALSE,FALSE,FALSE,FALSE,FALSE,FALSE,FALSE,FALSE,FALSE,FALSE,0,FALSE,FALSE,FALSE,,,FALSE,,,"DOWNS","1st and 10 at BERRY48","Andrew Hunter pass incomplete (Bennett Grace)."
"20250920_l58t",2025,"2025-09-20",3,"regular","Carnegie Mellon","Berry","Centennial Conference","Southern Athletic Association",FALSE,122,16,2,4,2,,,"11:20","09:00","Berry","Carnegie Mellon",3,17,-14,2,10,52,FALSE,1,10,32,"rush",TRUE,20,TRUE,FALSE,FALSE,FALSE,FALSE,FALSE,FALSE,FALSE,FALSE,FALSE,FALSE,FALSE,FALSE,FALSE,0,TRUE,FALSE,FALSE,,,FALSE,,,"DOWNS","2nd and 10 at BERRY48","Andrew Hunter rush for 20 yards to the CMU32 (Victor Ruhland; Ethan Ming)."
"20250920_l58t",2025,"2025-09-20",3,"regular","Carnegie Mellon","Berry","Centennial Conference","Southern Athletic Association",FALSE,123,16,3,4,2,,,"11:20","09:00","Berry","Carnegie Mellon",3,17,-14,1,10,32,FALSE,2,10,32,"pass_incomplete",TRUE,0,FALSE,TRUE,FALSE,FALSE,FALSE,FALSE,FALSE,FALSE,FALSE,FALSE,FALSE,FALSE,FALSE,FALSE,0,FALSE,FALSE,FALSE,,,FALSE,,,"DOWNS","1st and 10 at CMU32","Andrew Hunter pass incomplete to Hunter Coleman (Leighton Tarke)."
"20250920_l58t",2025,"2025-09-20",3,"regular","Carnegie Mellon","Berry","Centennial Conference","Southern Athletic Association",FALSE,124,16,4,4,2,,,"11:20","09:00","Berry","Carnegie Mellon",3,17,-14,2,10,32,FALSE,3,7,29,"rush",TRUE,3,TRUE,FALSE,FALSE,FALSE,FALSE,FALSE,FALSE,FALSE,FALSE,FALSE,FALSE,FALSE,FALSE,FALSE,0,FALSE,FALSE,FALSE,,,FALSE,,,"DOWNS","2nd and 10 at CMU32","Andrew Hunter rush for 3 yards to the CMU29 (Jacob Franze; Grayson Metz)."
"20250920_l58t",2025,"2025-09-20",3,"regular","Carnegie Mellon","Berry","Centennial Conference","Southern Athletic Association",FALSE,125,16,5,4,2,,,"11:20","09:00","Berry","Carnegie Mellon",3,17,-14,3,7,29,FALSE,3,12,34,"penalty_no_play",TRUE,,FALSE,FALSE,FALSE,FALSE,FALSE,FALSE,FALSE,FALSE,FALSE,FALSE,FALSE,FALSE,FALSE,FALSE,0,FALSE,FALSE,TRUE,-5,"Berry",TRUE,FALSE,"PENALTY BERRY false start 5 yards to the CMU34.","DOWNS","3rd and 7 at CMU29","PENALTY BERRY false start 5 yards to the CMU34."
"20250920_l58t",2025,"2025-09-20",3,"regular","Carnegie Mellon","Berry","Centennial Conference","Southern Athletic Association",FALSE,126,16,6,4,2,,,"11:20","09:00","Berry","Carnegie Mellon",3,17,-14,3,12,34,FALSE,4,6,28,"rush",TRUE,6,TRUE,FALSE,FALSE,FALSE,FALSE,FALSE,FALSE,FALSE,FALSE,FALSE,FALSE,FALSE,FALSE,FALSE,0,FALSE,FALSE,FALSE,,,FALSE,,,"DOWNS","3rd and 12 at CMU34","Andrew Hunter rush for 6 yards to the CMU28 (Bennett Grace; Jack Lawson)."
"20250920_l58t",2025,"2025-09-20",3,"regular","Carnegie Mellon","Berry","Centennial Conference","Southern Athletic Association",FALSE,127,16,7,4,2,,"09:00","11:20","09:00","Berry","Carnegie Mellon",3,17,-14,4,6,28,FALSE,1,10,72,"pass_incomplete",TRUE,0,FALSE,TRUE,FALSE,FALSE,FALSE,FALSE,TRUE,TRUE,FALSE,FALSE,FALSE,FALSE,FALSE,FALSE,0,FALSE,FALSE,FALSE,,,FALSE,,,"DOWNS","4th and 6 at CMU28","Andrew Hunter pass incomplete to Bryce Herring."
"20250920_l58t",2025,"2025-09-20",3,"regular","Carnegie Mellon","Berry","Centennial Conference","Southern Athletic Association",FALSE,128,17,1,4,2,"09:00",,"09:00","09:00","Carnegie Mellon","Berry",17,3,14,1,10,72,FALSE,1,20,82,"rush",TRUE,,FALSE,FALSE,FALSE,FALSE,FALSE,FALSE,FALSE,FALSE,FALSE,FALSE,FALSE,FALSE,FALSE,FALSE,0,FALSE,FALSE,TRUE,-10,"Carnegie Mellon",TRUE,FALSE,"PENALTY CMU holding (Conor Gaul) 10 yards to the CMU18, NO PLAY.","PUNT","1st and 10 at CMU28","Willem Bouma rush for 3 yards to the CMU31 (Alex Mincey), PENALTY CMU holding (Conor Gaul) 10 yards to the CMU18, NO PLAY."
"20250920_l58t",2025,"2025-09-20",3,"regular","Carnegie Mellon","Berry","Centennial Conference","Southern Athletic Association",FALSE,129,17,2,4,2,,,"09:00","09:00","Carnegie Mellon","Berry",17,3,14,1,20,82,FALSE,2,22,84,"rush",TRUE,-2,TRUE,FALSE,FALSE,FALSE,FALSE,FALSE,FALSE,FALSE,FALSE,FALSE,FALSE,FALSE,FALSE,FALSE,0,FALSE,FALSE,FALSE,,,FALSE,,,"PUNT","1st and 20 at CMU18","Willem Bouma rush for loss of 2 yards to the CMU16 (Alex Mincey)."
"20250920_l58t",2025,"2025-09-20",3,"regular","Carnegie Mellon","Berry","Centennial Conference","Southern Athletic Association",FALSE,130,17,3,4,2,,,"09:00","09:00","Carnegie Mellon","Berry",17,3,14,2,22,84,FALSE,3,17,79,"rush",TRUE,5,TRUE,FALSE,FALSE,FALSE,FALSE,FALSE,FALSE,FALSE,FALSE,FALSE,FALSE,FALSE,FALSE,FALSE,0,FALSE,FALSE,FALSE,,,FALSE,,,"PUNT","2nd and 22 at CMU16","Joey McGinnis I rush for 5 yards to the CMU21 (Carver Cole; Cade Petty)."
"20250920_l58t",2025,"2025-09-20",3,"regular","Carnegie Mellon","Berry","Centennial Conference","Southern Athletic Association",FALSE,131,17,4,4,2,,,"09:00","09:00","Carnegie Mellon","Berry",17,3,14,3,17,79,FALSE,4,14,76,"rush",TRUE,3,TRUE,FALSE,FALSE,FALSE,FALSE,FALSE,FALSE,FALSE,FALSE,FALSE,FALSE,FALSE,FALSE,FALSE,0,FALSE,FALSE,FALSE,,,FALSE,,,"PUNT","3rd and 17 at CMU21","Willem Bouma rush for 3 yards to the CMU24 (Carver Cole)."
"20250920_l58t",2025,"2025-09-20",3,"regular","Carnegie Mellon","Berry","Centennial Conference","Southern Athletic Association",FALSE,132,17,5,4,2,,,"09:00","09:00","Carnegie Mellon","Berry",17,3,14,4,14,76,FALSE,1,10,61,"punt_no_return",TRUE,,FALSE,FALSE,FALSE,FALSE,FALSE,FALSE,FALSE,FALSE,FALSE,FALSE,FALSE,FALSE,FALSE,FALSE,0,FALSE,TRUE,TRUE,15,"Berry",TRUE,FALSE,"PENALTY BERRY personal foul 15 yards to the CMU39, NO PLAY.","PUNT","4th and 14 at CMU24","John Norell punt 30 yards to the BERRY46, fair catch by Nate Lyons, PENALTY BERRY personal foul 15 yards to the CMU39, NO PLAY."
"20250920_l58t",2025,"2025-09-20",3,"regular","Carnegie Mellon","Berry","Centennial Conference","Southern Athletic Association",FALSE,133,17,6,4,2,"09:00",,"09:00","09:00","Carnegie Mellon","Berry",17,3,14,1,10,61,FALSE,2,9,60,"rush",TRUE,1,TRUE,FALSE,FALSE,FALSE,FALSE,FALSE,FALSE,FALSE,FALSE,FALSE,FALSE,FALSE,FALSE,FALSE,0,FALSE,FALSE,FALSE,,,FALSE,,,"PUNT","1st and 10 at CMU39","Willem Bouma rush for 1 yard to the CMU40 (Gian Traverzo; Michael Clark)."
"20250920_l58t",2025,"2025-09-20",3,"regular","Carnegie Mellon","Berry","Centennial Conference","Southern Athletic Association",FALSE,134,17,7,4,2,,,"09:00","02:46","Carnegie Mellon","Berry",17,3,14,2,9,60,FALSE,3,9,60,"pass_incomplete",TRUE,0,FALSE,TRUE,FALSE,FALSE,FALSE,FALSE,FALSE,FALSE,FALSE,FALSE,FALSE,FALSE,FALSE,FALSE,0,FALSE,FALSE,FALSE,,,FALSE,,,"PUNT","2nd and 9 at CMU40","Joey McGinnis I pass incomplete to Reece Kolke (Steven Pickett)."
"20250920_l58t",2025,"2025-09-20",3,"regular","Carnegie Mellon","Berry","Centennial Conference","Southern Athletic Association",FALSE,135,17,8,4,2,,,"09:00","02:46","Carnegie Mellon","Berry",17,3,14,3,9,60,FALSE,1,10,35,"rush",TRUE,25,TRUE,FALSE,FALSE,FALSE,FALSE,FALSE,FALSE,FALSE,FALSE,FALSE,FALSE,FALSE,FALSE,FALSE,0,TRUE,FALSE,FALSE,,,FALSE,,,"PUNT","3rd and 9 at CMU40","Willem Bouma rush for 25 yards to the BERRY35 (Jack Murray), out-of-bounds."
"20250920_l58t",2025,"2025-09-20",3,"regular","Carnegie Mellon","Berry","Centennial Conference","Southern Athletic Association",FALSE,136,17,9,4,2,,,"09:00","02:46","Carnegie Mellon","Berry",17,3,14,1,10,35,FALSE,2,13,38,"rush",TRUE,-3,TRUE,FALSE,FALSE,FALSE,FALSE,FALSE,FALSE,FALSE,FALSE,FALSE,FALSE,FALSE,FALSE,FALSE,0,FALSE,FALSE,FALSE,,,FALSE,,,"PUNT","1st and 10 at BERRY35","Joey McGinnis I rush for loss of 3 yards to the BERRY38 (Brycen Williams; Cade Petty)."
"20250920_l58t",2025,"2025-09-20",3,"regular","Carnegie Mellon","Berry","Centennial Conference","Southern Athletic Association",FALSE,137,17,10,4,2,,,"09:00","02:46","Carnegie Mellon","Berry",17,3,14,2,13,38,FALSE,3,11,36,"rush",TRUE,2,TRUE,FALSE,FALSE,FALSE,FALSE,FALSE,FALSE,FALSE,FALSE,FALSE,FALSE,FALSE,FALSE,FALSE,0,FALSE,FALSE,FALSE,,,FALSE,,,"PUNT","2nd and 13 at BERRY38","Willem Bouma rush for 2 yards to the BERRY36 (Carver Cole)."
"20250920_l58t",2025,"2025-09-20",3,"regular","Carnegie Mellon","Berry","Centennial Conference","Southern Athletic Association",FALSE,138,17,11,4,2,,,"09:00","02:46","Carnegie Mellon","Berry",17,3,14,3,11,36,FALSE,4,12,37,"rush",TRUE,-1,TRUE,FALSE,FALSE,FALSE,FALSE,FALSE,FALSE,FALSE,FALSE,FALSE,FALSE,FALSE,FALSE,FALSE,0,FALSE,FALSE,FALSE,,,FALSE,,,"PUNT","3rd and 11 at BERRY36","Willem Bouma rush for loss of 1 yard to the BERRY37 (Will Johnson)."
"20250920_l58t",2025,"2025-09-20",3,"regular","Carnegie Mellon","Berry","Centennial Conference","Southern Athletic Association",FALSE,139,17,12,4,2,"02:46","02:39","02:46","02:46","Carnegie Mellon","Berry",17,3,14,4,12,37,FALSE,1,10,88,"punt_no_return",TRUE,,FALSE,FALSE,FALSE,FALSE,FALSE,FALSE,FALSE,FALSE,FALSE,FALSE,FALSE,FALSE,TRUE,FALSE,0,FALSE,FALSE,FALSE,,,FALSE,,,"PUNT","4th and 12 at BERRY37","John Norell punt 25 yards to the BERRY12, fair catch by Nate Lyons."
"20250920_l58t",2025,"2025-09-20",3,"regular","Carnegie Mellon","Berry","Centennial Conference","Southern Athletic Association",FALSE,140,18,1,4,2,"02:39",,"02:39","02:39","Berry","Carnegie Mellon",3,17,-14,1,10,88,FALSE,2,7,85,"rush",TRUE,3,TRUE,FALSE,FALSE,FALSE,FALSE,FALSE,FALSE,FALSE,FALSE,FALSE,FALSE,FALSE,FALSE,FALSE,0,FALSE,FALSE,FALSE,,,FALSE,,,"TD","1st and 10 at BERRY12","Brayden Hardy rush for 3 yards to the BERRY15 (Amani Tchamwa; Connor Warren)."
"20250920_l58t",2025,"2025-09-20",3,"regular","Carnegie Mellon","Berry","Centennial Conference","Southern Athletic Association",FALSE,141,18,2,4,2,,,"02:39","01:58","Berry","Carnegie Mellon",3,17,-14,2,7,85,FALSE,3,7,85,"pass_incomplete",TRUE,0,FALSE,TRUE,FALSE,FALSE,FALSE,FALSE,FALSE,FALSE,FALSE,FALSE,FALSE,FALSE,FALSE,FALSE,0,FALSE,FALSE,FALSE,,,FALSE,,,"TD","2nd and 7 at BERRY15","Andrew Hunter pass incomplete to Colby Sikes."
"20250920_l58t",2025,"2025-09-20",3,"regular","Carnegie Mellon","Berry","Centennial Conference","Southern Athletic Association",FALSE,142,18,3,4,2,,,"02:39","01:58","Berry","Carnegie Mellon",3,17,-14,3,7,85,FALSE,3,12,90,"penalty_no_play",TRUE,,FALSE,FALSE,FALSE,FALSE,FALSE,FALSE,FALSE,FALSE,FALSE,FALSE,FALSE,FALSE,FALSE,FALSE,0,FALSE,FALSE,TRUE,-5,"Berry",TRUE,FALSE,"PENALTY BERRY false start (Bryson Hill) 5 yards to the BERRY10.","TD","3rd and 7 at BERRY15","PENALTY BERRY false start (Bryson Hill) 5 yards to the BERRY10."
"20250920_l58t",2025,"2025-09-20",3,"regular","Carnegie Mellon","Berry","Centennial Conference","Southern Athletic Association",FALSE,143,18,4,4,2,,,"02:39","01:58","Berry","Carnegie Mellon",3,17,-14,3,12,90,FALSE,1,10,75,"pass_complete",TRUE,15,FALSE,TRUE,TRUE,FALSE,FALSE,FALSE,FALSE,FALSE,FALSE,FALSE,FALSE,FALSE,FALSE,FALSE,0,TRUE,FALSE,FALSE,,,FALSE,,,"TD","3rd and 12 at BERRY10","Andrew Hunter pass complete to Brendan Gray for 15 yards to the BERRY25 (Gabe Bonnet)."
"20250920_l58t",2025,"2025-09-20",3,"regular","Carnegie Mellon","Berry","Centennial Conference","Southern Athletic Association",FALSE,144,18,5,4,2,,,"02:39","01:58","Berry","Carnegie Mellon",3,17,-14,1,10,75,FALSE,2,10,75,"pass_incomplete",TRUE,0,FALSE,TRUE,FALSE,FALSE,FALSE,FALSE,FALSE,FALSE,FALSE,FALSE,FALSE,FALSE,FALSE,FALSE,0,FALSE,FALSE,FALSE,,,FALSE,,,"TD","1st and 10 at BERRY25","Andrew Hunter pass incomplete to Bryce Herring."
"20250920_l58t",2025,"2025-09-20",3,"regular","Carnegie Mellon","Berry","Centennial Conference","Southern Athletic Association",FALSE,145,18,6,4,2,,,"01:58","01:19","Berry","Carnegie Mellon",3,17,-14,2,10,75,FALSE,3,17,82,"sack",TRUE,-7,FALSE,FALSE,FALSE,TRUE,FALSE,FALSE,FALSE,FALSE,FALSE,FALSE,FALSE,FALSE,FALSE,FALSE,0,FALSE,FALSE,FALSE,,,FALSE,,,"TD","2nd and 10 at BERRY25","Andrew Hunter sacked for loss of 7 yards to the BERRY18 (Mitchell Stokey)."
"20250920_l58t",2025,"2025-09-20",3,"regular","Carnegie Mellon","Berry","Centennial Conference","Southern Athletic Association",FALSE,146,18,7,4,2,,,"01:58","01:19","Berry","Carnegie Mellon",3,17,-14,3,17,82,FALSE,4,11,76,"pass_complete",TRUE,6,FALSE,TRUE,TRUE,FALSE,FALSE,FALSE,FALSE,FALSE,FALSE,FALSE,FALSE,FALSE,FALSE,FALSE,0,FALSE,FALSE,FALSE,,,FALSE,,,"TD","3rd and 17 at BERRY18","Andrew Hunter pass complete to Brayden Hardy for 6 yards to the BERRY24."
"20250920_l58t",2025,"2025-09-20",3,"regular","Carnegie Mellon","Berry","Centennial Conference","Southern Athletic Association",FALSE,147,18,8,4,2,"01:19",,"01:19","01:19","Berry","Carnegie Mellon",3,17,-14,4,11,76,FALSE,1,10,50,"pass_complete",TRUE,26,FALSE,TRUE,TRUE,FALSE,FALSE,FALSE,FALSE,FALSE,FALSE,FALSE,FALSE,FALSE,FALSE,FALSE,0,TRUE,FALSE,FALSE,,,FALSE,,,"TD","4th and 11 at BERRY24","Andrew Hunter pass complete to Brendan Gray for 26 yards to the 50 yardline (Jack Lawson; Bennett Grace)."
"20250920_l58t",2025,"2025-09-20",3,"regular","Carnegie Mellon","Berry","Centennial Conference","Southern Athletic Association",FALSE,148,18,9,4,2,,,"01:19","00:53","Berry","Carnegie Mellon",3,17,-14,1,10,50,FALSE,1,10,35,"pass_incomplete",TRUE,,FALSE,FALSE,FALSE,FALSE,FALSE,FALSE,FALSE,FALSE,FALSE,FALSE,FALSE,FALSE,FALSE,FALSE,0,FALSE,TRUE,TRUE,15,"Carnegie Mellon",TRUE,FALSE,"PENALTY CMU pass interference (Victor Ruhland) 15 yards to the CMU35, NO PLAY.","TD","1st and 10 at BERRY50","Andrew Hunter pass incomplete to Khamari Smith, PENALTY CMU pass interference (Victor Ruhland) 15 yards to the CMU35, NO PLAY."
"20250920_l58t",2025,"2025-09-20",3,"regular","Carnegie Mellon","Berry","Centennial Conference","Southern Athletic Association",FALSE,149,18,10,4,2,,,"01:19","00:53","Berry","Carnegie Mellon",3,17,-14,1,10,35,FALSE,1,10,19,"pass_complete",TRUE,16,FALSE,TRUE,TRUE,FALSE,FALSE,FALSE,FALSE,FALSE,FALSE,FALSE,FALSE,FALSE,FALSE,FALSE,0,TRUE,FALSE,FALSE,,,FALSE,,,"TD","1st and 10 at CMU35","Andrew Hunter pass complete to Nate Lyons for 16 yards to the CMU19 (Ethan Ming), out-of-bounds."
"20250920_l58t",2025,"2025-09-20",3,"regular","Carnegie Mellon","Berry","Centennial Conference","Southern Athletic Association",FALSE,150,18,11,4,2,,"00:53","01:19","00:53","Berry","Carnegie Mellon",3,17,-14,1,10,19,FALSE,,,,"pass_complete",TRUE,19,FALSE,TRUE,TRUE,FALSE,FALSE,FALSE,FALSE,FALSE,TRUE,FALSE,FALSE,FALSE,FALSE,TRUE,6,TRUE,FALSE,FALSE,,,FALSE,,,"TD","1st and 10 at CMU19","Andrew Hunter pass complete to Brendan Gray for 19 yards to the CMU00, TOUCHDOWN, clock 00:53."
"20250920_l58t",2025,"2025-09-20",3,"regular","Carnegie Mellon","Berry","Centennial Conference","Southern Athletic Association",FALSE,151,18,12,4,2,"00:53",,"00:53","00:53","Berry","Carnegie Mellon",9,17,-8,,,,,,,,"two_point",FALSE,,FALSE,FALSE,FALSE,FALSE,FALSE,FALSE,FALSE,FALSE,FALSE,FALSE,FALSE,FALSE,FALSE,FALSE,0,FALSE,FALSE,TRUE,,"Berry",FALSE,TRUE,"PENALTY BERRY ineligible man down field declined.","TD","","Nate Lyons pass attempt to TEAM failed, PENALTY BERRY ineligible man down field declined."
"20250920_l58t",2025,"2025-09-20",3,"regular","Carnegie Mellon","Berry","Centennial Conference","Southern Athletic Association",FALSE,152,19,1,4,2,"00:53","00:52","00:53","00:53","Carnegie Mellon","Berry",17,9,8,,,,,1,10,49,"kickoff",FALSE,,FALSE,FALSE,FALSE,FALSE,FALSE,FALSE,FALSE,FALSE,FALSE,FALSE,FALSE,FALSE,FALSE,FALSE,0,FALSE,FALSE,FALSE,,,FALSE,,,"END OF GAME","","Trey Richards kickoff 14 yards to the BERRY49, Nick McCullough return 0 yards to the BERRY49."
"20250920_l58t",2025,"2025-09-20",3,"regular","Carnegie Mellon","Berry","Centennial Conference","Southern Athletic Association",FALSE,153,19,2,4,2,"00:52",,"00:52","00:52","Carnegie Mellon","Berry",17,9,8,1,10,49,FALSE,2,11,50,"rush",TRUE,-1,TRUE,FALSE,FALSE,FALSE,FALSE,FALSE,FALSE,FALSE,FALSE,FALSE,FALSE,FALSE,FALSE,FALSE,0,FALSE,FALSE,FALSE,,,FALSE,,,"END OF GAME","1st and 10 at BERRY49","TEAM rush for loss of 1 yard to the 50 yardline."
"20250920_l58t",2025,"2025-09-20",3,"regular","Carnegie Mellon","Berry","Centennial Conference","Southern Athletic Association",FALSE,154,19,3,4,2,,,"00:52","00:00","Carnegie Mellon","Berry",17,9,8,2,11,50,FALSE,,,,"rush",TRUE,-1,TRUE,FALSE,FALSE,FALSE,FALSE,FALSE,FALSE,FALSE,FALSE,FALSE,FALSE,FALSE,FALSE,FALSE,0,FALSE,FALSE,FALSE,,,FALSE,,,"END OF GAME","2nd and 11 at CMU50","TEAM rush for loss of 1 yard to the CMU49."
