"game_id","play_index","row_type","play_type","down","distance","yards_gained","pos_team","next_pos_team","no_play","rush","pass","completion","sack","int","fumble_vec","turnover","downs_turnover","touchdown","safety","review_reason","play_text"
"20250906_e064",4,"penalty_no_play","penalty_no_play",3,12,,"UChicago","UChicago",TRUE,FALSE,FALSE,FALSE,FALSE,FALSE,FALSE,FALSE,FALSE,FALSE,FALSE,"no_play","PENALTY UCHI Delay Of Game (Ruff,Jack) 5 yards from UCHI23 to UCHI18. NO PLAY."
"20250906_e064",13,"play","pass_complete",2,10,11,"Carnegie Mellon","UChicago",FALSE,FALSE,TRUE,TRUE,FALSE,FALSE,FALSE,FALSE,FALSE,TRUE,FALSE,"rare_flag keyword","Shotgun McGinnis IV,Joey pass complete short right to Bouma,Willem caught at UCHI16, for 11 yards to the UCHI00 TOUCHDOWN, clock 10:10, 1ST DOWN."
"20250906_e064",19,"penalty_no_play","penalty_no_play",4,4,,"UChicago","UChicago",TRUE,FALSE,FALSE,FALSE,FALSE,FALSE,FALSE,FALSE,FALSE,FALSE,FALSE,"no_play","PENALTY UCHI Delay Of Game (Tan,Tad) 5 yards from UCHI31 to UCHI26. NO PLAY."
"20250906_e064",28,"penalty_no_play","penalty_no_play",4,9,,"UChicago","UChicago",TRUE,FALSE,FALSE,FALSE,FALSE,FALSE,FALSE,FALSE,FALSE,FALSE,FALSE,"no_play","PENALTY UCHI Illegal Substitution (Rochester,EJ) 3 yards from UCHI06 to UCHI03. NO PLAY."
"20250906_e064",34,"penalty_no_play","penalty_no_play",3,2,,"Carnegie Mellon","Carnegie Mellon",TRUE,FALSE,FALSE,FALSE,FALSE,FALSE,FALSE,FALSE,FALSE,FALSE,FALSE,"no_play","PENALTY CMU False Start (McCullough,Brendan) 5 yards from UCHI42 to UCHI47. NO PLAY."
"20250906_e064",36,"play","pass_complete",4,2,9,"Carnegie Mellon","Carnegie Mellon",FALSE,FALSE,TRUE,TRUE,FALSE,FALSE,FALSE,FALSE,FALSE,FALSE,FALSE,"4th_down","No Huddle-Shotgun McGinnis IV,Joey pass complete short middle to McCullough,Nick caught at UCHI35, for 9 yards to the UCHI33 (Sakashita,Stirling), 1ST DOWN."
"20250906_e064",39,"penalty_no_play","penalty_no_play",2,7,,"Carnegie Mellon","Carnegie Mellon",TRUE,FALSE,FALSE,FALSE,FALSE,FALSE,FALSE,FALSE,FALSE,FALSE,FALSE,"no_play","PENALTY CMU False Start (Alligood,Sam) 5 yards from UCHI13 to UCHI18. NO PLAY."
"20250906_e064",41,"penalty_no_play","penalty_no_play",3,8,,"Carnegie Mellon","Carnegie Mellon",TRUE,FALSE,FALSE,FALSE,FALSE,FALSE,FALSE,FALSE,FALSE,FALSE,FALSE,"no_play","PENALTY CMU False Start (Katarincic,Charlie) 5 yards from UCHI14 to UCHI19. NO PLAY."
"20250906_e064",57,"play","pass_complete",1,4,4,"Carnegie Mellon","UChicago",FALSE,FALSE,TRUE,TRUE,FALSE,FALSE,FALSE,FALSE,FALSE,TRUE,FALSE,"rare_flag keyword","No Huddle-Shotgun McGinnis IV,Joey pass complete short left to McCullough,Brendan caught at UCHI00, for 4 yards to the UCHI00 TOUCHDOWN, clock 08:09."
"20250906_e064",66,"play","rush",3,2,1,"Carnegie Mellon","UChicago",FALSE,TRUE,FALSE,FALSE,FALSE,FALSE,TRUE,TRUE,FALSE,FALSE,FALSE,"rare_flag keyword","No Huddle-Shotgun Valente,Giacomo rush right for 1 yard gain to the UCHI45 fumbled by Valente,Giacomo at UCHI44 forced by Rolls,Hugh recovered by UCHI Weathers,Houston at UCHI45 Weathers,Houston return 13 yards to the CMU42 (Vallano,Anthony)."
"20250906_e064",69,"penalty_no_play","penalty_no_play",3,10,,"UChicago","UChicago",TRUE,FALSE,FALSE,FALSE,FALSE,FALSE,FALSE,FALSE,FALSE,FALSE,FALSE,"no_play","PENALTY UCHI Delay Of Game (Ruff,Jack) 5 yards from CMU42 to CMU47. NO PLAY."
"20250906_e064",70,"play","pass_intercepted",3,15,,"UChicago","Carnegie Mellon",FALSE,FALSE,TRUE,FALSE,FALSE,TRUE,FALSE,TRUE,FALSE,FALSE,FALSE,"rare_flag keyword","Shotgun Ruff,Jack pass intercepted by Lawson,Jack at CMU27 Lawson,Jack return 0 yards to the CMU27, End Of Play."
"20250906_e064",89,"play","pass_incomplete",1,10,0,"Carnegie Mellon","Carnegie Mellon",TRUE,FALSE,FALSE,FALSE,FALSE,FALSE,FALSE,FALSE,FALSE,FALSE,FALSE,"no_play","No Huddle-Shotgun McGinnis IV,Joey pass incomplete short right to Moynihan,Danny thrown to UCHI12 broken up by Gideons,Battle PENALTY CMU Holding (Champe,Andy) 10 yards from UCHI16 to UCHI26. NO PLAY."
"20250906_e064",101,"play","rush",4,1,0,"Carnegie Mellon","UChicago",FALSE,TRUE,FALSE,FALSE,FALSE,FALSE,TRUE,TRUE,TRUE,FALSE,FALSE,"rare_flag keyword  4th_down","No Huddle-Shotgun McGinnis IV,Joey rush middle for 0 yards to the UCHI38 fumbled by McGinnis IV,Joey at UCHI38 recovered by CMU McCullough,Brendan at UCHI38, End Of Play, TURNOVER ON DOWNS."
"20250906_e064",105,"play","punt_with_return",4,1,,"UChicago","UChicago",TRUE,FALSE,FALSE,FALSE,FALSE,FALSE,FALSE,FALSE,FALSE,FALSE,FALSE,"no_play","Tan,Tad punt 37 yards to the CMU16 McCullough,Brendan return 11 yards to the CMU27 (Rolls,Hugh) PENALTY CMU Holding declined CMU Running Into The Kicker (Strigger,Josiah) 5 yards from UCHI47 to CMU48, 1ST DOWN. NO PLAY."
"20250906_e064",106,"play","sack",1,10,-9,"UChicago","UChicago",FALSE,FALSE,FALSE,FALSE,TRUE,FALSE,FALSE,FALSE,FALSE,FALSE,FALSE,"rare_flag","Shotgun Ruff,Jack sacked for loss of 9 yards to the UCHI43 (Franze,Jacob)."
"20250906_e064",109,"penalty_no_play","penalty_no_play",4,11,,"UChicago","UChicago",TRUE,FALSE,FALSE,FALSE,FALSE,FALSE,FALSE,FALSE,FALSE,FALSE,FALSE,"no_play","PENALTY UCHI Delay Of Game (Tan,Tad) 5 yards from CMU49 to UCHI46. NO PLAY."
"20250906_e064",114,"play","rush",2,9,4,"Carnegie Mellon","Carnegie Mellon",TRUE,FALSE,FALSE,FALSE,FALSE,FALSE,FALSE,FALSE,FALSE,FALSE,FALSE,"no_play","No Huddle-Shotgun Bouma,Willem rush left for 4 yards gain to the CMU42 (Rolls,Hugh) PENALTY UCHI Illegal Substitution (Kilgallen,Declan) 5 yards from CMU38 to CMU43. NO PLAY."
"20250906_e064",126,"play","pass_incomplete",1,10,0,"UChicago","UChicago",TRUE,FALSE,FALSE,FALSE,FALSE,FALSE,FALSE,FALSE,FALSE,FALSE,FALSE,"no_play","Shotgun Ruff,Jack pass incomplete deep right to Degner,Luke thrown to UCHI45 broken up by Johnson,DJ PENALTY CMU Roughing The Passer (Tarke,Leighton) 15 yards from UCHI24 to UCHI39, 1ST DOWN. NO PLAY."
"20250906_e064",133,"play","rush",1,10,0,"Carnegie Mellon","Carnegie Mellon",TRUE,FALSE,FALSE,FALSE,FALSE,FALSE,FALSE,FALSE,FALSE,FALSE,FALSE,"no_play","No Huddle-Shotgun Bouma,Willem rush middle for 0 yards to the CMU42 (Nittoli,Anthony) PENALTY CMU Holding (Katarincic,Charlie) 10 yards from CMU42 to CMU32. NO PLAY."
"20250906_e064",135,"play","pass_complete",2,6,54,"Carnegie Mellon","Carnegie Mellon",TRUE,FALSE,FALSE,FALSE,FALSE,FALSE,FALSE,FALSE,FALSE,FALSE,FALSE,"keyword no_play","No Huddle-Shotgun McGinnis IV,Joey pass complete short right to McCullough,Brendan caught at UCHI44, for 54 yards to the UCHI00 TOUCHDOWN nullified by penalty, clock 00:00 PENALTY CMU Pass Interference (Moynihan,Danny) 15 yards from CMU46 to CMU31. NO PLAY."
"20250906_e064",146,"play","sack",2,7,-1,"Carnegie Mellon","Carnegie Mellon",FALSE,FALSE,FALSE,FALSE,TRUE,FALSE,FALSE,FALSE,FALSE,FALSE,FALSE,"rare_flag","No Huddle-Shotgun McGinnis IV,Joey sacked for loss of 1 yard to the UCHI21 (Nittoli,Anthony)."
"20250906_e064",158,"penalty_no_play","penalty_no_play",1,1,,"Carnegie Mellon",,TRUE,FALSE,FALSE,FALSE,FALSE,FALSE,FALSE,FALSE,FALSE,FALSE,FALSE,"no_play","PENALTY CMU False Start (Gaul,Conor) 5 yards from UCHI01 to UCHI06. NO PLAY."
"20250913_6i95",12,"play","pass_complete",3,4,6,"Wis.-La Crosse","Carnegie Mellon",FALSE,FALSE,TRUE,TRUE,FALSE,FALSE,FALSE,FALSE,FALSE,TRUE,FALSE,"rare_flag keyword","Kyle Haas pass complete to Gabe Lynch for 6 yards to the CMU00, TOUCHDOWN, clock 09:37."
"20250913_6i95",24,"play","sack",2,7,-10,"Wis.-La Crosse","Wis.-La Crosse",FALSE,FALSE,FALSE,FALSE,TRUE,FALSE,FALSE,FALSE,FALSE,FALSE,FALSE,"rare_flag","Kyle Haas sacked for loss of 10 yards to the UWL20 (Jack Lawson; Bennett Grace)."
"20250913_6i95",26,"penalty_no_play","penalty_no_play",4,1,,"Wis.-La Crosse","Wis.-La Crosse",TRUE,FALSE,FALSE,FALSE,FALSE,FALSE,FALSE,FALSE,FALSE,FALSE,FALSE,"no_play","PENALTY UWL delay of game (Ethan Tranel) 5 yards to the UWL31."
"20250913_6i95",42,"play","pass_complete",1,10,35,"Carnegie Mellon","Carnegie Mellon",TRUE,FALSE,FALSE,FALSE,FALSE,FALSE,FALSE,FALSE,FALSE,FALSE,FALSE,"no_play","Joey McGinnis I pass complete to Brendan McCullo for 35 yards to the UWL21, PENALTY CMU ineligible man down field (Andy Champe) 5 yards to the CMU39, NO PLAY."
"20250913_6i95",46,"penalty_no_play","penalty_no_play",4,15,,"Carnegie Mellon","Carnegie Mellon",TRUE,FALSE,FALSE,FALSE,FALSE,FALSE,FALSE,FALSE,FALSE,FALSE,FALSE,"no_play","PENALTY CMU false start (Jack Korzeniows) 5 yards to the CMU34."
"20250913_6i95",50,"play","pass_incomplete",3,8,0,"Wis.-La Crosse","Wis.-La Crosse",TRUE,FALSE,FALSE,FALSE,FALSE,FALSE,FALSE,FALSE,FALSE,FALSE,FALSE,"no_play","Kyle Haas pass incomplete to Jack Janke (Ethan Ming), PENALTY CMU pass interference (Ethan Ming) 9 yards to the UWL40, NO PLAY."
"20250913_6i95",54,"penalty_no_play","penalty_no_play",3,4,,"Wis.-La Crosse","Wis.-La Crosse",TRUE,FALSE,FALSE,FALSE,FALSE,FALSE,FALSE,FALSE,FALSE,FALSE,FALSE,"no_play","PENALTY UWL false start (Zach Mlsna) 5 yards to the CMU25."
"20250913_6i95",56,"play","rush",1,10,0,"Wis.-La Crosse","Wis.-La Crosse",TRUE,FALSE,FALSE,FALSE,FALSE,FALSE,FALSE,FALSE,FALSE,FALSE,FALSE,"no_play","Brady Wilde rush for no gain to the CMU14 (Jack Lawson; Leighton Tarke), PENALTY UWL holding 10 yards to the CMU24, NO PLAY."
"20250913_6i95",62,"play","pass_complete",2,5,75,"Carnegie Mellon","Wis.-La Crosse",FALSE,FALSE,TRUE,TRUE,FALSE,FALSE,FALSE,FALSE,FALSE,TRUE,FALSE,"rare_flag keyword","Joey McGinnis I pass complete to Brendan McCullo for 75 yards to the UWL00, TOUCHDOWN, clock 04:29."
"20250913_6i95",65,"play","pass_complete",1,10,4,"Wis.-La Crosse","Wis.-La Crosse",FALSE,FALSE,TRUE,TRUE,FALSE,FALSE,TRUE,FALSE,FALSE,FALSE,FALSE,"rare_flag keyword","Kyle Haas pass complete to Jack Janke for 4 yards to the UWL29, fumble forced by Jack Lawson, fumble by Jack Janke recovered by UWL Jack Janke at UWL28."
"20250913_6i95",75,"play","rush",2,10,11,"Wis.-La Crosse","Carnegie Mellon",FALSE,TRUE,FALSE,FALSE,FALSE,FALSE,FALSE,FALSE,FALSE,TRUE,FALSE,"rare_flag keyword","Gabe Lynch rush for 11 yards to the CMU00, TOUCHDOWN, clock 00:27."
"20250913_6i95",83,"penalty_no_play","penalty_no_play",1,10,,"Carnegie Mellon","Carnegie Mellon",TRUE,FALSE,FALSE,FALSE,FALSE,FALSE,FALSE,FALSE,FALSE,FALSE,FALSE,"no_play","PENALTY CMU false start (Jake Langdon) 5 yards to the CMU27."
"20250913_6i95",98,"play","sack",2,5,-9,"Wis.-La Crosse","Wis.-La Crosse",FALSE,FALSE,FALSE,FALSE,TRUE,FALSE,FALSE,FALSE,FALSE,FALSE,FALSE,"rare_flag","Kyle Haas sacked for loss of 9 yards to the CMU17 (Mitchell Stokey)."
"20250913_6i95",103,"play","pass_intercepted",2,7,,"Carnegie Mellon","Wis.-La Crosse",FALSE,FALSE,TRUE,FALSE,FALSE,TRUE,FALSE,TRUE,FALSE,TRUE,FALSE,"rare_flag keyword","Joey McGinnis I pass intercepted by Sam Baumgard at the CMU41, Sam Baumgard return 41 yards to the CMU00, TOUCHDOWN, clock 06:32."
"20250913_6i95",105,"penalty_no_play","penalty_no_play",1,10,,"Wis.-La Crosse","Wis.-La Crosse",TRUE,FALSE,FALSE,FALSE,FALSE,FALSE,FALSE,FALSE,FALSE,FALSE,FALSE,"no_play","PENALTY CMU unsportmanlike conduct (Danny Moynihan) 15 yards to the 50 yardline."
"20250913_6i95",106,"penalty_no_play","penalty_no_play",1,10,,"Wis.-La Crosse","Carnegie Mellon",TRUE,FALSE,FALSE,FALSE,FALSE,FALSE,FALSE,FALSE,FALSE,FALSE,FALSE,"keyword no_play","Penalty after touchdown before PAT"
"20250913_6i95",114,"play","rush",1,8,8,"Carnegie Mellon","Carnegie Mellon",TRUE,FALSE,FALSE,FALSE,FALSE,FALSE,FALSE,FALSE,FALSE,FALSE,FALSE,"keyword no_play","Joey McGinnis I rush for 8 yards to the UWL00, TOUCHDOWN, clock 03:43, PENALTY CMU illegal formation 5 yards to the UWL13, NO PLAY."
"20250913_6i95",116,"play","pass_intercepted",2,15,,"Carnegie Mellon","Wis.-La Crosse",FALSE,FALSE,TRUE,FALSE,FALSE,TRUE,FALSE,TRUE,FALSE,FALSE,FALSE,"rare_flag keyword","Joey McGinnis I pass intercepted by Trent Mullen at the UWL06, Trent Mullen return 0 yards to the UWL06."
"20250913_6i95",125,"play","pass_complete",1,10,37,"Wis.-La Crosse","Carnegie Mellon",FALSE,FALSE,TRUE,TRUE,FALSE,FALSE,FALSE,FALSE,FALSE,TRUE,FALSE,"rare_flag keyword","Kyle Haas pass complete to Jack Janke for 37 yards to the CMU00, TOUCHDOWN, clock 13:33."
"20250913_6i95",131,"play","rush",4,2,5,"Carnegie Mellon","Carnegie Mellon",FALSE,TRUE,FALSE,FALSE,FALSE,FALSE,FALSE,FALSE,FALSE,FALSE,FALSE,"4th_down","Joey McGinnis I rush for 5 yards to the CMU38 (Caden Weber)."
"20250913_6i95",135,"play","pass_incomplete",3,8,0,"Carnegie Mellon","Carnegie Mellon",TRUE,FALSE,FALSE,FALSE,FALSE,FALSE,FALSE,FALSE,FALSE,FALSE,FALSE,"no_play","Joey McGinnis I pass incomplete to Reece Kolke, PENALTY UWL pass interference (Tate Pitcher) 15 yards to the UWL34, NO PLAY."
"20250913_6i95",136,"play","sack",1,10,-7,"Carnegie Mellon","Carnegie Mellon",FALSE,FALSE,FALSE,FALSE,TRUE,FALSE,FALSE,FALSE,FALSE,FALSE,FALSE,"rare_flag","Joey McGinnis I sacked for loss of 7 yards to the UWL41 (Isaac Dagit; Henry Walsh)."
"20250913_6i95",137,"play","sack",2,17,-5,"Carnegie Mellon","Carnegie Mellon",FALSE,FALSE,FALSE,FALSE,TRUE,FALSE,FALSE,FALSE,FALSE,FALSE,FALSE,"rare_flag","Joey McGinnis I sacked for loss of 5 yards to the UWL46 (Henry Walsh)."
"20250913_6i95",148,"play","pass_complete",2,10,34,"Carnegie Mellon","Wis.-La Crosse",FALSE,FALSE,TRUE,TRUE,FALSE,FALSE,FALSE,FALSE,FALSE,TRUE,FALSE,"rare_flag keyword","Jackson Salters pass complete to Brendan McCullo for 34 yards to the UWL00, TOUCHDOWN, clock 06:04."
"20250913_6i95",155,"play","pass_intercepted",1,10,,"Carnegie Mellon","Wis.-La Crosse",FALSE,FALSE,TRUE,FALSE,FALSE,TRUE,FALSE,TRUE,FALSE,FALSE,FALSE,"rare_flag keyword","Jackson Salters pass intercepted by Henry Walsh at the CMU25, Henry Walsh return 16 yards to the CMU09 (Jackson Salters)."
"20250913_6i95",158,"play","pass_complete",3,6,6,"Wis.-La Crosse","Wis.-La Crosse",FALSE,FALSE,TRUE,TRUE,FALSE,FALSE,FALSE,FALSE,FALSE,TRUE,FALSE,"rare_flag keyword","Kyle Haas pass complete to Keaton Arendt for 6 yards to the CMU00, TOUCHDOWN, clock 01:54."
"20250913_6i95",160,"penalty_no_play","penalty_no_play",1,10,,"Wis.-La Crosse","Wis.-La Crosse",TRUE,FALSE,FALSE,FALSE,FALSE,FALSE,FALSE,FALSE,FALSE,FALSE,FALSE,"no_play","PENALTY UWL unsportmanlike conduct (Kyle Haas) 15 yards to the UWL20."
"20250913_6i95",161,"penalty_no_play","penalty_no_play",1,25,,"Wis.-La Crosse","Carnegie Mellon",TRUE,FALSE,FALSE,FALSE,FALSE,FALSE,FALSE,FALSE,FALSE,FALSE,FALSE,"keyword no_play","Penalty after touchdown before PAT"
"20250913_6i95",163,"play","sack",1,10,-5,"Carnegie Mellon","Wis.-La Crosse",FALSE,FALSE,FALSE,FALSE,TRUE,FALSE,TRUE,TRUE,FALSE,FALSE,FALSE,"rare_flag keyword","Jackson Salters sacked for loss of 5 yards to the CMU45 (Ben Moore), fumble by Jackson Salters recovered by UWL Noah Gehin at CMU45."
"20250920_l58t",10,"penalty_no_play","penalty_no_play",4,10,,"Berry","Berry",TRUE,FALSE,FALSE,FALSE,FALSE,FALSE,FALSE,FALSE,FALSE,FALSE,FALSE,"no_play","PENALTY BERRY delay of game (Andrew Hunter) 5 yards to the CMU40."
"20250920_l58t",29,"penalty_no_play","penalty_no_play",3,5,,"Berry","Berry",TRUE,FALSE,FALSE,FALSE,FALSE,FALSE,FALSE,FALSE,FALSE,FALSE,FALSE,"no_play","PENALTY CMU offside defense (Mitchell Stokey) 5 yards to the CMU17."
"20250920_l58t",37,"penalty_no_play","penalty_no_play",3,11,,"Carnegie Mellon","Carnegie Mellon",TRUE,FALSE,FALSE,FALSE,FALSE,FALSE,FALSE,FALSE,FALSE,FALSE,FALSE,"no_play","PENALTY CMU false start 5 yards to the CMU16."
"20250920_l58t",43,"play","punt_no_return",4,8,,"Berry","Berry",TRUE,FALSE,FALSE,FALSE,FALSE,FALSE,FALSE,FALSE,FALSE,FALSE,FALSE,"no_play","Miles Hamby punt 37 yards to the CMU21, out-of-bounds, PENALTY BERRY holding 10 yards to the BERRY32, NO PLAY."
"20250920_l58t",49,"play","sack",1,10,-7,"Berry","Berry",FALSE,FALSE,FALSE,FALSE,TRUE,FALSE,FALSE,FALSE,FALSE,FALSE,FALSE,"rare_flag","Andrew Hunter sacked for loss of 7 yards to the BERRY09 (Amani Tchamwa)."
"20250920_l58t",56,"play","pass_complete",2,9,38,"Carnegie Mellon","Berry",FALSE,FALSE,TRUE,TRUE,FALSE,FALSE,FALSE,FALSE,FALSE,TRUE,FALSE,"rare_flag keyword","Joey McGinnis I pass complete to Reece Kolke for 38 yards to the BERRY00, TOUCHDOWN, clock 05:12."
"20250920_l58t",71,"play","rush",4,3,4,"Carnegie Mellon","Carnegie Mellon",FALSE,TRUE,FALSE,FALSE,FALSE,FALSE,FALSE,FALSE,FALSE,FALSE,FALSE,"4th_down","Joey McGinnis I rush for 4 yards to the BERRY27 (Dawson Livingst; Gian Traverzo)."
"20250920_l58t",73,"play","rush",2,12,-1,"Carnegie Mellon","Carnegie Mellon",TRUE,FALSE,FALSE,FALSE,FALSE,FALSE,FALSE,FALSE,FALSE,FALSE,FALSE,"no_play","Joey McGinnis I rush for loss of 1 yard to the BERRY30 (Cade Petty), PENALTY CMU holding (Willem Bouma) 10 yards to the BERRY39, NO PLAY."
"20250920_l58t",74,"play","rush",2,22,13,"Carnegie Mellon","Carnegie Mellon",TRUE,FALSE,FALSE,FALSE,FALSE,FALSE,FALSE,FALSE,FALSE,FALSE,FALSE,"no_play","Joey McGinnis I rush for 13 yards to the BERRY26 (Steven Pickett), out-of-bounds, PENALTY CMU chop block 15 yards to the CMU46, NO PLAY."
"20250920_l58t",82,"play","pass_complete",1,10,45,"Carnegie Mellon","Berry",FALSE,FALSE,TRUE,TRUE,FALSE,FALSE,FALSE,FALSE,FALSE,TRUE,FALSE,"rare_flag keyword","Joey McGinnis I pass complete to Nick McCullough for 45 yards to the BERRY00, TOUCHDOWN, clock 12:39."
"20250920_l58t",90,"play","pass_complete",3,11,13,"Berry","Berry",TRUE,FALSE,FALSE,FALSE,FALSE,FALSE,FALSE,FALSE,FALSE,FALSE,FALSE,"no_play","Andrew Hunter pass complete to Colby Sikes for 13 yards to the CMU37 (Tai Mann), out-of-bounds, PENALTY BERRY offense pass interference (Juelz Davis) 15 yards to the BERRY35, NO PLAY."
"20250920_l58t",91,"penalty_no_play","penalty_no_play",3,26,,"Berry","Berry",TRUE,FALSE,FALSE,FALSE,FALSE,FALSE,FALSE,FALSE,FALSE,FALSE,FALSE,"no_play","PENALTY CMU holding 10 yards to the BERRY45."
"20250920_l58t",95,"play","sack",1,10,-8,"Berry","Berry",FALSE,FALSE,FALSE,FALSE,TRUE,FALSE,FALSE,FALSE,FALSE,FALSE,FALSE,"rare_flag","Andrew Hunter sacked for loss of 8 yards to the BERRY47 (Bennett Grace)."
"20250920_l58t",98,"play","pass_complete",4,4,17,"Berry","Berry",TRUE,FALSE,FALSE,FALSE,FALSE,FALSE,FALSE,FALSE,FALSE,FALSE,FALSE,"no_play 4th_down","Andrew Hunter pass complete to Colby Sikes for 17 yards to the CMU22, out-of-bounds, PENALTY BERRY illegal shift 5 yards to the CMU44, NO PLAY."
"20250920_l58t",101,"penalty_no_play","penalty_no_play",2,4,,"Carnegie Mellon","Carnegie Mellon",TRUE,FALSE,FALSE,FALSE,FALSE,FALSE,FALSE,FALSE,FALSE,FALSE,FALSE,"no_play","PENALTY CMU false start 5 yards to the CMU21."
"20250920_l58t",120,"play","pass_intercepted",2,13,,"Carnegie Mellon","Berry",FALSE,FALSE,TRUE,FALSE,FALSE,TRUE,FALSE,TRUE,FALSE,FALSE,FALSE,"rare_flag keyword","Joey McGinnis I pass intercepted by Chaz Pope at the BERRY36, Chaz Pope return 12 yards to the BERRY48 (Takashi Shaw; Charlie Katarin)."
"20250920_l58t",125,"penalty_no_play","penalty_no_play",3,7,,"Berry","Berry",TRUE,FALSE,FALSE,FALSE,FALSE,FALSE,FALSE,FALSE,FALSE,FALSE,FALSE,"no_play","PENALTY BERRY false start 5 yards to the CMU34."
"20250920_l58t",127,"play","pass_incomplete",4,6,0,"Berry","Carnegie Mellon",FALSE,FALSE,TRUE,FALSE,FALSE,FALSE,FALSE,TRUE,TRUE,FALSE,FALSE,"rare_flag   4th_down","Andrew Hunter pass incomplete to Bryce Herring."
"20250920_l58t",128,"play","rush",1,10,3,"Carnegie Mellon","Carnegie Mellon",TRUE,FALSE,FALSE,FALSE,FALSE,FALSE,FALSE,FALSE,FALSE,FALSE,FALSE,"no_play","Willem Bouma rush for 3 yards to the CMU31 (Alex Mincey), PENALTY CMU holding (Conor Gaul) 10 yards to the CMU18, NO PLAY."
"20250920_l58t",132,"play","punt_no_return",4,14,,"Carnegie Mellon","Carnegie Mellon",TRUE,FALSE,FALSE,FALSE,FALSE,FALSE,FALSE,FALSE,FALSE,FALSE,FALSE,"no_play","John Norell punt 30 yards to the BERRY46, fair catch by Nate Lyons, PENALTY BERRY personal foul 15 yards to the CMU39, NO PLAY."
"20250920_l58t",142,"penalty_no_play","penalty_no_play",3,7,,"Berry","Berry",TRUE,FALSE,FALSE,FALSE,FALSE,FALSE,FALSE,FALSE,FALSE,FALSE,FALSE,"no_play","PENALTY BERRY false start (Bryson Hill) 5 yards to the BERRY10."
"20250920_l58t",145,"play","sack",2,10,-7,"Berry","Berry",FALSE,FALSE,FALSE,FALSE,TRUE,FALSE,FALSE,FALSE,FALSE,FALSE,FALSE,"rare_flag","Andrew Hunter sacked for loss of 7 yards to the BERRY18 (Mitchell Stokey)."
"20250920_l58t",147,"play","pass_complete",4,11,26,"Berry","Berry",FALSE,FALSE,TRUE,TRUE,FALSE,FALSE,FALSE,FALSE,FALSE,FALSE,FALSE,"4th_down","Andrew Hunter pass complete to Brendan Gray for 26 yards to the 50 yardline (Jack Lawson; Bennett Grace)."
"20250920_l58t",148,"play","pass_incomplete",1,10,0,"Berry","Berry",TRUE,FALSE,FALSE,FALSE,FALSE,FALSE,FALSE,FALSE,FALSE,FALSE,FALSE,"no_play","Andrew Hunter pass incomplete to Khamari Smith, PENALTY CMU pass interference (Victor Ruhland) 15 yards to the CMU35, NO PLAY."
"20250920_l58t",150,"play","pass_complete",1,10,19,"Berry","Carnegie Mellon",FALSE,FALSE,TRUE,TRUE,FALSE,FALSE,FALSE,FALSE,FALSE,TRUE,FALSE,"rare_flag keyword","Andrew Hunter pass complete to Brendan Gray for 19 yards to the CMU00, TOUCHDOWN, clock 00:53."
"20250920_l58t",151,"two_point","two_point",,,,"Berry","Carnegie Mellon",FALSE,FALSE,FALSE,FALSE,FALSE,FALSE,FALSE,FALSE,FALSE,FALSE,FALSE,"two_point","Nate Lyons pass attempt to TEAM failed, PENALTY BERRY ineligible man down field declined."
"20251004_gwn0",15,"play","rush",2,3,-6,"McDaniel","McDaniel",TRUE,FALSE,FALSE,FALSE,FALSE,FALSE,FALSE,FALSE,FALSE,FALSE,FALSE,"no_play","Jayden Booker rush for loss of 6 yards to the MCD31 (Ty Kadur), PENALTY MCD holding 10 yards to the MCD27, NO PLAY."
"20251004_gwn0",25,"play","rush",2,2,2,"Carnegie Mellon","Carnegie Mellon",FALSE,TRUE,FALSE,FALSE,FALSE,FALSE,FALSE,FALSE,FALSE,TRUE,FALSE,"rare_flag keyword","Mark Wamhoff rush for 2 yards to the MCD00, TOUCHDOWN, clock 03:22."
"20251004_gwn0",26,"play","rush",1,3,2,"Carnegie Mellon","McDaniel",TRUE,FALSE,FALSE,FALSE,FALSE,FALSE,FALSE,FALSE,FALSE,FALSE,FALSE,"no_play","Mark Wamhoff rush for 2 yards to the MCD01 (Taevon LeGrande), PENALTY MCD offside defense 2 yards to the MCD01, NO PLAY."
"20251004_gwn0",29,"play","sack",1,10,-2,"McDaniel","McDaniel",FALSE,FALSE,FALSE,FALSE,TRUE,FALSE,FALSE,FALSE,FALSE,FALSE,FALSE,"rare_flag","Jayden Booker sacked for loss of 2 yards to the MCD23 (Mitchell Stokey; Amani Tchamwa)."
"20251004_gwn0",36,"play","rush",1,9,9,"Carnegie Mellon","Carnegie Mellon",TRUE,FALSE,FALSE,FALSE,FALSE,FALSE,FALSE,FALSE,FALSE,FALSE,FALSE,"keyword no_play","Shadrak Agyei rush for 9 yards to the MCD00, TOUCHDOWN, clock 14:55, PENALTY CMU illegal formation 5 yards to the MCD14, NO PLAY."
"20251004_gwn0",39,"play","pass_complete",3,12,12,"Carnegie Mellon","McDaniel",FALSE,FALSE,TRUE,TRUE,FALSE,FALSE,FALSE,FALSE,FALSE,TRUE,FALSE,"rare_flag keyword","Joey McGinnis I pass complete to Reece Kolke for 12 yards to the MCD00, TOUCHDOWN, clock 14:13."
"20251004_gwn0",44,"play","pass_intercepted",3,6,,"McDaniel","Carnegie Mellon",FALSE,FALSE,TRUE,FALSE,FALSE,TRUE,FALSE,TRUE,FALSE,FALSE,FALSE,"rare_flag keyword","Jayden Booker pass intercepted by Ethan Ming at the MCD34, Ethan Ming return 1 yards to the MCD33, PENALTY CMU unsportmanlike conduct (Ethan Ming) 15 yards to the MCD48."
"20251004_gwn0",46,"play","pass_incomplete",1,10,0,"Carnegie Mellon","Carnegie Mellon",TRUE,FALSE,FALSE,FALSE,FALSE,FALSE,FALSE,FALSE,FALSE,FALSE,FALSE,"no_play","Joey McGinnis I pass incomplete to Brendan McCullo (Chris Wilson), PENALTY CMU holding (Sam Alligood) 10 yards to the MCD42, NO PLAY."
"20251004_gwn0",53,"play","sack",3,10,-9,"McDaniel","McDaniel",FALSE,FALSE,FALSE,FALSE,TRUE,FALSE,FALSE,FALSE,FALSE,FALSE,FALSE,"rare_flag","Jayden Booker sacked for loss of 9 yards to the MCD21 (Mitchell Stokey)."
"20251004_gwn0",57,"play","rush",1,4,4,"Carnegie Mellon","McDaniel",FALSE,TRUE,FALSE,FALSE,FALSE,FALSE,FALSE,FALSE,FALSE,TRUE,FALSE,"rare_flag keyword","Shadrak Agyei rush for 4 yards to the MCD00, TOUCHDOWN, clock 09:00."
"20251004_gwn0",61,"play","pass_intercepted",2,6,,"McDaniel","Carnegie Mellon",FALSE,FALSE,TRUE,FALSE,FALSE,TRUE,FALSE,TRUE,FALSE,TRUE,FALSE,"rare_flag keyword","Jayden Booker pass intercepted by DJ Johnson at the MCD35, DJ Johnson return 35 yards to the MCD00, TOUCHDOWN, clock 08:12."
"20251004_gwn0",64,"play","rush",1,10,4,"Carnegie Mellon","Carnegie Mellon",TRUE,FALSE,FALSE,FALSE,FALSE,FALSE,FALSE,FALSE,FALSE,FALSE,FALSE,"no_play","Giacomo Valente rush for 4 yards to the 50 yardline (Kyree Shingler; Kendrick Willia), PENALTY CMU illegal shift 5 yards to the CMU41, NO PLAY."
"20251004_gwn0",70,"play","sack",2,10,-14,"McDaniel","McDaniel",FALSE,FALSE,FALSE,FALSE,TRUE,FALSE,FALSE,FALSE,FALSE,FALSE,FALSE,"rare_flag","Jayden Booker sacked for loss of 14 yards to the MCD05 (Robert Sturges)."
"20251004_gwn0",73,"penalty_no_play","penalty_no_play",1,10,,"Carnegie Mellon","Carnegie Mellon",TRUE,FALSE,FALSE,FALSE,FALSE,FALSE,FALSE,FALSE,FALSE,FALSE,FALSE,"no_play","PENALTY CMU false start (Zach Llenza) 5 yards to the CMU36."
"20251004_gwn0",75,"play","pass_incomplete",1,10,0,"Carnegie Mellon","Carnegie Mellon",TRUE,FALSE,FALSE,FALSE,FALSE,FALSE,FALSE,FALSE,FALSE,FALSE,FALSE,"no_play","Joey McGinnis I pass incomplete to Brendan McCullo (Chris Wilson), PENALTY CMU holding off-setting, PENALTY MCD pass interference off-setting, NO PLAY."
"20251004_gwn0",78,"play","rush",2,1,1,"Carnegie Mellon","McDaniel",FALSE,TRUE,FALSE,FALSE,FALSE,FALSE,FALSE,FALSE,FALSE,TRUE,FALSE,"rare_flag keyword","Mark Wamhoff rush for 1 yard to the MCD00, TOUCHDOWN, clock 02:14."
"20251004_gwn0",87,"play","pass_complete",1,10,20,"Carnegie Mellon","McDaniel",FALSE,FALSE,TRUE,TRUE,FALSE,FALSE,FALSE,FALSE,FALSE,TRUE,FALSE,"rare_flag keyword","Joey McGinnis I pass complete to Brendan McCullo for 20 yards to the MCD00, TOUCHDOWN, clock 00:48."
"20251004_gwn0",95,"penalty_no_play","penalty_no_play",3,1,,"Carnegie Mellon","Carnegie Mellon",TRUE,FALSE,FALSE,FALSE,FALSE,FALSE,FALSE,FALSE,FALSE,FALSE,FALSE,"no_play","PENALTY CMU false start (Conor Gaul) 5 yards to the MCD16."
"20251004_gwn0",97,"play","rush",1,4,4,"Carnegie Mellon","McDaniel",FALSE,TRUE,FALSE,FALSE,FALSE,FALSE,FALSE,FALSE,FALSE,TRUE,FALSE,"rare_flag keyword","Jake Langdon rush for 4 yards to the MCD00, TOUCHDOWN, clock 12:19."
"20251004_gwn0",100,"play","sack",1,10,-18,"McDaniel","McDaniel",FALSE,FALSE,FALSE,FALSE,TRUE,FALSE,TRUE,TRUE,FALSE,TRUE,FALSE,"rare_flag keyword","Jayden Booker sacked for loss of 18 yards to the MCD02 (Robert Sturges), fumble by Jayden Booker recovered by CMU Gabe Bonnet at MCD00, TOUCHDOWN, clock 12:04."
"20251004_gwn0",105,"play","sack",3,4,-14,"McDaniel","McDaniel",FALSE,FALSE,FALSE,FALSE,TRUE,FALSE,FALSE,FALSE,FALSE,FALSE,FALSE,"rare_flag","Jayden Booker sacked for loss of 14 yards to the MCD09 (Robert Sturges)."
"20251004_gwn0",110,"play","pass_incomplete",4,3,0,"Carnegie Mellon","McDaniel",FALSE,FALSE,TRUE,FALSE,FALSE,FALSE,FALSE,TRUE,TRUE,FALSE,FALSE,"rare_flag   4th_down","Jackson Salters pass incomplete to Luca Cuttita (Malachi Murphy)."
"20251004_gwn0",129,"play","rush",3,6,10,"Carnegie Mellon","Carnegie Mellon",TRUE,FALSE,FALSE,FALSE,FALSE,FALSE,FALSE,FALSE,FALSE,FALSE,FALSE,"no_play","Takashi Shaw rush for 10 yards to the MCD34 (Malachi Murphy), out-of-bounds, PENALTY CMU holding (Rayce Thompson) 10 yards to the CMU46, NO PLAY."
"20251004_gwn0",131,"play","rush",1,10,-21,"Carnegie Mellon","McDaniel",FALSE,TRUE,FALSE,FALSE,FALSE,FALSE,TRUE,TRUE,FALSE,FALSE,FALSE,"rare_flag keyword","Jackson Salters rush for loss of 21 yards to the CMU42, fumble by Jackson Salters recovered by MCD Jahsir Donald at MCD42."
"20251004_gwn0",137,"play","pass_complete",4,6,7,"McDaniel","McDaniel",FALSE,FALSE,TRUE,TRUE,FALSE,FALSE,FALSE,FALSE,FALSE,FALSE,FALSE,"4th_down","Jayden Booker pass complete to Tony Miller for 7 yards to the CMU29 (Josh Huffman)."
"20251004_gwn0",138,"play","pass_incomplete",1,10,0,"McDaniel","McDaniel",TRUE,FALSE,FALSE,FALSE,FALSE,FALSE,FALSE,FALSE,FALSE,FALSE,FALSE,"no_play","Jayden Booker pass incomplete to Grayson Wendel (Lucas Bishop), PENALTY MCD holding 10 yards to the CMU39, NO PLAY."
"20251004_gwn0",143,"play","rush",2,6,-5,"McDaniel","McDaniel",FALSE,TRUE,FALSE,FALSE,FALSE,FALSE,TRUE,FALSE,FALSE,FALSE,FALSE,"rare_flag keyword","TEAM rush for loss of 5 yards to the CMU11, fumble by TEAM recovered by MCD Jayden Booker at CMU11."
"20251004_gwn0",145,"play","field_goal_blocked",4,11,,"McDaniel","McDaniel",TRUE,FALSE,FALSE,FALSE,FALSE,FALSE,FALSE,FALSE,FALSE,FALSE,FALSE,"no_play","Braden Fritz field goal attempt from 28 BLOCKED, recovered by CMU Barrett Schmitz, spot at CMU10 (blocked by Carter Sheets), PENALTY CMU illegal participation 5 yards to the CMU06, NO PLAY."
"20251004_gwn0",146,"penalty_no_play","penalty_no_play",4,6,,"McDaniel","McDaniel",TRUE,FALSE,FALSE,FALSE,FALSE,FALSE,FALSE,FALSE,FALSE,FALSE,FALSE,"no_play","PENALTY MCD false start (Thomas Branch) 5 yards to the CMU11."
"20251004_gwn0",147,"play","field_goal_blocked",4,11,,"McDaniel","McDaniel",FALSE,FALSE,FALSE,FALSE,FALSE,FALSE,TRUE,TRUE,FALSE,FALSE,FALSE,"rare_flag keyword","Braden Fritz field goal attempt from 28 BLOCKED, recovered by CMU Nick McCullough, spot at CMU26 (blocked by Mitchell Stokey), Nick McCullough return 21 yards to the CMU47, fumble by Nick McCullough recovered by MCD Braden Fritz at CMU47."
"20251004_gwn0",154,"play","sack",4,4,-5,"McDaniel","Carnegie Mellon",FALSE,FALSE,FALSE,FALSE,TRUE,FALSE,FALSE,TRUE,TRUE,FALSE,FALSE,"rare_flag   4th_down","Angel Granado J sacked for loss of 5 yards to the CMU31 (Josh Huffman; Joey Orlando)."
"20251004_gwn0",157,"play","sack",3,9,-8,"Carnegie Mellon","Carnegie Mellon",FALSE,FALSE,FALSE,FALSE,TRUE,FALSE,FALSE,FALSE,FALSE,FALSE,FALSE,"rare_flag","Evan Rothenberg sacked for loss of 8 yards to the CMU24 (Kevin Batchelor; Connor Wolf)."
"20251004_gwn0",164,"play","pass_incomplete",3,8,0,"McDaniel","McDaniel",TRUE,FALSE,FALSE,FALSE,FALSE,FALSE,FALSE,FALSE,FALSE,FALSE,FALSE,"no_play","Angel Granado J pass incomplete to C. St. Germain, PENALTY CMU personal foul (Dom Sirianni) 12 yards to the CMU02, NO PLAY."
"20251004_gwn0",165,"play","rush",1,2,2,"McDaniel","Carnegie Mellon",FALSE,TRUE,FALSE,FALSE,FALSE,FALSE,FALSE,FALSE,FALSE,TRUE,FALSE,"rare_flag keyword","Micajah Cobbs rush for 2 yards to the CMU00, TOUCHDOWN, clock 00:10."
"20251011_t8bp",6,"play","pass_complete",4,4,7,"Carnegie Mellon","Carnegie Mellon",FALSE,FALSE,TRUE,TRUE,FALSE,FALSE,FALSE,FALSE,FALSE,FALSE,FALSE,"4th_down","No Huddle-Shotgun McGinnis IV,Joey pass complete short right to Kolke,Reece caught at JHU24, for 7 yards to the JHU24 (Olah,Kevin), 1ST DOWN."
"20251011_t8bp",11,"play","pass_complete",1,1,1,"Carnegie Mellon","Carnegie Mellon",FALSE,FALSE,TRUE,TRUE,FALSE,FALSE,FALSE,FALSE,FALSE,TRUE,FALSE,"rare_flag keyword","No Huddle-Shotgun Wamhoff,Mark pass complete short right to McCullough,Brendan caught at JHU02, for 1 yard to the JHU00 TOUCHDOWN, clock 10:44."
"20251011_t8bp",12,"penalty_no_play","penalty_no_play",1,10,,"Carnegie Mellon","Johns Hopkins",TRUE,FALSE,FALSE,FALSE,FALSE,FALSE,FALSE,FALSE,FALSE,FALSE,FALSE,"no_play","PENALTY CMU Delay Of Game (Salters,Jackson) 5 yards from JHU03 to JHU08. NO PLAY."
"20251011_t8bp",30,"penalty_no_play","penalty_no_play",2,12,,"Johns Hopkins","Johns Hopkins",TRUE,FALSE,FALSE,FALSE,FALSE,FALSE,FALSE,FALSE,FALSE,FALSE,FALSE,"no_play","PENALTY JHU False Start (Pearson,Charlie) 5 yards from JHU48 to JHU43. NO PLAY."
"20251011_t8bp",38,"play","rush",1,10,6,"Johns Hopkins","Johns Hopkins",TRUE,FALSE,FALSE,FALSE,FALSE,FALSE,FALSE,FALSE,FALSE,FALSE,FALSE,"no_play","No Huddle-Shotgun Schroeder,Geoff rush left for 6 yards gain to the CMU08 (Lawson,Jack) PENALTY JHU Illegal Formation 5 yards from CMU14 to CMU19. NO PLAY."
"20251011_t8bp",42,"play","pass_intercepted",3,6,,"Johns Hopkins","Carnegie Mellon",FALSE,FALSE,TRUE,FALSE,FALSE,TRUE,FALSE,TRUE,FALSE,FALSE,FALSE,"rare_flag keyword","No Huddle-Shotgun Harvey,Bay pass intercepted by Warren,Connor at CMU04 broken up by Woodside,Mareks, End Of Play."
"20251011_t8bp",46,"play","sack",1,10,-2,"Carnegie Mellon","Carnegie Mellon",FALSE,FALSE,FALSE,FALSE,TRUE,FALSE,TRUE,FALSE,FALSE,FALSE,FALSE,"rare_flag keyword","No Huddle-Shotgun McGinnis IV,Joey sacked for loss of 2 yards to the CMU22 (Hodge,Graham), fumble by McGinnis IV,Joey recovered by CMU Gaul,Conor at CMU22, End Of Play."
"20251011_t8bp",52,"play","pass_complete",3,1,1,"Carnegie Mellon","Johns Hopkins",FALSE,FALSE,TRUE,TRUE,FALSE,FALSE,FALSE,FALSE,FALSE,TRUE,FALSE,"rare_flag keyword","No Huddle-Shotgun Wamhoff,Mark pass complete short middle to Vallano,Anthony caught at JHU00, for 1 yard to the JHU00 TOUCHDOWN, clock 08:22, 1ST DOWN."
"20251011_t8bp",55,"play","pass_incomplete",1,10,0,"Johns Hopkins","Johns Hopkins",TRUE,FALSE,FALSE,FALSE,FALSE,FALSE,FALSE,FALSE,FALSE,FALSE,FALSE,"no_play","No Huddle-Shotgun Harvey,Bay pass incomplete deep right to Crotty,Cole thrown to CMU35 PENALTY CMU Pass Interference (Ming,Ethan) 15 yards from JHU25 to JHU40, 1ST DOWN. NO PLAY."
"20251011_t8bp",61,"play","pass_complete",4,5,15,"Johns Hopkins","Johns Hopkins",FALSE,FALSE,TRUE,TRUE,FALSE,FALSE,FALSE,FALSE,FALSE,FALSE,FALSE,"4th_down","No Huddle-Shotgun Harvey,Bay pass complete short middle to Enright,Robby caught at CMU19, for 15 yards to the CMU15 (Mann,Tai), 1ST DOWN."
"20251011_t8bp",64,"play","rush",2,4,4,"Johns Hopkins","Carnegie Mellon",FALSE,TRUE,FALSE,FALSE,FALSE,FALSE,FALSE,FALSE,FALSE,TRUE,FALSE,"rare_flag keyword","No Huddle-Shotgun Harvey,Bay rush right for 4 yards gain to the CMU00 TOUCHDOWN, clock 03:59."
"20251011_t8bp",67,"penalty_no_play","penalty_no_play",1,10,,"Carnegie Mellon","Carnegie Mellon",TRUE,FALSE,FALSE,FALSE,FALSE,FALSE,FALSE,FALSE,FALSE,FALSE,FALSE,"no_play","PENALTY CMU False Start (Llenza,Zach) 5 yards from CMU28 to CMU23. NO PLAY."
"20251011_t8bp",72,"play","pass_complete",1,10,21,"Carnegie Mellon","Johns Hopkins",FALSE,FALSE,TRUE,TRUE,FALSE,FALSE,FALSE,FALSE,FALSE,TRUE,FALSE,"rare_flag keyword","No Huddle-Shotgun McGinnis IV,Joey pass complete deep left to McCullough,Nick caught at JHU00, for 21 yards to the JHU00 TOUCHDOWN, clock 01:53, 1ST DOWN."
"20251011_t8bp",78,"play","rush",4,2,5,"Johns Hopkins","Johns Hopkins",FALSE,TRUE,FALSE,FALSE,FALSE,FALSE,FALSE,FALSE,FALSE,FALSE,FALSE,"4th_down","No Huddle-Shotgun Harvey,Bay rush middle for 5 yards gain to the JHU38 (Grace,Bennett), 1ST DOWN."
"20251011_t8bp",79,"play","sack",1,10,-3,"Johns Hopkins","Johns Hopkins",FALSE,FALSE,FALSE,FALSE,TRUE,FALSE,FALSE,FALSE,FALSE,FALSE,FALSE,"rare_flag","No Huddle-Shotgun Harvey,Bay sacked for loss of 3 yards to the JHU35 (Tchamwa,Amani)."
"20251011_t8bp",81,"penalty_no_play","penalty_no_play",1,10,,"Johns Hopkins","Johns Hopkins",TRUE,FALSE,FALSE,FALSE,FALSE,FALSE,FALSE,FALSE,FALSE,FALSE,FALSE,"no_play","PENALTY JHU Holding (Pearson,Charlie) 10 yards from CMU47 to JHU43. NO PLAY."
"20251011_t8bp",82,"play","pass_complete",1,20,10,"Johns Hopkins","Johns Hopkins",TRUE,FALSE,FALSE,FALSE,FALSE,FALSE,FALSE,FALSE,FALSE,FALSE,FALSE,"no_play","No Huddle-Shotgun Harvey,Bay pass complete short right to Martini,Chad caught at CMU47, for 10 yards to the CMU47 (Ming,Ethan) PENALTY JHU Illegal Use Of Hands (Pearson,Charlie) 15 yards from JHU43 to JHU28. NO PLAY."
"20251011_t8bp",84,"penalty_no_play","penalty_no_play",2,35,,"Johns Hopkins","Johns Hopkins",TRUE,FALSE,FALSE,FALSE,FALSE,FALSE,FALSE,FALSE,FALSE,FALSE,FALSE,"no_play","PENALTY CMU Pass Interference (Ruhland,Victor) 15 yards from JHU28 to JHU43, 1ST DOWN. NO PLAY."
"20251011_t8bp",86,"play","sack",2,2,-8,"Johns Hopkins","Johns Hopkins",FALSE,FALSE,FALSE,FALSE,TRUE,FALSE,FALSE,FALSE,FALSE,FALSE,FALSE,"rare_flag","No Huddle-Shotgun Harvey,Bay sacked for loss of 8 yards to the JHU43 (Bonnet,Gabe)."
"20251011_t8bp",94,"play","pass_complete",4,3,13,"Johns Hopkins","Johns Hopkins",FALSE,FALSE,TRUE,TRUE,FALSE,FALSE,FALSE,FALSE,FALSE,FALSE,FALSE,"4th_down","No Huddle-Shotgun Harvey,Bay pass complete short right to Moore,Josh caught at CMU42, for 13 yards to the CMU42 (Johnson,DJ), 1ST DOWN."
"20251011_t8bp",97,"play","pass_complete",3,7,39,"Johns Hopkins","Carnegie Mellon",FALSE,FALSE,TRUE,TRUE,FALSE,FALSE,FALSE,FALSE,FALSE,TRUE,FALSE,"rare_flag keyword","No Huddle-Shotgun Harvey,Bay pass complete short middle to Moore,Josh caught at CMU32, for 39 yards to the CMU00 TOUCHDOWN, clock 10:03, 1ST DOWN."
"20251011_t8bp",105,"penalty_no_play","penalty_no_play",2,8,,"Carnegie Mellon","Carnegie Mellon",TRUE,FALSE,FALSE,FALSE,FALSE,FALSE,FALSE,FALSE,FALSE,FALSE,FALSE,"no_play","PENALTY CMU Ineligible Downfield on Pass (Llenza,Zach) 5 yards from JHU48 to CMU47. NO PLAY."
"20251011_t8bp",123,"play","pass_complete",4,4,-5,"Johns Hopkins","Carnegie Mellon",FALSE,FALSE,TRUE,TRUE,FALSE,FALSE,FALSE,TRUE,TRUE,FALSE,FALSE,"rare_flag keyword  4th_down","No Huddle-Shotgun Harvey,Bay pass complete short middle to Harvey,Bay caught at CMU10, for 5 yards loss to the CMU09 (Mann,Tai), TURNOVER ON DOWNS."
"20251011_t8bp",128,"play","rush",3,4,-6,"Carnegie Mellon","Carnegie Mellon",FALSE,TRUE,FALSE,FALSE,FALSE,FALSE,TRUE,FALSE,FALSE,FALSE,FALSE,"rare_flag keyword","No Huddle-Shotgun Carnegie Mellon rush middle for 6 yards loss to the CMU30 fumbled by Carnegie Mellon at CMU30 recovered by CMU McGinnis IV,Joey at CMU30 (Newell,Xavier)."
"20251011_t8bp",131,"play","rush",1,10,-3,"Johns Hopkins","Johns Hopkins",TRUE,FALSE,FALSE,FALSE,FALSE,FALSE,FALSE,FALSE,FALSE,FALSE,FALSE,"no_play","No Huddle-Shotgun Harvey,Bay rush left for 3 yards loss to the CMU13 (Sturges,Robert) PENALTY JHU Illegal Block in Back (Enright,Robby) 15 yards from CMU10 to CMU25. NO PLAY."
"20251011_t8bp",132,"penalty_no_play","penalty_no_play",1,25,,"Johns Hopkins","Johns Hopkins",TRUE,FALSE,FALSE,FALSE,FALSE,FALSE,FALSE,FALSE,FALSE,FALSE,FALSE,"no_play","PENALTY CMU Pass Interference (Ming,Ethan) 15 yards from CMU25 to CMU10, 1ST DOWN. NO PLAY."
"20251011_t8bp",135,"play","rush",3,1,1,"Johns Hopkins","Carnegie Mellon",FALSE,TRUE,FALSE,FALSE,FALSE,FALSE,FALSE,FALSE,FALSE,TRUE,FALSE,"rare_flag keyword","No Huddle-Shotgun Schroeder,Geoff rush left for 1 yard gain to the CMU00 TOUCHDOWN, clock 07:59, 1ST DOWN."
"20251011_t8bp",146,"play","rush",4,2,36,"Johns Hopkins","Carnegie Mellon",FALSE,TRUE,FALSE,FALSE,FALSE,FALSE,FALSE,FALSE,FALSE,TRUE,FALSE,"rare_flag keyword  4th_down","No Huddle-Shotgun Harvey,Bay rush right for 36 yards gain to the CMU00 TOUCHDOWN, clock 04:37, 1ST DOWN."
"20251011_t8bp",151,"penalty_no_play","penalty_no_play",1,10,,"Carnegie Mellon","Carnegie Mellon",TRUE,FALSE,FALSE,FALSE,FALSE,FALSE,FALSE,FALSE,FALSE,FALSE,FALSE,"no_play","PENALTY CMU False Start (McCullough,Nick) 5 yards from CMU43 to CMU38. NO PLAY."
"20251011_t8bp",153,"penalty_no_play","penalty_no_play",2,15,,"Carnegie Mellon","Carnegie Mellon",TRUE,FALSE,FALSE,FALSE,FALSE,FALSE,FALSE,FALSE,FALSE,FALSE,FALSE,"no_play","PENALTY CMU Delay Of Game (McGinnis IV,Joey) 5 yards from CMU38 to CMU33. NO PLAY."
"20251011_t8bp",155,"play","pass_intercepted",3,20,,"Carnegie Mellon","Johns Hopkins",FALSE,FALSE,TRUE,FALSE,FALSE,TRUE,FALSE,TRUE,FALSE,FALSE,FALSE,"rare_flag keyword","No Huddle-Shotgun McGinnis IV,Joey pass intercepted by Hogg,Carter at CMU41 Hogg,Carter return 4 yards to the CMU37, End Of Play."
"20251011_t8bp",159,"play","rush",4,3,5,"Johns Hopkins","Johns Hopkins",FALSE,TRUE,FALSE,FALSE,FALSE,FALSE,FALSE,FALSE,FALSE,FALSE,FALSE,"4th_down","No Huddle-Shotgun Harvey,Bay rush right for 5 yards gain to the CMU25 (Warren,Connor), 1ST DOWN."
"20251011_t8bp",160,"play","kneel",1,10,-1,"Johns Hopkins",,FALSE,TRUE,FALSE,FALSE,FALSE,FALSE,FALSE,FALSE,FALSE,FALSE,FALSE,"kneel","Kneel down by Harvey,Bay at CMU26 for loss of 1 yard."
"20251018_uxv5",12,"play","rush",4,7,-10,"Gettysburg","Carnegie Mellon",FALSE,TRUE,FALSE,FALSE,FALSE,FALSE,TRUE,TRUE,FALSE,FALSE,FALSE,"rare_flag keyword  4th_down","Kevin Regula rush for loss of 10 yards to the GC08, fumble by Kevin Regula recovered by CMU DJ Johnson at GC01."
"20251018_uxv5",13,"play","rush",1,1,1,"Carnegie Mellon","Gettysburg",FALSE,TRUE,FALSE,FALSE,FALSE,FALSE,FALSE,FALSE,FALSE,TRUE,FALSE,"rare_flag keyword","Giacomo Valente rush for 1 yard to the GC00, TOUCHDOWN, clock 11:10."
"20251018_uxv5",25,"penalty_no_play","penalty_no_play",2,1,,"Carnegie Mellon","Carnegie Mellon",TRUE,FALSE,FALSE,FALSE,FALSE,FALSE,FALSE,FALSE,FALSE,FALSE,FALSE,"no_play","PENALTY CMU false start (Charlie Katarin) 5 yards to the GC23."
"20251018_uxv5",27,"play","pass_complete",3,4,21,"Carnegie Mellon","Carnegie Mellon",TRUE,FALSE,FALSE,FALSE,FALSE,FALSE,FALSE,FALSE,FALSE,FALSE,FALSE,"keyword no_play","Joey McGinnis I pass complete to Carter Sheets for 21 yards to the GC00, TOUCHDOWN, clock 05:46, PENALTY CMU ineligible man down field (Conor Gaul) 5 yards to the GC26, NO PLAY."
"20251018_uxv5",31,"play","sack",2,1,-3,"Gettysburg","Gettysburg",FALSE,FALSE,FALSE,FALSE,TRUE,FALSE,FALSE,FALSE,FALSE,FALSE,FALSE,"rare_flag","Sean Clark sacked for loss of 3 yards to the GC30 (Mitchell Stokey)."
"20251018_uxv5",37,"play","pass_complete",4,2,5,"Gettysburg","Gettysburg",FALSE,FALSE,TRUE,TRUE,FALSE,FALSE,FALSE,FALSE,FALSE,FALSE,FALSE,"4th_down","Sean Clark pass complete to Jason Roskam for 5 yards to the CMU37 (Jack Lawson)."
"20251018_uxv5",41,"penalty_no_play","penalty_no_play",4,5,,"Gettysburg","Gettysburg",TRUE,FALSE,FALSE,FALSE,FALSE,FALSE,FALSE,FALSE,FALSE,FALSE,FALSE,"no_play","PENALTY GC false start (David Ludwig) 5 yards to the CMU37."
"20251018_uxv5",42,"play","pass_complete",4,10,24,"Gettysburg","Gettysburg",FALSE,FALSE,TRUE,TRUE,FALSE,FALSE,FALSE,FALSE,FALSE,FALSE,FALSE,"4th_down","Sean Clark pass complete to Jason Roskam for 24 yards to the CMU13 (Barrett Schmitz)."
"20251018_uxv5",46,"play","pass_incomplete",4,7,0,"Gettysburg","Carnegie Mellon",FALSE,FALSE,TRUE,FALSE,FALSE,FALSE,FALSE,TRUE,TRUE,FALSE,FALSE,"rare_flag   4th_down","Sean Clark pass incomplete to Michael Zrelak, QB hurry by Bennett Grace."
"20251018_uxv5",57,"play","pass_complete",1,10,12,"Carnegie Mellon","Gettysburg",FALSE,FALSE,TRUE,TRUE,FALSE,FALSE,FALSE,FALSE,FALSE,TRUE,FALSE,"rare_flag keyword","Joey McGinnis I pass complete to Brendan McCullo for 12 yards to the GC00, TOUCHDOWN, clock 08:18."
"20251018_uxv5",66,"play","pass_complete",2,1,75,"Carnegie Mellon","Gettysburg",FALSE,FALSE,TRUE,TRUE,FALSE,FALSE,FALSE,FALSE,FALSE,TRUE,FALSE,"rare_flag keyword","Joey McGinnis I pass complete to Reece Kolke for 75 yards to the GC00, TOUCHDOWN, clock 05:51."
"20251018_uxv5",80,"play","pass_complete",1,10,12,"Carnegie Mellon","Gettysburg",FALSE,FALSE,TRUE,TRUE,FALSE,FALSE,FALSE,FALSE,FALSE,TRUE,FALSE,"rare_flag keyword","Joey McGinnis I pass complete to Brendan McCullo for 12 yards to the GC00, TOUCHDOWN, clock 01:19."
"20251018_uxv5",84,"play","pass_incomplete",2,4,0,"Gettysburg","Gettysburg",TRUE,FALSE,FALSE,FALSE,FALSE,FALSE,FALSE,FALSE,FALSE,FALSE,FALSE,"no_play","Sean Clark pass incomplete to Nick Wonsala, PENALTY CMU pass interference (Connor Warren) 7 yards to the GC21, NO PLAY."
"20251018_uxv5",85,"play","pass_incomplete",1,10,0,"Gettysburg","Gettysburg",TRUE,FALSE,FALSE,FALSE,FALSE,FALSE,FALSE,FALSE,FALSE,FALSE,FALSE,"no_play","Sean Clark pass incomplete to Jason Roskam, PENALTY CMU roughing the passer (Amani Tchamwa) 15 yards to the GC36, NO PLAY."
"20251018_uxv5",88,"play","pass_intercepted",3,7,,"Gettysburg","Carnegie Mellon",FALSE,FALSE,TRUE,FALSE,FALSE,TRUE,FALSE,TRUE,FALSE,FALSE,FALSE,"rare_flag keyword","Sean Clark pass intercepted by Jack Lawson at the CMU46, Jack Lawson return 7 yards to the GC47 (Jason Roskam)."
"20251018_uxv5",95,"play","pass_incomplete",3,7,0,"Gettysburg","Gettysburg",TRUE,FALSE,FALSE,FALSE,FALSE,FALSE,FALSE,FALSE,FALSE,FALSE,FALSE,"no_play","Sean Clark pass incomplete to Jason Roskam (Lucas Hazard), PENALTY GC holding (Patr McAuliffe) 11 yards to the GC17, NO PLAY."
"20251018_uxv5",97,"play","pass_incomplete",1,10,0,"Gettysburg","Gettysburg",TRUE,FALSE,FALSE,FALSE,FALSE,FALSE,FALSE,FALSE,FALSE,FALSE,FALSE,"no_play","Sean Clark pass incomplete, QB hurry by Gabe Bonnet, PENALTY GC holding (Harsh Shah) 10 yards to the GC32, NO PLAY."
"20251018_uxv5",102,"play","pass_incomplete",2,10,0,"Gettysburg","Gettysburg",TRUE,FALSE,FALSE,FALSE,FALSE,FALSE,FALSE,FALSE,FALSE,FALSE,FALSE,"no_play","Sean Clark pass incomplete to Jason Roskam, PENALTY CMU pass interference (Victor Ruhland) 15 yards to the CMU29, NO PLAY."
"20251018_uxv5",106,"play","pass_incomplete",4,10,0,"Gettysburg","Carnegie Mellon",FALSE,FALSE,TRUE,FALSE,FALSE,FALSE,FALSE,TRUE,TRUE,FALSE,FALSE,"rare_flag   4th_down","Sean Clark pass incomplete to Jason Roskam, QB hurry by Connor Warren."
"20251018_uxv5",108,"play","pass_complete",2,3,12,"Carnegie Mellon","Gettysburg",FALSE,FALSE,TRUE,TRUE,FALSE,FALSE,TRUE,TRUE,FALSE,FALSE,FALSE,"rare_flag keyword","Joey McGinnis I pass complete to Danny Moynihan for 12 yards to the CMU48, fumble forced by Justin Rhyne, fumble by Danny Moynihan recovered by GC Nate DeLorenzo at CMU48."
"20251018_uxv5",112,"play","pass_incomplete",4,5,0,"Gettysburg","Carnegie Mellon",FALSE,FALSE,TRUE,FALSE,FALSE,FALSE,FALSE,TRUE,TRUE,FALSE,FALSE,"rare_flag   4th_down","Sean Clark pass incomplete to Matt OConnor, QB hurry by Luke Wiedau."
"20251018_uxv5",114,"play","pass_complete",1,10,17,"Carnegie Mellon","Gettysburg",FALSE,FALSE,TRUE,TRUE,FALSE,FALSE,FALSE,FALSE,FALSE,TRUE,FALSE,"rare_flag keyword","Joey McGinnis I pass complete to Brendan McCullo for 17 yards to the GC00, TOUCHDOWN, clock 08:24."
"20251018_uxv5",122,"play","pass_complete",3,7,7,"Gettysburg","Gettysburg",FALSE,FALSE,TRUE,TRUE,FALSE,FALSE,FALSE,FALSE,FALSE,TRUE,FALSE,"rare_flag keyword","Sean Clark pass complete to Jason Roskam for 7 yards to the CMU00, TOUCHDOWN, clock 05:04."
"20251018_uxv5",124,"penalty_no_play","penalty_no_play",1,10,,"Gettysburg","Carnegie Mellon",TRUE,FALSE,FALSE,FALSE,FALSE,FALSE,FALSE,FALSE,FALSE,FALSE,FALSE,"no_play","PENALTY GC encroachment 5 yards to the GC30."
"20251018_uxv5",136,"play","pass_incomplete",1,10,0,"Gettysburg","Gettysburg",TRUE,FALSE,FALSE,FALSE,FALSE,FALSE,FALSE,FALSE,FALSE,FALSE,FALSE,"no_play","Sean Clark pass incomplete to Nick Wonsala, PENALTY CMU pass interference (Ethan Ming) 15 yards to the GC40, NO PLAY."
"20251018_uxv5",146,"play","pass_complete",4,1,1,"Gettysburg","Carnegie Mellon",FALSE,FALSE,TRUE,TRUE,FALSE,FALSE,FALSE,FALSE,FALSE,TRUE,FALSE,"rare_flag keyword  4th_down","Drew Branstette pass complete to Josh Burke for 1 yard to the CMU00, TOUCHDOWN, clock 11:25."
"20251018_uxv5",153,"play","rush",2,10,5,"Carnegie Mellon","Carnegie Mellon",TRUE,FALSE,FALSE,FALSE,FALSE,FALSE,FALSE,FALSE,FALSE,FALSE,FALSE,"no_play","Shadrak Agyei rush for 5 yards to the GC22 (Rob Shultz), PENALTY GC offside defense (Ryan Weems) 5 yards to the GC22, NO PLAY."
"20251018_uxv5",168,"play","pass_incomplete",2,8,0,"Gettysburg","Gettysburg",TRUE,FALSE,FALSE,FALSE,FALSE,FALSE,FALSE,FALSE,FALSE,FALSE,FALSE,"no_play","Drew Branstette pass incomplete to Jason Roskam (Enzo DeFranco), PENALTY CMU pass interference (Enzo DeFranco) 15 yards to the CMU21, NO PLAY."
"20251018_uxv5",171,"play","rush",3,8,8,"Gettysburg","Gettysburg",TRUE,FALSE,FALSE,FALSE,FALSE,FALSE,FALSE,FALSE,FALSE,FALSE,FALSE,"no_play","Drew Branstette rush for 8 yards to the CMU11 (Darius Green), out-of-bounds, PENALTY GC holding (Landon Hunt) 10 yards to the CMU29, NO PLAY."
"20251018_uxv5",172,"play","pass_incomplete",3,18,0,"Gettysburg","Gettysburg",TRUE,FALSE,FALSE,FALSE,FALSE,FALSE,FALSE,FALSE,FALSE,FALSE,FALSE,"no_play","Drew Branstette pass incomplete to Nick Wonsala, PENALTY CMU pass interference (Darius Green) 15 yards to the CMU14, NO PLAY."
"20251018_uxv5",176,"play","rush",4,2,2,"Gettysburg","Gettysburg",FALSE,TRUE,FALSE,FALSE,FALSE,FALSE,FALSE,FALSE,FALSE,FALSE,FALSE,"4th_down","Kevin Regula rush for 2 yards to the CMU04 (Barrett Schmitz; Luke Wiedau)."
"20251018_uxv5",177,"play","pass_complete",1,4,4,"Gettysburg","Carnegie Mellon",FALSE,FALSE,TRUE,TRUE,FALSE,FALSE,FALSE,FALSE,FALSE,TRUE,FALSE,"rare_flag keyword","Drew Branstette pass complete to Matt OConnor for 4 yards to the CMU00, TOUCHDOWN, clock 01:02."
"20251018_uxv5",178,"two_point","two_point",,,,"Gettysburg","Carnegie Mellon",FALSE,FALSE,FALSE,FALSE,FALSE,FALSE,FALSE,FALSE,FALSE,FALSE,FALSE,"two_point","Anthony Comeau pass attempt to Adam Wolkowski failed."
"20251025_3c40",7,"penalty_no_play","penalty_no_play",2,12,,"Muhlenberg","Muhlenberg",TRUE,FALSE,FALSE,FALSE,FALSE,FALSE,FALSE,FALSE,FALSE,FALSE,FALSE,"no_play","PENALTY MUHL false start (Robert Terreros) 5 yards to the MUHL37."
"20251025_3c40",9,"play","sack",3,13,-8,"Muhlenberg","Muhlenberg",FALSE,FALSE,FALSE,FALSE,TRUE,FALSE,FALSE,FALSE,FALSE,FALSE,FALSE,"rare_flag","Dante Mahaffey sacked for loss of 8 yards to the MUHL33 (Mitchell Stokey)."
"20251025_3c40",13,"penalty_no_play","penalty_no_play",3,8,,"Carnegie Mellon","Carnegie Mellon",TRUE,FALSE,FALSE,FALSE,FALSE,FALSE,FALSE,FALSE,FALSE,FALSE,FALSE,"no_play","PENALTY CMU false start (Sam Alligood) 5 yards to the CMU20."
"20251025_3c40",17,"play","pass_incomplete",1,10,0,"Carnegie Mellon","Carnegie Mellon",TRUE,FALSE,FALSE,FALSE,FALSE,FALSE,FALSE,FALSE,FALSE,FALSE,FALSE,"no_play","Joey McGinnis I pass incomplete to Brendan McCullo (Marcus McClaine), PENALTY CMU ineligible man down field (Conor Gaul) 5 yards to the MUHL30, NO PLAY."
"20251025_3c40",19,"play","pass_incomplete",2,16,0,"Carnegie Mellon","Carnegie Mellon",TRUE,FALSE,FALSE,FALSE,FALSE,FALSE,FALSE,FALSE,FALSE,FALSE,FALSE,"no_play","Joey McGinnis I pass incomplete to Nick McCullough (George Europe), PENALTY CMU holding (Charlie Katarin) 10 yards to the MUHL41, NO PLAY."
"20251025_3c40",22,"play","rush",4,2,5,"Carnegie Mellon","Carnegie Mellon",FALSE,TRUE,FALSE,FALSE,FALSE,FALSE,FALSE,FALSE,FALSE,FALSE,FALSE,"4th_down","Joey McGinnis I rush for 5 yards to the MUHL12 (Aaron Sylvester), out-of-bounds."
"20251025_3c40",24,"play","rush",2,8,10,"Carnegie Mellon","Muhlenberg",FALSE,TRUE,FALSE,FALSE,FALSE,FALSE,FALSE,FALSE,FALSE,TRUE,FALSE,"rare_flag keyword","Nick McCullough rush for 10 yards to the MUHL00, TOUCHDOWN, clock 03:12."
"20251025_3c40",47,"play","pass_complete",4,11,15,"Muhlenberg","Muhlenberg",FALSE,FALSE,TRUE,TRUE,FALSE,FALSE,FALSE,FALSE,FALSE,FALSE,FALSE,"4th_down","Luke Spang pass complete to John Runfolo for 15 yards to the CMU12, PENALTY CMU roughing the passer (Leighton Tarke) 6 yards to the CMU06."
"20251025_3c40",49,"play","rush",2,4,4,"Muhlenberg","Carnegie Mellon",FALSE,TRUE,FALSE,FALSE,FALSE,FALSE,FALSE,FALSE,FALSE,TRUE,FALSE,"rare_flag keyword","Luke Spang rush for 4 yards to the CMU00, TOUCHDOWN, clock 09:17."
"20251025_3c40",65,"penalty_no_play","penalty_no_play",2,10,,"Carnegie Mellon","Carnegie Mellon",TRUE,FALSE,FALSE,FALSE,FALSE,FALSE,FALSE,FALSE,FALSE,FALSE,FALSE,"no_play","PENALTY CMU false start (Nick McCullough) 5 yards to the MUHL32."
"20251025_3c40",66,"play","rush",2,15,6,"Carnegie Mellon","Carnegie Mellon",FALSE,TRUE,FALSE,FALSE,FALSE,FALSE,TRUE,FALSE,FALSE,FALSE,FALSE,"rare_flag keyword","Giacomo Valente rush for 6 yards to the MUHL26, fumble forced by George Europe, fumble by Giacomo Valente recovered by CMU Conor Gaul at MUHL25."
"20251025_3c40",74,"play","sack",2,15,-7,"Muhlenberg","Muhlenberg",FALSE,FALSE,FALSE,FALSE,TRUE,FALSE,FALSE,FALSE,FALSE,FALSE,FALSE,"rare_flag","Luke Spang sacked for loss of 7 yards to the MUHL15 (Bennett Grace; Mitchell Stokey)."
"20251025_3c40",75,"play","sack",3,22,-1,"Muhlenberg","Muhlenberg",FALSE,FALSE,FALSE,FALSE,TRUE,FALSE,FALSE,FALSE,FALSE,FALSE,FALSE,"rare_flag","Luke Spang sacked for loss of 1 yard to the MUHL14 (Logan Armstrong)."
"20251025_3c40",76,"penalty_no_play","penalty_no_play",4,23,,"Muhlenberg","Muhlenberg",TRUE,FALSE,FALSE,FALSE,FALSE,FALSE,FALSE,FALSE,FALSE,FALSE,FALSE,"no_play","PENALTY CMU offside defense 5 yards to the MUHL19."
"20251025_3c40",82,"play","pass_complete",3,10,38,"Carnegie Mellon","Muhlenberg",FALSE,FALSE,TRUE,TRUE,FALSE,FALSE,FALSE,FALSE,FALSE,TRUE,FALSE,"rare_flag keyword","Joey McGinnis I pass complete to Luca Cuttita for 38 yards to the MUHL00, TOUCHDOWN, clock 01:04."
"20251025_3c40",84,"kickoff","kickoff",,,,"Carnegie Mellon","Muhlenberg",FALSE,FALSE,FALSE,FALSE,FALSE,FALSE,TRUE,FALSE,FALSE,FALSE,FALSE,"rare_flag keyword","Noah Godhard kickoff 65 yards to the MUHL00, Christopher Sho return 16 yards to the MUHL16, fumble forced by Dom Sirianni, fumble by Christopher Sho recovered by MUHL Christopher Sho at MUHL18."
"20251025_3c40",99,"play","pass_complete",2,10,7,"Muhlenberg","Muhlenberg",TRUE,FALSE,FALSE,FALSE,FALSE,FALSE,FALSE,FALSE,FALSE,FALSE,FALSE,"no_play","Luke Spang pass complete to Wes Hack for 7 yards to the CMU34, PENALTY MUHL illegal formation 5 yards to the CMU46, NO PLAY."
"20251025_3c40",111,"play","pass_complete",4,3,4,"Muhlenberg","Muhlenberg",FALSE,FALSE,TRUE,TRUE,FALSE,FALSE,FALSE,FALSE,FALSE,FALSE,FALSE,"4th_down","Luke Spang pass complete to Caden Reph for 4 yards to the CMU48 (Connor Warren)."
"20251025_3c40",112,"play","pass_incomplete",1,10,0,"Muhlenberg","Muhlenberg",TRUE,FALSE,FALSE,FALSE,FALSE,FALSE,FALSE,FALSE,FALSE,FALSE,FALSE,"no_play","Luke Spang pass incomplete to Aidan Mack, PENALTY MUHL holding (Michael Powel) 10 yards to the MUHL42, NO PLAY."
"20251025_3c40",119,"play","pass_complete",4,5,1,"Muhlenberg","Carnegie Mellon",FALSE,FALSE,TRUE,TRUE,FALSE,FALSE,FALSE,TRUE,TRUE,FALSE,FALSE,"rare_flag   4th_down","Luke Spang pass complete to JR Walley for 1 yard to the CMU24 (Ethan Ming; Ty Kadur)."
"20251025_3c40",126,"play","rush",3,2,2,"Carnegie Mellon","Muhlenberg",FALSE,TRUE,FALSE,FALSE,FALSE,FALSE,FALSE,FALSE,FALSE,TRUE,FALSE,"rare_flag keyword","Joey McGinnis I rush for 2 yards to the MUHL00, TOUCHDOWN, clock 01:01."
"20251025_3c40",130,"play","sack",2,5,-1,"Muhlenberg","Muhlenberg",FALSE,FALSE,FALSE,FALSE,TRUE,FALSE,FALSE,FALSE,FALSE,FALSE,FALSE,"rare_flag","Luke Spang sacked for loss of 1 yard to the MUHL38 (Avery Campbell)."
"20251025_3c40",134,"play","rush",1,8,8,"Muhlenberg","Carnegie Mellon",FALSE,TRUE,FALSE,FALSE,FALSE,FALSE,FALSE,FALSE,FALSE,TRUE,FALSE,"rare_flag keyword","Matthew Manning rush for 8 yards to the CMU00, TOUCHDOWN, clock 14:02."
"20251025_3c40",135,"two_point","two_point",,,,"Muhlenberg","Carnegie Mellon",FALSE,FALSE,FALSE,FALSE,FALSE,FALSE,FALSE,FALSE,FALSE,FALSE,FALSE,"two_point","Luke Spang pass attempt to Caden Reph good."
"20251025_3c40",137,"play","rush",1,10,1,"Carnegie Mellon","Carnegie Mellon",TRUE,FALSE,FALSE,FALSE,FALSE,FALSE,FALSE,FALSE,FALSE,FALSE,FALSE,"no_play","Joey McGinnis I rush for 1 yard to the CMU24 (Blaze Curry), PENALTY CMU illegal block (Brendan McCullo) 10 yards to the CMU13, NO PLAY."
"20251025_3c40",150,"play","rush",3,2,2,"Muhlenberg","Carnegie Mellon",FALSE,TRUE,FALSE,FALSE,FALSE,FALSE,FALSE,FALSE,FALSE,TRUE,FALSE,"rare_flag keyword","Luke Spang rush for 2 yards to the CMU00, TOUCHDOWN, clock 07:37."
"20251025_3c40",151,"two_point","two_point",,,,"Muhlenberg","Carnegie Mellon",FALSE,FALSE,FALSE,FALSE,FALSE,FALSE,FALSE,FALSE,FALSE,FALSE,FALSE,"two_point","Luke Spang pass attempt to John Runfolo failed."
"20251025_3c40",164,"play","rush",2,2,2,"Muhlenberg","Carnegie Mellon",FALSE,TRUE,FALSE,FALSE,FALSE,FALSE,FALSE,FALSE,FALSE,TRUE,FALSE,"rare_flag keyword","Matthew Manning rush for 2 yards to the CMU00, TOUCHDOWN, clock 01:57."
"20251025_3c40",165,"two_point","two_point",,,,"Muhlenberg","Carnegie Mellon",FALSE,FALSE,FALSE,FALSE,FALSE,FALSE,FALSE,FALSE,FALSE,FALSE,FALSE,"two_point","Luke Spang pass attempt to John Runfolo failed."
"20251025_3c40",178,"play","pass_complete",4,5,9,"Carnegie Mellon","Carnegie Mellon",FALSE,FALSE,TRUE,TRUE,FALSE,FALSE,FALSE,FALSE,FALSE,FALSE,FALSE,"4th_down","Joey McGinnis I pass complete to Brendan McCullo for 9 yards to the MUHL18."
"20251025_3c40",181,"play","sack",3,10,-4,"Carnegie Mellon","Carnegie Mellon",FALSE,FALSE,FALSE,FALSE,TRUE,FALSE,FALSE,FALSE,FALSE,FALSE,FALSE,"rare_flag","Joey McGinnis I sacked for loss of 4 yards to the MUHL22 (Joseph Papa)."
"20251025_3c40",182,"play","pass_intercepted",4,14,,"Carnegie Mellon",,FALSE,FALSE,TRUE,FALSE,FALSE,TRUE,FALSE,TRUE,FALSE,FALSE,FALSE,"rare_flag keyword","Joey McGinnis I pass intercepted by Jeffrey Lopez at the MUHL00, Jeffrey Lopez return 0 yards to the MUHL00, touchback, clock 00:00."
"20251101_dlys",7,"play","pass_complete",4,4,13,"Carnegie Mellon","Carnegie Mellon",FALSE,FALSE,TRUE,TRUE,FALSE,FALSE,FALSE,FALSE,FALSE,FALSE,FALSE,"4th_down","No Huddle-Shotgun McGinnis IV,Joey pass complete short middle to Sheets,Carter caught at DSON27, for 13 yards to the DSON27, End Of Play, 1ST DOWN."
"20251101_dlys",12,"play","rush",3,1,1,"Carnegie Mellon","Dickinson",FALSE,TRUE,FALSE,FALSE,FALSE,FALSE,FALSE,FALSE,FALSE,TRUE,FALSE,"rare_flag keyword","No Huddle-Shotgun Wamhoff,Mark rush for 1 yard gain to the DSON00 TOUCHDOWN, clock 10:16."
"20251101_dlys",26,"play","pass_complete",3,4,4,"Dickinson","Carnegie Mellon",FALSE,FALSE,TRUE,TRUE,FALSE,FALSE,FALSE,FALSE,FALSE,TRUE,FALSE,"rare_flag keyword","No Huddle-Shotgun Klassen,Ben pass complete short middle to Schmidt,Kevin caught at CMU00, for 4 yards to the CMU00 TOUCHDOWN, clock 04:59."
"20251101_dlys",39,"play","rush",2,1,1,"Carnegie Mellon","Dickinson",FALSE,TRUE,FALSE,FALSE,FALSE,FALSE,FALSE,FALSE,FALSE,TRUE,FALSE,"rare_flag keyword","No Huddle-Shotgun Wamhoff,Mark rush middle for 1 yard gain to the DSON00 TOUCHDOWN, clock 00:28."
"20251101_dlys",51,"play","rush",3,6,10,"Carnegie Mellon","Carnegie Mellon",TRUE,FALSE,FALSE,FALSE,FALSE,FALSE,FALSE,FALSE,FALSE,FALSE,FALSE,"no_play","No Huddle-Shotgun McGinnis IV,Joey rush middle for 10 yards gain to the DSON44 (Barnes,Chris; Couvertiere,Sean) PENALTY CMU Illegal Formation 5 yards from CMU46 to CMU41. NO PLAY."
"20251101_dlys",53,"play","rush",4,1,26,"Carnegie Mellon","Carnegie Mellon",FALSE,TRUE,FALSE,FALSE,FALSE,FALSE,FALSE,FALSE,FALSE,FALSE,FALSE,"4th_down","No Huddle-Shotgun Bouma,Willem rush left for 26 yards gain to the DSON23 (Garcia,Juan Pablo), 1ST DOWN."
"20251101_dlys",58,"play","rush",3,1,3,"Carnegie Mellon","Dickinson",FALSE,TRUE,FALSE,FALSE,FALSE,FALSE,FALSE,FALSE,FALSE,TRUE,FALSE,"rare_flag keyword","No Huddle-Shotgun McGinnis IV,Joey rush right for 3 yards gain to the DSON00 TOUCHDOWN, clock 08:46, 1ST DOWN."
"20251101_dlys",73,"play","rush",4,1,1,"Carnegie Mellon","Dickinson",FALSE,TRUE,FALSE,FALSE,FALSE,FALSE,FALSE,FALSE,FALSE,TRUE,FALSE,"rare_flag keyword  4th_down","No Huddle-Shotgun Wamhoff,Mark rush middle for 1 yard gain to the DSON00 TOUCHDOWN, clock 03:50."
"20251101_dlys",84,"play","rush",1,6,6,"Dickinson","Carnegie Mellon",FALSE,TRUE,FALSE,FALSE,FALSE,FALSE,FALSE,FALSE,FALSE,TRUE,FALSE,"rare_flag keyword","No Huddle-Shotgun Sorensen,Dane rush left for 6 yards gain to the CMU00 TOUCHDOWN, clock 01:24."
"20251101_dlys",95,"play","pass_complete",1,5,5,"Carnegie Mellon","Carnegie Mellon",TRUE,FALSE,FALSE,FALSE,FALSE,FALSE,FALSE,FALSE,FALSE,FALSE,FALSE,"keyword no_play","No Huddle-Shotgun McGinnis IV,Joey pass complete short right to Kolke,Reece caught at DSON00, for 5 yards to the DSON00 TOUCHDOWN nullified by penalty, clock 00:19 PENALTY CMU Holding (Katarincic,Charlie) 10 yards from DSON05 to DSON15. NO PLAY."
"20251101_dlys",96,"play","pass_complete",1,15,15,"Carnegie Mellon","Dickinson",FALSE,FALSE,TRUE,TRUE,FALSE,FALSE,FALSE,FALSE,FALSE,TRUE,FALSE,"rare_flag keyword","No Huddle-Shotgun McGinnis IV,Joey pass complete short middle to Sheets,Carter caught at DSON02, for 15 yards to the DSON00 TOUCHDOWN, clock 00:13."
"20251101_dlys",100,"play","sack",1,10,-5,"Dickinson","Dickinson",FALSE,FALSE,FALSE,FALSE,TRUE,FALSE,FALSE,FALSE,FALSE,FALSE,FALSE,"rare_flag","No Huddle-Shotgun Klassen,Ben sacked for loss of 5 yards to the DSON33 (Bonnet,Gabe)."
"20251101_dlys",106,"play","pass_complete",3,7,57,"Dickinson","Carnegie Mellon",FALSE,FALSE,TRUE,TRUE,FALSE,FALSE,FALSE,FALSE,FALSE,TRUE,FALSE,"rare_flag keyword","No Huddle-Shotgun Klassen,Ben pass complete deep right to Friebel,Leon caught at CMU25, for 57 yards to the CMU00 TOUCHDOWN, clock 13:41, 1ST DOWN."
"20251101_dlys",111,"play","sack",1,10,-8,"Carnegie Mellon","Carnegie Mellon",FALSE,FALSE,FALSE,FALSE,TRUE,FALSE,FALSE,FALSE,FALSE,FALSE,FALSE,"rare_flag","No Huddle-Shotgun McGinnis IV,Joey sacked for loss of 8 yards to the CMU27 (White,Domani)."
"20251101_dlys",123,"play","rush",3,3,3,"Carnegie Mellon","Dickinson",FALSE,TRUE,FALSE,FALSE,FALSE,FALSE,FALSE,FALSE,FALSE,TRUE,FALSE,"rare_flag keyword","No Huddle-Shotgun Wamhoff,Mark rush right for 3 yards gain to the DSON00 TOUCHDOWN, clock 07:55."
"20251101_dlys",129,"play","pass_complete",4,4,12,"Dickinson","Dickinson",FALSE,FALSE,TRUE,TRUE,FALSE,FALSE,FALSE,FALSE,FALSE,FALSE,FALSE,"4th_down","No Huddle-Shotgun Klassen,Ben pass complete short middle to Friebel,Leon caught at DSON49, for 12 yards to the CMU44 (Lawson,Jack), 1ST DOWN."
"20251101_dlys",130,"play","rush",1,10,6,"Dickinson","Dickinson",TRUE,FALSE,FALSE,FALSE,FALSE,FALSE,FALSE,FALSE,FALSE,FALSE,FALSE,"no_play","No Huddle-Shotgun Klassen,Ben rush right for 6 yards gain to the CMU38, End Of Play PENALTY CMU Offside (Woodside,Mareks) 5 yards from CMU44 to CMU39. NO PLAY."
"20251101_dlys",135,"play","pass_intercepted",1,10,,"Dickinson","Carnegie Mellon",FALSE,FALSE,TRUE,FALSE,FALSE,TRUE,FALSE,TRUE,FALSE,FALSE,FALSE,"rare_flag keyword","No Huddle-Shotgun Klassen,Ben pass intercepted by Ming,Ethan at CMU00, Touchback."
"20251101_dlys",137,"play","sack",1,10,-7,"Carnegie Mellon","Carnegie Mellon",TRUE,FALSE,FALSE,FALSE,FALSE,FALSE,FALSE,FALSE,FALSE,FALSE,FALSE,"no_play","No Huddle-Shotgun McGinnis IV,Joey sacked for loss of 7 yards to the DSON50 (Acuna,Joaquin) PENALTY DSON Face Mask (Acuna,Joaquin) 15 yards from DSON43 to DSON28, 1ST DOWN. NO PLAY."
"20251101_dlys",140,"play","pass_incomplete",1,10,0,"Carnegie Mellon","Carnegie Mellon",TRUE,FALSE,FALSE,FALSE,FALSE,FALSE,FALSE,FALSE,FALSE,FALSE,FALSE,"no_play","No Huddle-Shotgun McGinnis IV,Joey pass incomplete short middle to Kolke,Reece thrown to DSON00, 1ST DOWN, PENALTY DSON Pass Interference (Barnes,Chris) 15 yards from DSON17 to DSON02, 1ST DOWN. NO PLAY."
"20251101_dlys",142,"play","pass_complete",2,2,2,"Carnegie Mellon","Dickinson",FALSE,FALSE,TRUE,TRUE,FALSE,FALSE,FALSE,FALSE,FALSE,TRUE,FALSE,"rare_flag keyword","No Huddle-Shotgun McGinnis IV,Joey pass complete short left to Bouma,Willem caught at DSON00, for 2 yards to the DSON00 TOUCHDOWN, clock 01:33."
"20251101_dlys",145,"play","rush",1,10,2,"Dickinson","Dickinson",TRUE,FALSE,FALSE,FALSE,FALSE,FALSE,FALSE,FALSE,FALSE,FALSE,FALSE,"no_play","No Huddle-Shotgun Klassen,Ben rush middle for 2 yards gain to the DSON27 (Bonnet,Gabe) PENALTY CMU Illegal Substitution 5 yards from DSON25 to DSON30. NO PLAY."
"20251101_dlys",149,"play","rush",1,10,8,"Dickinson","Carnegie Mellon",FALSE,TRUE,FALSE,FALSE,FALSE,FALSE,TRUE,TRUE,FALSE,FALSE,FALSE,"rare_flag keyword","No Huddle-Shotgun Benning III,Cedric rush middle for 8 yards gain to the CMU45 fumbled by Benning III,Cedric at CMU45 forced by Ming,Ethan recovered by CMU Ming,Ethan at CMU45, End Of Play."
"20251101_dlys",154,"play","rush",2,5,24,"Carnegie Mellon","Dickinson",FALSE,TRUE,FALSE,FALSE,FALSE,FALSE,FALSE,FALSE,FALSE,TRUE,FALSE,"rare_flag keyword","No Huddle-Shotgun Agyei,Shadrak rush left for 24 yards gain to the DSON00 TOUCHDOWN, clock 12:28, 1ST DOWN."
"20251101_dlys",160,"play","rush",1,6,6,"Dickinson","Carnegie Mellon",FALSE,TRUE,FALSE,FALSE,FALSE,FALSE,FALSE,FALSE,FALSE,TRUE,FALSE,"rare_flag keyword","No Huddle-Shotgun Sorensen,Dane rush left for 6 yards gain to the CMU00 TOUCHDOWN, clock 10:48."
"20251101_dlys",161,"two_point","two_point",,,,"Dickinson","Carnegie Mellon",FALSE,FALSE,FALSE,FALSE,FALSE,FALSE,FALSE,FALSE,FALSE,FALSE,FALSE,"two_point","Boyer,Kellen rush attempt Successful."
"20251101_dlys",167,"play","pass_incomplete",3,3,0,"Carnegie Mellon","Carnegie Mellon",TRUE,FALSE,FALSE,FALSE,FALSE,FALSE,FALSE,FALSE,FALSE,FALSE,FALSE,"no_play","No Huddle-Shotgun Salters,Jackson pass incomplete deep left to McCullough,Nick thrown to DSON05 QB hurried by Barnes,Chris PENALTY CMU Holding offsetting DSON Pass Interference offsetting. NO PLAY."
"20251101_dlys",169,"play","rush",4,2,2,"Carnegie Mellon","Carnegie Mellon",FALSE,TRUE,FALSE,FALSE,FALSE,FALSE,FALSE,FALSE,FALSE,FALSE,FALSE,"4th_down","No Huddle-Shotgun Wamhoff,Mark rush left for 2 yards gain to the DSON45 (Orzolek,Sam), 1ST DOWN."
"20251101_dlys",175,"play","rush",1,5,5,"Carnegie Mellon","Carnegie Mellon",FALSE,TRUE,FALSE,FALSE,FALSE,FALSE,FALSE,FALSE,FALSE,TRUE,FALSE,"rare_flag keyword","No Huddle-Shotgun Langdon,Jake rush right for 5 yards gain to the DSON00 TOUCHDOWN, clock 04:35."
"20251101_dlys",176,"penalty_no_play","penalty_no_play",1,10,,"Carnegie Mellon","Dickinson",TRUE,FALSE,FALSE,FALSE,FALSE,FALSE,FALSE,FALSE,FALSE,FALSE,FALSE,"no_play","PENALTY CMU Delay Of Game 5 yards from DSON03 to DSON08. NO PLAY."
"20251101_dlys",182,"penalty_no_play","penalty_no_play",4,1,,"Dickinson","Dickinson",TRUE,FALSE,FALSE,FALSE,FALSE,FALSE,FALSE,FALSE,FALSE,FALSE,FALSE,"no_play","PENALTY DSON Illegal Substitution (Friebel,Leon) 5 yards from DSON34 to DSON29. NO PLAY."
"20251101_dlys",189,"play","rush",2,3,8,"Carnegie Mellon","Carnegie Mellon",FALSE,TRUE,FALSE,FALSE,FALSE,FALSE,FALSE,FALSE,FALSE,TRUE,FALSE,"rare_flag keyword","No Huddle-Shotgun Fred,David rush middle for 8 yards gain to the DSON00 TOUCHDOWN, clock 00:32, 1ST DOWN."
"20251101_dlys",191,"penalty_no_play","penalty_no_play",1,10,,"Carnegie Mellon","Dickinson",TRUE,FALSE,FALSE,FALSE,FALSE,FALSE,FALSE,FALSE,FALSE,FALSE,FALSE,"no_play","Godhard,Noah kickoff 64 yards to the DSON01 Schmidt,Kevin return 29 yards to the DSON30 (Lawler,Archie) PENALTY DSON Holding (Morgan,CJ) 10 yards from DSON30 to DSON20."
"20251108_3ubg",11,"play","sack",1,10,-1,"Carnegie Mellon","Carnegie Mellon",FALSE,FALSE,FALSE,FALSE,TRUE,FALSE,FALSE,FALSE,FALSE,FALSE,FALSE,"rare_flag","Joey McGinnis I sacked for loss of 1 yard to the CMU37 (Kyle Checchio; Owen Banghart)."
"20251108_3ubg",14,"play","rush",4,11,-17,"Carnegie Mellon","Carnegie Mellon",FALSE,TRUE,FALSE,FALSE,FALSE,FALSE,TRUE,TRUE,FALSE,TRUE,FALSE,"rare_flag keyword  4th_down","TEAM rush for loss of 17 yards to the CMU20, fumble by TEAM recovered by F&M Michael Pembrok at CMU00, TOUCHDOWN, clock 09:55."
"20251108_3ubg",16,"kickoff","kickoff",,,,"Franklin & Marshall","Carnegie Mellon",FALSE,FALSE,FALSE,FALSE,FALSE,FALSE,TRUE,FALSE,FALSE,FALSE,FALSE,"rare_flag keyword","Ivan Harlamov kickoff 65 yards to the CMU00, Nick McCullough return 0 yards to the CMU00, fumble by Nick McCullough recovered by CMU Nick McCullough at CMU00, Nick McCullough return 12 yards to the CMU12 (Dean Coscia; Michael Pembrok), PENALTY CMU illegal block 6 yards to the CMU06."
"20251108_3ubg",20,"penalty_no_play","penalty_no_play",2,7,,"Carnegie Mellon","Carnegie Mellon",TRUE,FALSE,FALSE,FALSE,FALSE,FALSE,FALSE,FALSE,FALSE,FALSE,FALSE,"no_play","PENALTY CMU illegal motion (Nick McCullough) 5 yards to the CMU16."
"20251108_3ubg",28,"penalty_no_play","penalty_no_play",1,10,,"Carnegie Mellon","Carnegie Mellon",TRUE,FALSE,FALSE,FALSE,FALSE,FALSE,FALSE,FALSE,FALSE,FALSE,FALSE,"no_play","PENALTY CMU false start (Nick McCullough) 5 yards to the CMU11."
"20251108_3ubg",35,"penalty_no_play","penalty_no_play",2,10,,"Franklin & Marshall","Franklin & Marshall",TRUE,FALSE,FALSE,FALSE,FALSE,FALSE,FALSE,FALSE,FALSE,FALSE,FALSE,"no_play","PENALTY CMU offside defense (Grayson Metz) 5 yards to the CMU37."
"20251108_3ubg",38,"play","sack",2,11,-2,"Franklin & Marshall","Franklin & Marshall",FALSE,FALSE,FALSE,FALSE,TRUE,FALSE,FALSE,FALSE,FALSE,FALSE,FALSE,"rare_flag","Ty Tremba sacked for loss of 2 yards to the CMU17 (Gabe Bonnet)."
"20251108_3ubg",40,"play","rush",4,1,3,"Franklin & Marshall","Franklin & Marshall",FALSE,TRUE,FALSE,FALSE,FALSE,FALSE,FALSE,FALSE,FALSE,FALSE,FALSE,"4th_down","Louis Paris rush for 3 yards to the CMU02 (Jacob Franze)."
"20251108_3ubg",41,"play","rush",1,2,2,"Franklin & Marshall","Carnegie Mellon",FALSE,TRUE,FALSE,FALSE,FALSE,FALSE,FALSE,FALSE,FALSE,TRUE,FALSE,"rare_flag keyword","Ty Tremba rush for 2 yards to the CMU00, TOUCHDOWN, clock 00:07."
"20251108_3ubg",46,"play","sack",3,9,-1,"Carnegie Mellon","Carnegie Mellon",FALSE,FALSE,FALSE,FALSE,TRUE,FALSE,FALSE,FALSE,FALSE,FALSE,FALSE,"rare_flag","Joey McGinnis I sacked for loss of 1 yard to the CMU23 (Trey Comella)."
"20251108_3ubg",57,"play","rush",4,1,0,"Franklin & Marshall","Carnegie Mellon",FALSE,TRUE,FALSE,FALSE,FALSE,FALSE,FALSE,TRUE,TRUE,FALSE,FALSE,"rare_flag   4th_down","Louis Paris rush for no gain to the CMU23 (Leighton Tarke; Bennett Grace)."
"20251108_3ubg",63,"play","rush",3,9,47,"Carnegie Mellon","Franklin & Marshall",FALSE,TRUE,FALSE,FALSE,FALSE,FALSE,FALSE,FALSE,FALSE,TRUE,FALSE,"rare_flag keyword","Joey McGinnis I rush for 47 yards to the F&M00, TOUCHDOWN, clock 06:14."
"20251108_3ubg",89,"play","pass_intercepted",3,7,,"Carnegie Mellon","Franklin & Marshall",FALSE,FALSE,TRUE,FALSE,FALSE,TRUE,FALSE,TRUE,FALSE,FALSE,FALSE,"rare_flag keyword","Joey McGinnis I pass intercepted by Rafe Carner at the F&M46, Rafe Carner return 0 yards to the F&M46."
"20251108_3ubg",91,"play","rush",2,7,3,"Franklin & Marshall","Franklin & Marshall",TRUE,FALSE,FALSE,FALSE,FALSE,FALSE,FALSE,FALSE,FALSE,FALSE,FALSE,"no_play","Ty Tremba rush for 3 yards to the CMU48, PENALTY F&M holding (Ben Ostroski) 10 yards to the F&M39, NO PLAY."
"20251108_3ubg",94,"play","pass_complete",2,4,28,"Franklin & Marshall","Carnegie Mellon",FALSE,FALSE,TRUE,TRUE,FALSE,FALSE,FALSE,FALSE,FALSE,TRUE,FALSE,"rare_flag keyword","Ty Tremba pass complete to Gary Lewis for 28 yards to the CMU00, TOUCHDOWN, clock 11:43."
"20251108_3ubg",103,"play","pass_complete",2,10,24,"Carnegie Mellon","Franklin & Marshall",FALSE,FALSE,TRUE,TRUE,FALSE,FALSE,FALSE,FALSE,FALSE,TRUE,FALSE,"rare_flag keyword","Joey McGinnis I pass complete to Brendan McCullo for 24 yards to the F&M00, TOUCHDOWN, clock 09:00."
"20251108_3ubg",112,"play","rush",1,10,10,"Franklin & Marshall","Franklin & Marshall",FALSE,TRUE,FALSE,FALSE,FALSE,FALSE,TRUE,FALSE,FALSE,FALSE,FALSE,"rare_flag keyword","Ty Tremba rush for 10 yards to the CMU18, fumble forced by Bennett Grace, fumble by Ty Tremba recovered by F&M Ty Tremba at CMU16 (Bennett Grace)."
"20251108_3ubg",117,"kickoff","kickoff",,,,"Franklin & Marshall","Franklin & Marshall",FALSE,FALSE,FALSE,FALSE,FALSE,FALSE,TRUE,TRUE,FALSE,FALSE,FALSE,"rare_flag keyword","Ivan Harlamov kickoff 56 yards to the CMU09, Cooper Rummel return 13 yards to the CMU22, fumble forced by Nick Aravides, fumble by Cooper Rummel recovered by F&M Rafe Carner at CMU30."
"20251108_3ubg",118,"play","pass_intercepted",1,10,,"Franklin & Marshall","Carnegie Mellon",FALSE,FALSE,TRUE,FALSE,FALSE,TRUE,FALSE,TRUE,FALSE,FALSE,FALSE,"rare_flag keyword","Ty Tremba pass intercepted by Archie Lawler at the CMU23, Archie Lawler return 0 yards to the CMU23."
"20251108_3ubg",124,"play","pass_complete",2,10,30,"Carnegie Mellon","Franklin & Marshall",FALSE,FALSE,TRUE,TRUE,FALSE,FALSE,FALSE,FALSE,FALSE,TRUE,FALSE,"rare_flag keyword","Joey McGinnis I pass complete to Nick McCullough for 30 yards to the F&M00, TOUCHDOWN, clock 01:06."
"20251108_3ubg",143,"play","sack",1,10,-9,"Carnegie Mellon","Carnegie Mellon",FALSE,FALSE,FALSE,FALSE,TRUE,FALSE,FALSE,FALSE,FALSE,FALSE,FALSE,"rare_flag","Joey McGinnis I sacked for loss of 9 yards to the CMU10 (Austin Hadley)."
"20251108_3ubg",147,"play","rush",1,10,3,"Franklin & Marshall","Franklin & Marshall",TRUE,FALSE,FALSE,FALSE,FALSE,FALSE,FALSE,FALSE,FALSE,FALSE,FALSE,"no_play","Louis Paris rush for 3 yards to the CMU45 (Ethan Ming), PENALTY F&M holding (Chris Logue) 10 yards to the F&M42, NO PLAY."
"20251108_3ubg",150,"play","pass_intercepted",3,9,,"Franklin & Marshall","Carnegie Mellon",FALSE,FALSE,TRUE,FALSE,FALSE,TRUE,FALSE,TRUE,FALSE,FALSE,FALSE,"rare_flag keyword","Ty Tremba pass intercepted by Leighton Tarke at the CMU35, Leighton Tarke return 40 yards to the F&M25, PENALTY CMU illegal block (DJ Johnson) 10 yards to the F&M35."
"20251108_3ubg",154,"play","rush",4,1,2,"Carnegie Mellon","Carnegie Mellon",FALSE,TRUE,FALSE,FALSE,FALSE,FALSE,FALSE,FALSE,FALSE,FALSE,FALSE,"4th_down","Mark Wamhoff rush for 2 yards to the F&M24 (Kyle Checchio)."
"20251108_3ubg",156,"play","sack",2,9,-5,"Carnegie Mellon","Carnegie Mellon",FALSE,FALSE,FALSE,FALSE,TRUE,FALSE,FALSE,FALSE,FALSE,FALSE,FALSE,"rare_flag","Joey McGinnis I sacked for loss of 5 yards to the F&M28 (Kyle Checchio)."
"20251108_3ubg",164,"play","rush",1,10,23,"Franklin & Marshall","Carnegie Mellon",FALSE,TRUE,FALSE,FALSE,FALSE,FALSE,FALSE,FALSE,FALSE,TRUE,FALSE,"rare_flag keyword","Anthony Valdez rush for 23 yards to the CMU00, TOUCHDOWN, clock 01:55."
"20251108_3ubg",165,"two_point","two_point",,,,"Franklin & Marshall","Carnegie Mellon",FALSE,FALSE,FALSE,FALSE,FALSE,FALSE,FALSE,FALSE,FALSE,FALSE,FALSE,"two_point","Hudson Zawadzka pass attempt to Ben Shutt good."
"20251108_3ubg",169,"play","pass_intercepted",3,13,,"Carnegie Mellon","Franklin & Marshall",FALSE,FALSE,TRUE,FALSE,FALSE,TRUE,FALSE,TRUE,FALSE,FALSE,FALSE,"rare_flag keyword","Joey McGinnis I pass intercepted by Connor Hille at the F&M13, Connor Hille return 1 yards to the F&M14."
"20251115_h3wh",4,"penalty_no_play","penalty_no_play",3,8,,"Ursinus","Ursinus",TRUE,FALSE,FALSE,FALSE,FALSE,FALSE,FALSE,FALSE,FALSE,FALSE,FALSE,"no_play","PENALTY UCB False Start (Zulkowski,Ryder) 5 yards from UCB27 to UCB22. NO PLAY."
"20251115_h3wh",16,"play","rush",4,1,0,"Ursinus","Carnegie Mellon",FALSE,TRUE,FALSE,FALSE,FALSE,FALSE,FALSE,TRUE,TRUE,FALSE,FALSE,"rare_flag keyword  4th_down","No Huddle-Shotgun Louis,Jaden rush middle for 0 yards to the CMU05 (Stokey,Mitchell; Lawler,Archie), TURNOVER ON DOWNS."
"20251115_h3wh",25,"penalty_no_play","penalty_no_play",1,10,,"Ursinus","Ursinus",TRUE,FALSE,FALSE,FALSE,FALSE,FALSE,FALSE,FALSE,FALSE,FALSE,FALSE,"no_play","PENALTY UCB False Start (Jones,Priest) 5 yards from UCB33 to UCB28. NO PLAY."
"20251115_h3wh",27,"play","pass_incomplete",2,13,0,"Ursinus","Ursinus",TRUE,FALSE,FALSE,FALSE,FALSE,FALSE,FALSE,FALSE,FALSE,FALSE,FALSE,"no_play","No Huddle-Shotgun Machado,Tristan pass incomplete short right to Zulkowski,Ryder thrown to UCB43 PENALTY CMU Pass Interference (Johnson,DJ) 15 yards from UCB30 to UCB45, 1ST DOWN. NO PLAY."
"20251115_h3wh",31,"play","pass_complete",1,10,35,"Ursinus","Carnegie Mellon",FALSE,FALSE,TRUE,TRUE,FALSE,FALSE,FALSE,FALSE,FALSE,TRUE,FALSE,"rare_flag keyword","No Huddle-Shotgun Machado,Tristan pass complete deep right to Zulkowski,Ryder caught at CMU04, for 35 yards to the CMU00 TOUCHDOWN, clock 01:55, 1ST DOWN."
"20251115_h3wh",37,"play","rush",4,1,9,"Carnegie Mellon","Carnegie Mellon",FALSE,TRUE,FALSE,FALSE,FALSE,FALSE,FALSE,FALSE,FALSE,FALSE,FALSE,"4th_down","No Huddle-Shotgun Bouma,Willem rush right for 9 yards gain to the CMU50 (Clarke,D.J.), 1ST DOWN."
"20251115_h3wh",49,"play","pass_intercepted",2,8,,"Ursinus","Ursinus",FALSE,FALSE,TRUE,FALSE,FALSE,TRUE,FALSE,TRUE,FALSE,TRUE,FALSE,"rare_flag keyword","No Huddle-Shotgun Machado,Tristan pass intercepted by Sturges,Robert at UCB23 broken up by Stokey,Mitchell Sturges,Robert return 23 yards to the UCB00 TOUCHDOWN, clock 10:46."
"20251115_h3wh",66,"play","pass_incomplete",1,10,0,"Ursinus","Ursinus",TRUE,FALSE,FALSE,FALSE,FALSE,FALSE,FALSE,FALSE,FALSE,FALSE,FALSE,"no_play","No Huddle-Shotgun Machado,Tristan pass incomplete deep left to Zulkowski,Ryder thrown to CMU25 PENALTY CMU Pass Interference (Ming,Ethan) 15 yards from UCB43 to CMU42, 1ST DOWN. NO PLAY."
"20251115_h3wh",71,"play","pass_complete",3,7,21,"Ursinus","Ursinus",FALSE,FALSE,TRUE,TRUE,FALSE,FALSE,FALSE,FALSE,FALSE,TRUE,FALSE,"rare_flag keyword","No Huddle-Shotgun Machado,Tristan pass complete short left to Roselle,Aidan caught at CMU07, for 21 yards to the CMU00 TOUCHDOWN, clock 01:51, 1ST DOWN."
"20251115_h3wh",73,"penalty_no_play","penalty_no_play",1,10,,"Ursinus","Carnegie Mellon",TRUE,FALSE,FALSE,FALSE,FALSE,FALSE,FALSE,FALSE,FALSE,FALSE,FALSE,"no_play","Carr,Jordan kickoff 61 yards to the CMU04 McCullough,Nick return 37 yards to the CMU41 (Goin,Loui), out of bounds PENALTY CMU Holding (Sturges,Robert) 10 yards from CMU25 to CMU15."
"20251115_h3wh",83,"play","pass_complete",3,17,26,"Carnegie Mellon","Ursinus",FALSE,FALSE,TRUE,TRUE,FALSE,FALSE,FALSE,FALSE,FALSE,TRUE,FALSE,"rare_flag keyword","No Huddle-Shotgun Salters,Jackson pass complete deep right to Kolke,Reece caught at UCB00, for 26 yards to the UCB00 TOUCHDOWN, clock 00:24, 1ST DOWN."
"20251115_h3wh",86,"play","kneel",1,10,-2,"Ursinus","Carnegie Mellon",FALSE,TRUE,FALSE,FALSE,FALSE,FALSE,FALSE,FALSE,FALSE,FALSE,FALSE,"kneel","Kneel down by Machado,Tristan at UCB23 for loss of 2 yards."
"20251115_h3wh",103,"penalty_no_play","penalty_no_play",1,10,,"Ursinus","Ursinus",TRUE,FALSE,FALSE,FALSE,FALSE,FALSE,FALSE,FALSE,FALSE,FALSE,FALSE,"no_play","PENALTY UCB False Start (Leader,Deane) 5 yards from CMU35 to CMU40. NO PLAY."
"20251115_h3wh",108,"play","pass_complete",3,4,6,"Ursinus","Carnegie Mellon",FALSE,FALSE,TRUE,TRUE,FALSE,FALSE,FALSE,FALSE,FALSE,TRUE,FALSE,"rare_flag keyword","No Huddle-Shotgun Machado,Tristan pass complete short right to Zulkowski,Ryder caught at CMU00, for 6 yards to the CMU00 TOUCHDOWN, clock 05:16, 1ST DOWN."
"20251115_h3wh",132,"play","pass_complete",1,10,18,"Ursinus","Carnegie Mellon",FALSE,FALSE,TRUE,TRUE,FALSE,FALSE,FALSE,FALSE,FALSE,TRUE,FALSE,"rare_flag keyword","No Huddle-Shotgun Machado,Tristan pass complete short left to Donahue,Aidan caught at CMU01, for 18 yards to the CMU00 TOUCHDOWN, clock 11:21, 1ST DOWN."
"20251115_h3wh",141,"play","sack",3,8,-2,"Ursinus","Ursinus",FALSE,FALSE,FALSE,FALSE,TRUE,FALSE,FALSE,FALSE,FALSE,FALSE,FALSE,"rare_flag","No Huddle-Shotgun Machado,Tristan sacked for loss of 2 yards to the UCB29 (Stokey,Mitchell)."
"20251115_h3wh",144,"play","sack",2,9,-8,"Carnegie Mellon","Carnegie Mellon",FALSE,FALSE,FALSE,FALSE,TRUE,FALSE,FALSE,FALSE,FALSE,FALSE,FALSE,"rare_flag","No Huddle-Shotgun Bouma,Willem sacked for loss of 8 yards to the CMU23 (Rios,Aaron, Saenz,Manny)."
"20251115_h3wh",158,"play","pass_incomplete",4,7,0,"Ursinus","Carnegie Mellon",FALSE,FALSE,TRUE,FALSE,FALSE,FALSE,FALSE,TRUE,TRUE,FALSE,FALSE,"rare_flag keyword  4th_down","No Huddle-Shotgun Machado,Tristan pass incomplete short left to Donahue,Aidan thrown to CMU17, TURNOVER ON DOWNS."
"20251115_h3wh",161,"play","sack",1,10,-5,"Carnegie Mellon","Carnegie Mellon",FALSE,FALSE,FALSE,FALSE,TRUE,FALSE,FALSE,FALSE,FALSE,FALSE,FALSE,"rare_flag","No Huddle-Shotgun Salters,Jackson sacked for loss of 5 yards to the CMU32 (Saenz,Manny)."
"20251115_h3wh",162,"penalty_no_play","penalty_no_play",2,15,,"Carnegie Mellon",,TRUE,FALSE,FALSE,FALSE,FALSE,FALSE,FALSE,FALSE,FALSE,FALSE,FALSE,"no_play","PENALTY CMU False Start (Moynihan,Danny) 5 yards from CMU32 to CMU27. NO PLAY."
"20251122_xsab",11,"play","rush",2,4,4,"Carnegie Mellon","Misericordia",FALSE,TRUE,FALSE,FALSE,FALSE,FALSE,FALSE,FALSE,FALSE,TRUE,FALSE,"rare_flag keyword","Willem Bouma rush for 4 yards to the MIS00, TOUCHDOWN, clock 10:28."
"20251122_xsab",15,"play","sack",2,8,-9,"Misericordia","Misericordia",FALSE,FALSE,FALSE,FALSE,TRUE,FALSE,FALSE,FALSE,FALSE,FALSE,FALSE,"rare_flag","Jacob Hunter sacked for loss of 9 yards to the MIS09 (Mitchell Stokey)."
"20251122_xsab",24,"play","rush",4,3,-2,"Carnegie Mellon","Misericordia",FALSE,TRUE,FALSE,FALSE,FALSE,FALSE,FALSE,TRUE,TRUE,FALSE,FALSE,"rare_flag   4th_down","Willem Bouma rush for loss of 2 yards to the MIS26 (Kevin Huffman)."
"20251122_xsab",28,"play","pass_incomplete",4,3,0,"Misericordia","Carnegie Mellon",FALSE,FALSE,TRUE,FALSE,FALSE,FALSE,FALSE,TRUE,TRUE,FALSE,FALSE,"rare_flag   4th_down","Jacob Hunter pass incomplete to Billy McCleery (Connor Warren)."
"20251122_xsab",32,"play","rush",4,1,0,"Carnegie Mellon","Misericordia",FALSE,TRUE,FALSE,FALSE,FALSE,FALSE,TRUE,TRUE,TRUE,FALSE,FALSE,"rare_flag keyword  4th_down","Willem Bouma rush for no gain to the MIS24, fumble forced by Gavin Morris, fumble by Willem Bouma recovered by CMU Jake Langdon at MIS24."
"20251122_xsab",33,"penalty_no_play","penalty_no_play",1,10,,"Misericordia","Misericordia",TRUE,FALSE,FALSE,FALSE,FALSE,FALSE,FALSE,FALSE,FALSE,FALSE,FALSE,"no_play","PENALTY MIS false start (Billy McCleery) 5 yards to the MIS19."
"20251122_xsab",35,"penalty_no_play","penalty_no_play",2,8,,"Misericordia","Misericordia",TRUE,FALSE,FALSE,FALSE,FALSE,FALSE,FALSE,FALSE,FALSE,FALSE,FALSE,"no_play","PENALTY CMU offside defense (Mareks Woodside) 5 yards to the MIS31."
"20251122_xsab",45,"play","pass_incomplete",4,8,0,"Misericordia","Carnegie Mellon",FALSE,FALSE,TRUE,FALSE,FALSE,FALSE,FALSE,TRUE,TRUE,FALSE,FALSE,"rare_flag   4th_down","Jacob Hunter pass incomplete to Vincent Smith (Ethan Ming)."
"20251122_xsab",52,"play","rush",4,2,-1,"Carnegie Mellon","Misericordia",FALSE,TRUE,FALSE,FALSE,FALSE,FALSE,FALSE,TRUE,TRUE,FALSE,FALSE,"rare_flag   4th_down","Giacomo Valente rush for loss of 1 yard to the MIS37 (Gavin Morris)."
"20251122_xsab",56,"penalty_no_play","penalty_no_play",3,4,,"Misericordia","Misericordia",TRUE,FALSE,FALSE,FALSE,FALSE,FALSE,FALSE,FALSE,FALSE,FALSE,FALSE,"no_play","PENALTY CMU offside defense (Lucas Hazard) 5 yards to the CMU25."
"20251122_xsab",58,"play","rush",2,8,-5,"Misericordia","Carnegie Mellon",FALSE,TRUE,FALSE,FALSE,FALSE,FALSE,TRUE,TRUE,FALSE,FALSE,FALSE,"rare_flag keyword","Kasiah Poole rush for loss of 5 yards to the CMU28, fumble forced by Robert Sturges, fumble by Kasiah Poole recovered by CMU Jack Lawson at CMU29."
"20251122_xsab",61,"play","sack",3,4,-6,"Carnegie Mellon","Carnegie Mellon",FALSE,FALSE,FALSE,FALSE,TRUE,FALSE,FALSE,FALSE,FALSE,FALSE,FALSE,"rare_flag","Jackson Salters sacked for loss of 6 yards to the CMU29 (Thomas Morris; Owen Norman)."
"20251122_xsab",69,"play","pass_complete",4,8,36,"Misericordia","Misericordia",FALSE,FALSE,TRUE,TRUE,FALSE,FALSE,FALSE,FALSE,FALSE,FALSE,FALSE,"4th_down","Jacob Hunter pass complete to Vincent Smith for 36 yards to the CMU15 (Enzo DeFranco)."
"20251122_xsab",73,"play","rush",4,2,3,"Misericordia","Misericordia",FALSE,TRUE,FALSE,FALSE,FALSE,FALSE,FALSE,FALSE,FALSE,FALSE,FALSE,"4th_down","Jacob Hunter rush for 3 yards to the CMU04 (Gabe Bonnet)."
"20251122_xsab",75,"play","rush",2,3,3,"Misericordia","Carnegie Mellon",FALSE,TRUE,FALSE,FALSE,FALSE,FALSE,FALSE,FALSE,FALSE,TRUE,FALSE,"rare_flag keyword","Jacob Hunter rush for 3 yards to the CMU00, TOUCHDOWN, clock 01:33."
"20251122_xsab",76,"two_point","two_point",,,,"Misericordia","Carnegie Mellon",FALSE,FALSE,FALSE,FALSE,FALSE,FALSE,FALSE,FALSE,FALSE,FALSE,FALSE,"two_point","Jacob Hunter pass attempt to Jordan Alston failed."
"20251122_xsab",79,"play","sack",2,8,-8,"Carnegie Mellon","Carnegie Mellon",FALSE,FALSE,FALSE,FALSE,TRUE,FALSE,FALSE,FALSE,FALSE,FALSE,FALSE,"rare_flag","Jackson Salters sacked for loss of 8 yards to the CMU25 (Stacey Jackson)."
"20251122_xsab",88,"play","pass_incomplete",4,7,0,"Misericordia","Misericordia",TRUE,FALSE,FALSE,FALSE,FALSE,FALSE,FALSE,FALSE,FALSE,FALSE,FALSE,"no_play 4th_down","Jacob Hunter pass incomplete to Vincent Smith (Ethan Ming), PENALTY CMU pass interference (Ethan Ming) 12 yards to the CMU02, NO PLAY."
"20251122_xsab",91,"play","pass_complete",3,2,2,"Misericordia","Misericordia",FALSE,FALSE,TRUE,TRUE,FALSE,FALSE,FALSE,FALSE,FALSE,TRUE,FALSE,"rare_flag keyword","Jacob Hunter pass complete to Jordan Alston for 2 yards to the CMU00, TOUCHDOWN, clock 00:01."
"20251122_xsab",92,"two_point","two_point",,,,"Misericordia","Misericordia",FALSE,FALSE,FALSE,FALSE,FALSE,FALSE,FALSE,FALSE,FALSE,FALSE,FALSE,"two_point","Jacob Hunter rush attempt good."
"20251122_xsab",95,"play","pass_complete",1,10,16,"Misericordia","Misericordia",FALSE,FALSE,TRUE,TRUE,FALSE,FALSE,TRUE,FALSE,FALSE,FALSE,FALSE,"rare_flag keyword","Jacob Hunter pass complete to Vincent Smith for 16 yards to the MIS38, fumble forced by Jacob Franze, fumble by Vincent Smith recovered by MIS Jassanwhittake at MIS39."
"20251122_xsab",99,"play","sack",4,3,-14,"Misericordia","Misericordia",FALSE,FALSE,FALSE,FALSE,TRUE,FALSE,TRUE,TRUE,FALSE,TRUE,FALSE,"rare_flag keyword  4th_down","Jacob Hunter sacked for loss of 14 yards to the MIS32 (Jack Lawson), fumble by Jacob Hunter recovered by CMU Connor Warren at MIS32, Connor Warren return 32 yards to the MIS00, TOUCHDOWN, clock 12:23."
"20251122_xsab",105,"play","rush",3,2,3,"Misericordia","Misericordia",FALSE,TRUE,FALSE,FALSE,FALSE,FALSE,TRUE,FALSE,FALSE,FALSE,FALSE,"rare_flag keyword","Angelo Fluri rush for 3 yards to the CMU19, fumble forced by Jack Lawson, fumble by Angelo Fluri recovered by MIS Angelo Fluri at CMU19."
"20251122_xsab",118,"play","rush",3,3,-5,"Carnegie Mellon","Carnegie Mellon",FALSE,TRUE,FALSE,FALSE,FALSE,FALSE,TRUE,FALSE,FALSE,FALSE,FALSE,"rare_flag keyword","Giacomo Valente rush for loss of 5 yards to the 50 yardline, fumble by Giacomo Valente recovered by CMU Giacomo Valente at 50 yardline, Giacomo Valente for 6 yards to the MIS44 (Xavier Woolfolk)."
"20251122_xsab",119,"penalty_no_play","penalty_no_play",4,2,,"Carnegie Mellon","Carnegie Mellon",TRUE,FALSE,FALSE,FALSE,FALSE,FALSE,FALSE,FALSE,FALSE,FALSE,FALSE,"no_play","PENALTY CMU personal foul (Orazio Nastase) 15 yards to the CMU41."
"20251122_xsab",123,"play","pass_intercepted",2,10,,"Misericordia","Carnegie Mellon",FALSE,FALSE,TRUE,FALSE,FALSE,TRUE,FALSE,TRUE,FALSE,FALSE,FALSE,"rare_flag keyword","Jacob Hunter pass intercepted by Connor Warren at the MIS44, Connor Warren return 0 yards to the MIS44."
"20251122_xsab",126,"penalty_no_play","penalty_no_play",3,3,,"Carnegie Mellon","Carnegie Mellon",TRUE,FALSE,FALSE,FALSE,FALSE,FALSE,FALSE,FALSE,FALSE,FALSE,FALSE,"no_play","PENALTY CMU delay of game (Jackson Salters) 5 yards to the MIS42."
"20251122_xsab",127,"play","pass_complete",3,8,42,"Carnegie Mellon","Misericordia",FALSE,FALSE,TRUE,TRUE,FALSE,FALSE,FALSE,FALSE,FALSE,TRUE,FALSE,"rare_flag keyword","Jackson Salters pass complete to Reece Kolke for 42 yards to the MIS00, TOUCHDOWN, clock 01:51."
"20251122_xsab",133,"play","rush",4,2,3,"Misericordia","Misericordia",FALSE,TRUE,FALSE,FALSE,FALSE,FALSE,FALSE,FALSE,FALSE,FALSE,FALSE,"4th_down","Jacob Hunter rush for 3 yards to the MIS36 (Ethan Ming; Jacob Franze)."
"20251122_xsab",137,"play","pass_complete",1,10,17,"Misericordia","Misericordia",FALSE,FALSE,TRUE,TRUE,FALSE,FALSE,TRUE,FALSE,FALSE,FALSE,FALSE,"rare_flag keyword","Jacob Hunter pass complete to Vincent Smith for 17 yards to the CMU26, fumble forced by Jacob Franze, fumble by Vincent Smith recovered by MIS Vincent Smith at CMU26 (Connor Warren)."
"20251122_xsab",141,"play","rush",4,1,0,"Misericordia","Carnegie Mellon",FALSE,TRUE,FALSE,FALSE,FALSE,FALSE,FALSE,TRUE,TRUE,FALSE,FALSE,"rare_flag   4th_down","Kasiah Poole rush for no gain to the CMU17 (Connor Warren; Mitchell Stokey)."
"20251122_xsab",149,"play","pass_incomplete",4,1,0,"Carnegie Mellon","Misericordia",FALSE,FALSE,TRUE,FALSE,FALSE,FALSE,FALSE,TRUE,TRUE,FALSE,FALSE,"rare_flag   4th_down","Mark Wamhoff pass incomplete to Danny Moynihan."
"20251122_xsab",151,"play","pass_complete",2,10,-5,"Misericordia","Misericordia",FALSE,FALSE,TRUE,TRUE,FALSE,FALSE,TRUE,FALSE,FALSE,FALSE,FALSE,"rare_flag keyword","Jacob Hunter pass complete to Jassanwhittake for loss of 5 yards to the MIS10, fumble forced by Jack Lawson, fumble by Jassanwhittake recovered by MIS Jassanwhittake at MIS11 (Jack Lawson)."
"20251122_xsab",152,"play","sack",3,14,-2,"Misericordia","Misericordia",FALSE,FALSE,FALSE,FALSE,TRUE,FALSE,FALSE,FALSE,FALSE,FALSE,FALSE,"rare_flag","Jacob Hunter sacked for loss of 2 yards to the MIS09 (Leighton Tarke)."
"20251122_xsab",159,"play","pass_intercepted",1,10,,"Misericordia","Carnegie Mellon",FALSE,FALSE,TRUE,FALSE,FALSE,TRUE,FALSE,TRUE,FALSE,FALSE,FALSE,"rare_flag keyword","Jacob Hunter pass intercepted by Jack Lawson at the MIS45, Jack Lawson return 13 yards to the MIS32, out-of-bounds."
