"game_id","play_index","row_type","play_type","pos_team","def_pos_team","penalty_flag","penalty_yards_signed","penalized_team","penalty_no_play","penalty_declined","yards_gained","penalty_text","play_text"
"20250906_e064",4,"penalty_no_play","penalty_no_play","UChicago","Carnegie Mellon",TRUE,-5,"UChicago",TRUE,FALSE,,"PENALTY UCHI Delay Of Game (Ruff,Jack) 5 yards from UCHI23 to UCHI18. NO PLAY.","PENALTY UCHI Delay Of Game (Ruff,Jack) 5 yards from UCHI23 to UCHI18. NO PLAY."
"20250906_e064",11,"play","pass_complete","Carnegie Mellon","UChicago",TRUE,11,"UChicago",FALSE,FALSE,10,"PENALTY UCHI Face Mask (Rochester,EJ) 11 yard from UCHI22 to UCHI11, 1ST DOWN.","Shotgun McGinnis IV,Joey pass complete short right to McCullough,Nick caught at UCHI25, for 10 yards to the UCHI22 (Rochester,EJ), 1ST DOWN, PENALTY UCHI Face Mask (Rochester,EJ) 11 yard from UCHI22 to UCHI11, 1ST DOWN."
"20250906_e064",19,"penalty_no_play","penalty_no_play","UChicago","Carnegie Mellon",TRUE,-5,"UChicago",TRUE,FALSE,,"PENALTY UCHI Delay Of Game (Tan,Tad) 5 yards from UCHI31 to UCHI26. NO PLAY.","PENALTY UCHI Delay Of Game (Tan,Tad) 5 yards from UCHI31 to UCHI26. NO PLAY."
"20250906_e064",20,"play","punt_no_return","UChicago","Carnegie Mellon",TRUE,,"Carnegie Mellon",FALSE,TRUE,,"PENALTY CMU Running Into The Kicker declined.","Tan,Tad punt 38 yards to the CMU36 PENALTY CMU Running Into The Kicker declined."
"20250906_e064",28,"penalty_no_play","penalty_no_play","UChicago","Carnegie Mellon",TRUE,-3,"UChicago",TRUE,FALSE,,"PENALTY UCHI Illegal Substitution (Rochester,EJ) 3 yards from UCHI06 to UCHI03. NO PLAY.","PENALTY UCHI Illegal Substitution (Rochester,EJ) 3 yards from UCHI06 to UCHI03. NO PLAY."
"20250906_e064",34,"penalty_no_play","penalty_no_play","Carnegie Mellon","UChicago",TRUE,-5,"Carnegie Mellon",TRUE,FALSE,,"PENALTY CMU False Start (McCullough,Brendan) 5 yards from UCHI42 to UCHI47. NO PLAY.","PENALTY CMU False Start (McCullough,Brendan) 5 yards from UCHI42 to UCHI47. NO PLAY."
"20250906_e064",39,"penalty_no_play","penalty_no_play","Carnegie Mellon","UChicago",TRUE,-5,"Carnegie Mellon",TRUE,FALSE,,"PENALTY CMU False Start (Alligood,Sam) 5 yards from UCHI13 to UCHI18. NO PLAY.","PENALTY CMU False Start (Alligood,Sam) 5 yards from UCHI13 to UCHI18. NO PLAY."
"20250906_e064",41,"penalty_no_play","penalty_no_play","Carnegie Mellon","UChicago",TRUE,-5,"Carnegie Mellon",TRUE,FALSE,,"PENALTY CMU False Start (Katarincic,Charlie) 5 yards from UCHI14 to UCHI19. NO PLAY.","PENALTY CMU False Start (Katarincic,Charlie) 5 yards from UCHI14 to UCHI19. NO PLAY."
"20250906_e064",69,"penalty_no_play","penalty_no_play","UChicago","Carnegie Mellon",TRUE,-5,"UChicago",TRUE,FALSE,,"PENALTY UCHI Delay Of Game (Ruff,Jack) 5 yards from CMU42 to CMU47. NO PLAY.","PENALTY UCHI Delay Of Game (Ruff,Jack) 5 yards from CMU42 to CMU47. NO PLAY."
"20250906_e064",86,"play","pass_complete","Carnegie Mellon","UChicago",TRUE,15,"UChicago",FALSE,FALSE,5,"PENALTY UCHI UNR: Unnecessary Roughness (Kilgallen,Declan) 15 yards from UCHI41 to UCHI26, 1ST DOWN.","No Huddle-Shotgun McGinnis IV,Joey pass complete short right to McCullough,Brendan caught at UCHI42, for 5 yards to the UCHI41 (Kilgallen,Declan) PENALTY UCHI UNR: Unnecessary Roughness (Kilgallen,Declan) 15 yards from UCHI41 to UCHI26, 1ST DOWN."
"20250906_e064",89,"play","pass_incomplete","Carnegie Mellon","UChicago",TRUE,-10,"Carnegie Mellon",TRUE,FALSE,,"PENALTY CMU Holding (Champe,Andy) 10 yards from UCHI16 to UCHI26. NO PLAY.","No Huddle-Shotgun McGinnis IV,Joey pass incomplete short right to Moynihan,Danny thrown to UCHI12 broken up by Gideons,Battle PENALTY CMU Holding (Champe,Andy) 10 yards from UCHI16 to UCHI26. NO PLAY."
"20250906_e064",91,"play","rush","Carnegie Mellon","UChicago",TRUE,-5,"Carnegie Mellon",FALSE,FALSE,3,"PENALTY CMU Illegal Forward Pass (McGinnis IV,Joey) 5 yards from UCHI23 to UCHI28.","No Huddle-Shotgun McGinnis IV,Joey rush right for 3 yards gain to the UCHI23, End Of Play PENALTY CMU Illegal Forward Pass (McGinnis IV,Joey) 5 yards from UCHI23 to UCHI28."
"20250906_e064",105,"play","punt_with_return","UChicago","Carnegie Mellon",TRUE,5,"Carnegie Mellon",TRUE,FALSE,,"PENALTY CMU Holding declined CMU Running Into The Kicker (Strigger,Josiah) 5 yards from UCHI47 to CMU48, 1ST DOWN. NO PLAY.","Tan,Tad punt 37 yards to the CMU16 McCullough,Brendan return 11 yards to the CMU27 (Rolls,Hugh) PENALTY CMU Holding declined CMU Running Into The Kicker (Strigger,Josiah) 5 yards from UCHI47 to CMU48, 1ST DOWN. NO PLAY."
"20250906_e064",109,"penalty_no_play","penalty_no_play","UChicago","Carnegie Mellon",TRUE,-5,"UChicago",TRUE,FALSE,,"PENALTY UCHI Delay Of Game (Tan,Tad) 5 yards from CMU49 to UCHI46. NO PLAY.","PENALTY UCHI Delay Of Game (Tan,Tad) 5 yards from CMU49 to UCHI46. NO PLAY."
"20250906_e064",110,"play","punt_no_return","UChicago","Carnegie Mellon",TRUE,,"Carnegie Mellon",FALSE,TRUE,,"PENALTY CMU Running Into The Kicker declined.","Tan,Tad punt 44 yards to the CMU10 fair catch by McCullough,Brendan at CMU10 PENALTY CMU Running Into The Kicker declined."
"20250906_e064",114,"play","rush","Carnegie Mellon","UChicago",TRUE,5,"UChicago",TRUE,FALSE,,"PENALTY UCHI Illegal Substitution (Kilgallen,Declan) 5 yards from CMU38 to CMU43. NO PLAY.","No Huddle-Shotgun Bouma,Willem rush left for 4 yards gain to the CMU42 (Rolls,Hugh) PENALTY UCHI Illegal Substitution (Kilgallen,Declan) 5 yards from CMU38 to CMU43. NO PLAY."
"20250906_e064",124,"play","rush","Carnegie Mellon","UChicago",TRUE,-15,"Carnegie Mellon",FALSE,FALSE,3,"PENALTY CMU UNS: Unsportsmanlike Conduct (Corthran,Lin) 15 yards from UCHI10 to UCHI25.","No Huddle-Shotgun McGinnis IV,Joey rush right for 3 yards gain to the UCHI10 (Domadia,Manav; Wigginton,Jack) PENALTY CMU UNS: Unsportsmanlike Conduct (Corthran,Lin) 15 yards from UCHI10 to UCHI25."
"20250906_e064",126,"play","pass_incomplete","UChicago","Carnegie Mellon",TRUE,15,"Carnegie Mellon",TRUE,FALSE,,"PENALTY CMU Roughing The Passer (Tarke,Leighton) 15 yards from UCHI24 to UCHI39, 1ST DOWN. NO PLAY.","Shotgun Ruff,Jack pass incomplete deep right to Degner,Luke thrown to UCHI45 broken up by Johnson,DJ PENALTY CMU Roughing The Passer (Tarke,Leighton) 15 yards from UCHI24 to UCHI39, 1ST DOWN. NO PLAY."
"20250906_e064",133,"play","rush","Carnegie Mellon","UChicago",TRUE,-10,"Carnegie Mellon",TRUE,FALSE,,"PENALTY CMU Holding (Katarincic,Charlie) 10 yards from CMU42 to CMU32. NO PLAY.","No Huddle-Shotgun Bouma,Willem rush middle for 0 yards to the CMU42 (Nittoli,Anthony) PENALTY CMU Holding (Katarincic,Charlie) 10 yards from CMU42 to CMU32. NO PLAY."
"20250906_e064",135,"play","pass_complete","Carnegie Mellon","UChicago",TRUE,-15,"Carnegie Mellon",TRUE,FALSE,,"PENALTY CMU Pass Interference (Moynihan,Danny) 15 yards from CMU46 to CMU31. NO PLAY.","No Huddle-Shotgun McGinnis IV,Joey pass complete short right to McCullough,Brendan caught at UCHI44, for 54 yards to the UCHI00 TOUCHDOWN nullified by penalty, clock 00:00 PENALTY CMU Pass Interference (Moynihan,Danny) 15 yards from CMU46 to CMU31. NO PLAY."
"20250906_e064",158,"penalty_no_play","penalty_no_play","Carnegie Mellon","UChicago",TRUE,-5,"Carnegie Mellon",TRUE,FALSE,,"PENALTY CMU False Start (Gaul,Conor) 5 yards from UCHI01 to UCHI06. NO PLAY.","PENALTY CMU False Start (Gaul,Conor) 5 yards from UCHI01 to UCHI06. NO PLAY."
"20250913_6i95",26,"penalty_no_play","penalty_no_play","Wis.-La Crosse","Carnegie Mellon",TRUE,-5,"Wis.-La Crosse",TRUE,FALSE,,"PENALTY UWL delay of game (Ethan Tranel) 5 yards to the UWL31.","PENALTY UWL delay of game (Ethan Tranel) 5 yards to the UWL31."
"20250913_6i95",41,"play","punt_with_return","Wis.-La Crosse","Carnegie Mellon",TRUE,-15,"Wis.-La Crosse",FALSE,FALSE,,"PENALTY UWL personal foul (Ben Walsh) 15 yards to the CMU44.","Ethan Tranel punt 46 yards to the CMU18, Brendan McCullo return 11 yards to the CMU29 (Tyr Severson), out-of-bounds, PENALTY UWL personal foul (Ben Walsh) 15 yards to the CMU44."
"20250913_6i95",42,"play","pass_complete","Carnegie Mellon","Wis.-La Crosse",TRUE,-5,"Carnegie Mellon",TRUE,FALSE,,"PENALTY CMU ineligible man down field (Andy Champe) 5 yards to the CMU39, NO PLAY.","Joey McGinnis I pass complete to Brendan McCullo for 35 yards to the UWL21, PENALTY CMU ineligible man down field (Andy Champe) 5 yards to the CMU39, NO PLAY."
"20250913_6i95",46,"penalty_no_play","penalty_no_play","Carnegie Mellon","Wis.-La Crosse",TRUE,-5,"Carnegie Mellon",TRUE,FALSE,,"PENALTY CMU false start (Jack Korzeniows) 5 yards to the CMU34.","PENALTY CMU false start (Jack Korzeniows) 5 yards to the CMU34."
"20250913_6i95",50,"play","pass_incomplete","Wis.-La Crosse","Carnegie Mellon",TRUE,9,"Carnegie Mellon",TRUE,FALSE,,"PENALTY CMU pass interference (Ethan Ming) 9 yards to the UWL40, NO PLAY.","Kyle Haas pass incomplete to Jack Janke (Ethan Ming), PENALTY CMU pass interference (Ethan Ming) 9 yards to the UWL40, NO PLAY."
"20250913_6i95",54,"penalty_no_play","penalty_no_play","Wis.-La Crosse","Carnegie Mellon",TRUE,-5,"Wis.-La Crosse",TRUE,FALSE,,"PENALTY UWL false start (Zach Mlsna) 5 yards to the CMU25.","PENALTY UWL false start (Zach Mlsna) 5 yards to the CMU25."
"20250913_6i95",56,"play","rush","Wis.-La Crosse","Carnegie Mellon",TRUE,-10,"Wis.-La Crosse",TRUE,FALSE,,"PENALTY UWL holding 10 yards to the CMU24, NO PLAY.","Brady Wilde rush for no gain to the CMU14 (Jack Lawson; Leighton Tarke), PENALTY UWL holding 10 yards to the CMU24, NO PLAY."
"20250913_6i95",83,"penalty_no_play","penalty_no_play","Carnegie Mellon","Wis.-La Crosse",TRUE,-5,"Carnegie Mellon",TRUE,FALSE,,"PENALTY CMU false start (Jake Langdon) 5 yards to the CMU27.","PENALTY CMU false start (Jake Langdon) 5 yards to the CMU27."
"20250913_6i95",105,"penalty_no_play","penalty_no_play","Wis.-La Crosse","Carnegie Mellon",TRUE,15,"Carnegie Mellon",TRUE,FALSE,,"PENALTY CMU unsportmanlike conduct (Danny Moynihan) 15 yards to the 50 yardline.","PENALTY CMU unsportmanlike conduct (Danny Moynihan) 15 yards to the 50 yardline."
"20250913_6i95",106,"penalty_no_play","penalty_no_play","Wis.-La Crosse","Carnegie Mellon",TRUE,,,FALSE,FALSE,,,"Penalty after touchdown before PAT"
"20250913_6i95",114,"play","rush","Carnegie Mellon","Wis.-La Crosse",TRUE,-5,"Carnegie Mellon",TRUE,FALSE,,"PENALTY CMU illegal formation 5 yards to the UWL13, NO PLAY.","Joey McGinnis I rush for 8 yards to the UWL00, TOUCHDOWN, clock 03:43, PENALTY CMU illegal formation 5 yards to the UWL13, NO PLAY."
"20250913_6i95",135,"play","pass_incomplete","Carnegie Mellon","Wis.-La Crosse",TRUE,15,"Wis.-La Crosse",TRUE,FALSE,,"PENALTY UWL pass interference (Tate Pitcher) 15 yards to the UWL34, NO PLAY.","Joey McGinnis I pass incomplete to Reece Kolke, PENALTY UWL pass interference (Tate Pitcher) 15 yards to the UWL34, NO PLAY."
"20250913_6i95",160,"penalty_no_play","penalty_no_play","Wis.-La Crosse","Carnegie Mellon",TRUE,-15,"Wis.-La Crosse",TRUE,FALSE,,"PENALTY UWL unsportmanlike conduct (Kyle Haas) 15 yards to the UWL20.","PENALTY UWL unsportmanlike conduct (Kyle Haas) 15 yards to the UWL20."
"20250913_6i95",161,"penalty_no_play","penalty_no_play","Wis.-La Crosse","Carnegie Mellon",TRUE,,,FALSE,FALSE,,,"Penalty after touchdown before PAT"
"20250920_l58t",10,"penalty_no_play","penalty_no_play","Berry","Carnegie Mellon",TRUE,-5,"Berry",TRUE,FALSE,,"PENALTY BERRY delay of game (Andrew Hunter) 5 yards to the CMU40.","PENALTY BERRY delay of game (Andrew Hunter) 5 yards to the CMU40."
"20250920_l58t",29,"penalty_no_play","penalty_no_play","Berry","Carnegie Mellon",TRUE,5,"Carnegie Mellon",TRUE,FALSE,,"PENALTY CMU offside defense (Mitchell Stokey) 5 yards to the CMU17.","PENALTY CMU offside defense (Mitchell Stokey) 5 yards to the CMU17."
"20250920_l58t",37,"penalty_no_play","penalty_no_play","Carnegie Mellon","Berry",TRUE,-5,"Carnegie Mellon",TRUE,FALSE,,"PENALTY CMU false start 5 yards to the CMU16.","PENALTY CMU false start 5 yards to the CMU16."
"20250920_l58t",43,"play","punt_no_return","Berry","Carnegie Mellon",TRUE,-10,"Berry",TRUE,FALSE,,"PENALTY BERRY holding 10 yards to the BERRY32, NO PLAY.","Miles Hamby punt 37 yards to the CMU21, out-of-bounds, PENALTY BERRY holding 10 yards to the BERRY32, NO PLAY."
"20250920_l58t",73,"play","rush","Carnegie Mellon","Berry",TRUE,-10,"Carnegie Mellon",TRUE,FALSE,,"PENALTY CMU holding (Willem Bouma) 10 yards to the BERRY39, NO PLAY.","Joey McGinnis I rush for loss of 1 yard to the BERRY30 (Cade Petty), PENALTY CMU holding (Willem Bouma) 10 yards to the BERRY39, NO PLAY."
"20250920_l58t",74,"play","rush","Carnegie Mellon","Berry",TRUE,-15,"Carnegie Mellon",TRUE,FALSE,,"PENALTY CMU chop block 15 yards to the CMU46, NO PLAY.","Joey McGinnis I rush for 13 yards to the BERRY26 (Steven Pickett), out-of-bounds, PENALTY CMU chop block 15 yards to the CMU46, NO PLAY."
"20250920_l58t",78,"play","rush","Carnegie Mellon","Berry",TRUE,15,"Berry",FALSE,FALSE,3,"PENALTY BERRY personal foul 15 yards to the CMU45.","Willem Bouma rush for 3 yards to the CMU30 (Ben Brookshire; Christopher Lew), PENALTY BERRY personal foul 15 yards to the CMU45."
"20250920_l58t",90,"play","pass_complete","Berry","Carnegie Mellon",TRUE,-15,"Berry",TRUE,FALSE,,"PENALTY BERRY offense pass interference (Juelz Davis) 15 yards to the BERRY35, NO PLAY.","Andrew Hunter pass complete to Colby Sikes for 13 yards to the CMU37 (Tai Mann), out-of-bounds, PENALTY BERRY offense pass interference (Juelz Davis) 15 yards to the BERRY35, NO PLAY."
"20250920_l58t",91,"penalty_no_play","penalty_no_play","Berry","Carnegie Mellon",TRUE,10,"Carnegie Mellon",TRUE,FALSE,,"PENALTY CMU holding 10 yards to the BERRY45.","PENALTY CMU holding 10 yards to the BERRY45."
"20250920_l58t",98,"play","pass_complete","Berry","Carnegie Mellon",TRUE,-5,"Berry",TRUE,FALSE,,"PENALTY BERRY illegal shift 5 yards to the CMU44, NO PLAY.","Andrew Hunter pass complete to Colby Sikes for 17 yards to the CMU22, out-of-bounds, PENALTY BERRY illegal shift 5 yards to the CMU44, NO PLAY."
"20250920_l58t",101,"penalty_no_play","penalty_no_play","Carnegie Mellon","Berry",TRUE,-5,"Carnegie Mellon",TRUE,FALSE,,"PENALTY CMU false start 5 yards to the CMU21.","PENALTY CMU false start 5 yards to the CMU21."
"20250920_l58t",125,"penalty_no_play","penalty_no_play","Berry","Carnegie Mellon",TRUE,-5,"Berry",TRUE,FALSE,,"PENALTY BERRY false start 5 yards to the CMU34.","PENALTY BERRY false start 5 yards to the CMU34."
"20250920_l58t",128,"play","rush","Carnegie Mellon","Berry",TRUE,-10,"Carnegie Mellon",TRUE,FALSE,,"PENALTY CMU holding (Conor Gaul) 10 yards to the CMU18, NO PLAY.","Willem Bouma rush for 3 yards to the CMU31 (Alex Mincey), PENALTY CMU holding (Conor Gaul) 10 yards to the CMU18, NO PLAY."
"20250920_l58t",132,"play","punt_no_return","Carnegie Mellon","Berry",TRUE,15,"Berry",TRUE,FALSE,,"PENALTY BERRY personal foul 15 yards to the CMU39, NO PLAY.","John Norell punt 30 yards to the BERRY46, fair catch by Nate Lyons, PENALTY BERRY personal foul 15 yards to the CMU39, NO PLAY."
"20250920_l58t",142,"penalty_no_play","penalty_no_play","Berry","Carnegie Mellon",TRUE,-5,"Berry",TRUE,FALSE,,"PENALTY BERRY false start (Bryson Hill) 5 yards to the BERRY10.","PENALTY BERRY false start (Bryson Hill) 5 yards to the BERRY10."
"20250920_l58t",148,"play","pass_incomplete","Berry","Carnegie Mellon",TRUE,15,"Carnegie Mellon",TRUE,FALSE,,"PENALTY CMU pass interference (Victor Ruhland) 15 yards to the CMU35, NO PLAY.","Andrew Hunter pass incomplete to Khamari Smith, PENALTY CMU pass interference (Victor Ruhland) 15 yards to the CMU35, NO PLAY."
"20250920_l58t",151,"two_point","two_point","Berry","Carnegie Mellon",TRUE,,"Berry",FALSE,TRUE,,"PENALTY BERRY ineligible man down field declined.","Nate Lyons pass attempt to TEAM failed, PENALTY BERRY ineligible man down field declined."
"20251004_gwn0",8,"play","punt_no_return","McDaniel","Carnegie Mellon",TRUE,3,"Carnegie Mellon",FALSE,FALSE,,"PENALTY CMU holding (Ethan Ming) 3 yards to the CMU03.","Braden Fritz punt 46 yards to the CMU06, downed, PENALTY CMU holding (Ethan Ming) 3 yards to the CMU03."
"20251004_gwn0",15,"play","rush","McDaniel","Carnegie Mellon",TRUE,-10,"McDaniel",TRUE,FALSE,,"PENALTY MCD holding 10 yards to the MCD27, NO PLAY.","Jayden Booker rush for loss of 6 yards to the MCD31 (Ty Kadur), PENALTY MCD holding 10 yards to the MCD27, NO PLAY."
"20251004_gwn0",23,"play","rush","Carnegie Mellon","McDaniel",TRUE,7,"McDaniel",FALSE,FALSE,0,"PENALTY MCD face mask (Kendrick Willia) 7 yards to the MCD07.","Joey McGinnis I rush for no gain to the MCD14 (Kendrick Willia), PENALTY MCD face mask (Kendrick Willia) 7 yards to the MCD07."
"20251004_gwn0",26,"play","rush","Carnegie Mellon","McDaniel",TRUE,2,"McDaniel",TRUE,FALSE,,"PENALTY MCD offside defense 2 yards to the MCD01, NO PLAY.","Mark Wamhoff rush for 2 yards to the MCD01 (Taevon LeGrande), PENALTY MCD offside defense 2 yards to the MCD01, NO PLAY."
"20251004_gwn0",36,"play","rush","Carnegie Mellon","McDaniel",TRUE,-5,"Carnegie Mellon",TRUE,FALSE,,"PENALTY CMU illegal formation 5 yards to the MCD14, NO PLAY.","Shadrak Agyei rush for 9 yards to the MCD00, TOUCHDOWN, clock 14:55, PENALTY CMU illegal formation 5 yards to the MCD14, NO PLAY."
"20251004_gwn0",44,"play","pass_intercepted","McDaniel","Carnegie Mellon",TRUE,15,"Carnegie Mellon",FALSE,FALSE,,"PENALTY CMU unsportmanlike conduct (Ethan Ming) 15 yards to the MCD48.","Jayden Booker pass intercepted by Ethan Ming at the MCD34, Ethan Ming return 1 yards to the MCD33, PENALTY CMU unsportmanlike conduct (Ethan Ming) 15 yards to the MCD48."
"20251004_gwn0",46,"play","pass_incomplete","Carnegie Mellon","McDaniel",TRUE,-10,"Carnegie Mellon",TRUE,FALSE,,"PENALTY CMU holding (Sam Alligood) 10 yards to the MCD42, NO PLAY.","Joey McGinnis I pass incomplete to Brendan McCullo (Chris Wilson), PENALTY CMU holding (Sam Alligood) 10 yards to the MCD42, NO PLAY."
"20251004_gwn0",64,"play","rush","Carnegie Mellon","McDaniel",TRUE,-5,"Carnegie Mellon",TRUE,FALSE,,"PENALTY CMU illegal shift 5 yards to the CMU41, NO PLAY.","Giacomo Valente rush for 4 yards to the 50 yardline (Kyree Shingler; Kendrick Willia), PENALTY CMU illegal shift 5 yards to the CMU41, NO PLAY."
"20251004_gwn0",73,"penalty_no_play","penalty_no_play","Carnegie Mellon","McDaniel",TRUE,-5,"Carnegie Mellon",TRUE,FALSE,,"PENALTY CMU false start (Zach Llenza) 5 yards to the CMU36.","PENALTY CMU false start (Zach Llenza) 5 yards to the CMU36."
"20251004_gwn0",75,"play","pass_incomplete","Carnegie Mellon","McDaniel",TRUE,0,"Carnegie Mellon; McDaniel",TRUE,FALSE,,"PENALTY CMU holding off-setting, PENALTY MCD pass interference off-setting, NO PLAY.","Joey McGinnis I pass incomplete to Brendan McCullo (Chris Wilson), PENALTY CMU holding off-setting, PENALTY MCD pass interference off-setting, NO PLAY."
"20251004_gwn0",90,"play","rush","McDaniel","Carnegie Mellon",TRUE,-10,"McDaniel",FALSE,FALSE,-5,"PENALTY MCD unsportmanlike conduct (Jayden Booker) 10 yards to the MCD10.","Jayden Booker rush for loss of 5 yards to the MCD20 (Jack Lawson), out-of-bounds, PENALTY MCD unsportmanlike conduct (Jayden Booker) 10 yards to the MCD10."
"20251004_gwn0",95,"penalty_no_play","penalty_no_play","Carnegie Mellon","McDaniel",TRUE,-5,"Carnegie Mellon",TRUE,FALSE,,"PENALTY CMU false start (Conor Gaul) 5 yards to the MCD16.","PENALTY CMU false start (Conor Gaul) 5 yards to the MCD16."
"20251004_gwn0",122,"play","punt_with_return","Carnegie Mellon","McDaniel",TRUE,14,"McDaniel",FALSE,FALSE,,"PENALTY MCD personal foul 14 yards to the MCD14.","Lucas Bisazza punt 41 yards to the MCD27, Jacob Wagner return 1 yards to the MCD28, out-of-bounds, PENALTY MCD personal foul 14 yards to the MCD14."
"20251004_gwn0",126,"play","punt_no_return","McDaniel","Carnegie Mellon",TRUE,10,"Carnegie Mellon",FALSE,FALSE,,"PENALTY CMU holding (Jack Korzeniows) 10 yards to the CMU42.","Braden Fritz punt 39 yards to the MCD48, downed, PENALTY CMU holding (Jack Korzeniows) 10 yards to the CMU42."
"20251004_gwn0",129,"play","rush","Carnegie Mellon","McDaniel",TRUE,-10,"Carnegie Mellon",TRUE,FALSE,,"PENALTY CMU holding (Rayce Thompson) 10 yards to the CMU46, NO PLAY.","Takashi Shaw rush for 10 yards to the MCD34 (Malachi Murphy), out-of-bounds, PENALTY CMU holding (Rayce Thompson) 10 yards to the CMU46, NO PLAY."
"20251004_gwn0",138,"play","pass_incomplete","McDaniel","Carnegie Mellon",TRUE,-10,"McDaniel",TRUE,FALSE,,"PENALTY MCD holding 10 yards to the CMU39, NO PLAY.","Jayden Booker pass incomplete to Grayson Wendel (Lucas Bishop), PENALTY MCD holding 10 yards to the CMU39, NO PLAY."
"20251004_gwn0",141,"play","pass_complete","McDaniel","Carnegie Mellon",TRUE,5,"Carnegie Mellon",FALSE,FALSE,8,"PENALTY CMU roughing the passer 5 yards to the CMU05.","Jayden Booker pass complete to Tony Villarosa for 8 yards to the CMU10 (Archie Lawler), PENALTY CMU roughing the passer 5 yards to the CMU05."
"20251004_gwn0",145,"play","field_goal_blocked","McDaniel","Carnegie Mellon",TRUE,5,"Carnegie Mellon",TRUE,FALSE,,"PENALTY CMU illegal participation 5 yards to the CMU06, NO PLAY.","Braden Fritz field goal attempt from 28 BLOCKED, recovered by CMU Barrett Schmitz, spot at CMU10 (blocked by Carter Sheets), PENALTY CMU illegal participation 5 yards to the CMU06, NO PLAY."
"20251004_gwn0",146,"penalty_no_play","penalty_no_play","McDaniel","Carnegie Mellon",TRUE,-5,"McDaniel",TRUE,FALSE,,"PENALTY MCD false start (Thomas Branch) 5 yards to the CMU11.","PENALTY MCD false start (Thomas Branch) 5 yards to the CMU11."
"20251004_gwn0",148,"play","rush","McDaniel","Carnegie Mellon",TRUE,-15,"McDaniel",FALSE,FALSE,1,"PENALTY MCD personal foul 15 yards to the MCD39.","Jacob Wagner rush for 1 yard to the CMU46 (Wayne Pirt), PENALTY MCD personal foul 15 yards to the MCD39."
"20251004_gwn0",150,"play","rush","McDaniel","Carnegie Mellon",TRUE,15,"Carnegie Mellon",FALSE,FALSE,8,"PENALTY CMU targeting (Paul Davis) 15 yards to the CMU32.","Angel Granado J rush for 8 yards to the CMU47 (Paul Davis; Josh Huffman), PENALTY CMU targeting (Paul Davis) 15 yards to the CMU32."
"20251004_gwn0",164,"play","pass_incomplete","McDaniel","Carnegie Mellon",TRUE,12,"Carnegie Mellon",TRUE,FALSE,,"PENALTY CMU personal foul (Dom Sirianni) 12 yards to the CMU02, NO PLAY.","Angel Granado J pass incomplete to C. St. Germain, PENALTY CMU personal foul (Dom Sirianni) 12 yards to the CMU02, NO PLAY."
"20251011_t8bp",12,"penalty_no_play","penalty_no_play","Carnegie Mellon","Johns Hopkins",TRUE,-5,"Carnegie Mellon",TRUE,FALSE,,"PENALTY CMU Delay Of Game (Salters,Jackson) 5 yards from JHU03 to JHU08. NO PLAY.","PENALTY CMU Delay Of Game (Salters,Jackson) 5 yards from JHU03 to JHU08. NO PLAY."
"20251011_t8bp",30,"penalty_no_play","penalty_no_play","Johns Hopkins","Carnegie Mellon",TRUE,-5,"Johns Hopkins",TRUE,FALSE,,"PENALTY JHU False Start (Pearson,Charlie) 5 yards from JHU48 to JHU43. NO PLAY.","PENALTY JHU False Start (Pearson,Charlie) 5 yards from JHU48 to JHU43. NO PLAY."
"20251011_t8bp",38,"play","rush","Johns Hopkins","Carnegie Mellon",TRUE,-5,"Johns Hopkins",TRUE,FALSE,,"PENALTY JHU Illegal Formation 5 yards from CMU14 to CMU19. NO PLAY.","No Huddle-Shotgun Schroeder,Geoff rush left for 6 yards gain to the CMU08 (Lawson,Jack) PENALTY JHU Illegal Formation 5 yards from CMU14 to CMU19. NO PLAY."
"20251011_t8bp",40,"play","rush","Johns Hopkins","Carnegie Mellon",TRUE,-10,"Johns Hopkins",FALSE,FALSE,8,"PENALTY JHU Holding (Bechtle,John) 10 yards from CMU04 to CMU14.","No Huddle-Shotgun Crotty,Cole rush left for 8 yards gain to the CMU04, End Of Play, 1ST DOWN, PENALTY JHU Holding (Bechtle,John) 10 yards from CMU04 to CMU14."
"20251011_t8bp",55,"play","pass_incomplete","Johns Hopkins","Carnegie Mellon",TRUE,15,"Carnegie Mellon",TRUE,FALSE,,"PENALTY CMU Pass Interference (Ming,Ethan) 15 yards from JHU25 to JHU40, 1ST DOWN. NO PLAY.","No Huddle-Shotgun Harvey,Bay pass incomplete deep right to Crotty,Cole thrown to CMU35 PENALTY CMU Pass Interference (Ming,Ethan) 15 yards from JHU25 to JHU40, 1ST DOWN. NO PLAY."
"20251011_t8bp",67,"penalty_no_play","penalty_no_play","Carnegie Mellon","Johns Hopkins",TRUE,-5,"Carnegie Mellon",TRUE,FALSE,,"PENALTY CMU False Start (Llenza,Zach) 5 yards from CMU28 to CMU23. NO PLAY.","PENALTY CMU False Start (Llenza,Zach) 5 yards from CMU28 to CMU23. NO PLAY."
"20251011_t8bp",80,"play","pass_complete","Johns Hopkins","Carnegie Mellon",TRUE,15,"Carnegie Mellon",FALSE,FALSE,3,"PENALTY CMU Roughing The Passer 15 yards from JHU38 to CMU47, 1ST DOWN.","No Huddle-Shotgun Harvey,Bay pass complete short right to Schroeder,Geoff caught at JHU34, for 3 yards to the JHU38 (Warren,Connor), out of bounds PENALTY CMU Roughing The Passer 15 yards from JHU38 to CMU47, 1ST DOWN."
"20251011_t8bp",81,"penalty_no_play","penalty_no_play","Johns Hopkins","Carnegie Mellon",TRUE,-10,"Johns Hopkins",TRUE,FALSE,,"PENALTY JHU Holding (Pearson,Charlie) 10 yards from CMU47 to JHU43. NO PLAY.","PENALTY JHU Holding (Pearson,Charlie) 10 yards from CMU47 to JHU43. NO PLAY."
"20251011_t8bp",82,"play","pass_complete","Johns Hopkins","Carnegie Mellon",TRUE,-15,"Johns Hopkins",TRUE,FALSE,,"PENALTY JHU Illegal Use Of Hands (Pearson,Charlie) 15 yards from JHU43 to JHU28. NO PLAY.","No Huddle-Shotgun Harvey,Bay pass complete short right to Martini,Chad caught at CMU47, for 10 yards to the CMU47 (Ming,Ethan) PENALTY JHU Illegal Use Of Hands (Pearson,Charlie) 15 yards from JHU43 to JHU28. NO PLAY."
"20251011_t8bp",84,"penalty_no_play","penalty_no_play","Johns Hopkins","Carnegie Mellon",TRUE,15,"Carnegie Mellon",TRUE,FALSE,,"PENALTY CMU Pass Interference (Ruhland,Victor) 15 yards from JHU28 to JHU43, 1ST DOWN. NO PLAY.","PENALTY CMU Pass Interference (Ruhland,Victor) 15 yards from JHU28 to JHU43, 1ST DOWN. NO PLAY."
"20251011_t8bp",105,"penalty_no_play","penalty_no_play","Carnegie Mellon","Johns Hopkins",TRUE,-5,"Carnegie Mellon",TRUE,FALSE,,"PENALTY CMU Ineligible Downfield on Pass (Llenza,Zach) 5 yards from JHU48 to CMU47. NO PLAY.","PENALTY CMU Ineligible Downfield on Pass (Llenza,Zach) 5 yards from JHU48 to CMU47. NO PLAY."
"20251011_t8bp",119,"play","rush","Johns Hopkins","Carnegie Mellon",TRUE,5,"Carnegie Mellon",FALSE,FALSE,3,"PENALTY CMU Personal Foul (Stokey,Mitchell) 5 yards from CMU09 to CMU04, 1ST DOWN.","No Huddle-Shotgun Schroeder,Geoff rush middle for 3 yards gain to the CMU09 (Lawson,Jack; Grace,Bennett) PENALTY CMU Personal Foul (Stokey,Mitchell) 5 yards from CMU09 to CMU04, 1ST DOWN."
"20251011_t8bp",131,"play","rush","Johns Hopkins","Carnegie Mellon",TRUE,-15,"Johns Hopkins",TRUE,FALSE,,"PENALTY JHU Illegal Block in Back (Enright,Robby) 15 yards from CMU10 to CMU25. NO PLAY.","No Huddle-Shotgun Harvey,Bay rush left for 3 yards loss to the CMU13 (Sturges,Robert) PENALTY JHU Illegal Block in Back (Enright,Robby) 15 yards from CMU10 to CMU25. NO PLAY."
"20251011_t8bp",132,"penalty_no_play","penalty_no_play","Johns Hopkins","Carnegie Mellon",TRUE,15,"Carnegie Mellon",TRUE,FALSE,,"PENALTY CMU Pass Interference (Ming,Ethan) 15 yards from CMU25 to CMU10, 1ST DOWN. NO PLAY.","PENALTY CMU Pass Interference (Ming,Ethan) 15 yards from CMU25 to CMU10, 1ST DOWN. NO PLAY."
"20251011_t8bp",151,"penalty_no_play","penalty_no_play","Carnegie Mellon","Johns Hopkins",TRUE,-5,"Carnegie Mellon",TRUE,FALSE,,"PENALTY CMU False Start (McCullough,Nick) 5 yards from CMU43 to CMU38. NO PLAY.","PENALTY CMU False Start (McCullough,Nick) 5 yards from CMU43 to CMU38. NO PLAY."
"20251011_t8bp",153,"penalty_no_play","penalty_no_play","Carnegie Mellon","Johns Hopkins",TRUE,-5,"Carnegie Mellon",TRUE,FALSE,,"PENALTY CMU Delay Of Game (McGinnis IV,Joey) 5 yards from CMU38 to CMU33. NO PLAY.","PENALTY CMU Delay Of Game (McGinnis IV,Joey) 5 yards from CMU38 to CMU33. NO PLAY."
"20251018_uxv5",25,"penalty_no_play","penalty_no_play","Carnegie Mellon","Gettysburg",TRUE,-5,"Carnegie Mellon",TRUE,FALSE,,"PENALTY CMU false start (Charlie Katarin) 5 yards to the GC23.","PENALTY CMU false start (Charlie Katarin) 5 yards to the GC23."
"20251018_uxv5",27,"play","pass_complete","Carnegie Mellon","Gettysburg",TRUE,-5,"Carnegie Mellon",TRUE,FALSE,,"PENALTY CMU ineligible man down field (Conor Gaul) 5 yards to the GC26, NO PLAY.","Joey McGinnis I pass complete to Carter Sheets for 21 yards to the GC00, TOUCHDOWN, clock 05:46, PENALTY CMU ineligible man down field (Conor Gaul) 5 yards to the GC26, NO PLAY."
"20251018_uxv5",41,"penalty_no_play","penalty_no_play","Gettysburg","Carnegie Mellon",TRUE,-5,"Gettysburg",TRUE,FALSE,,"PENALTY GC false start (David Ludwig) 5 yards to the CMU37.","PENALTY GC false start (David Ludwig) 5 yards to the CMU37."
"20251018_uxv5",72,"play","punt_no_return","Gettysburg","Carnegie Mellon",TRUE,,"Carnegie Mellon",FALSE,TRUE,,"PENALTY CMU running into the kicker declined.","Dan Vanarsdale punt 29 yards to the CMU45, fair catch by Brendan McCullo, PENALTY CMU running into the kicker declined."
"20251018_uxv5",82,"kickoff","kickoff","Carnegie Mellon","Gettysburg",TRUE,8,"Gettysburg",FALSE,FALSE,,"PENALTY GC holding (Jude Campbell) 8 yards to the GC08.","Noah Godhard kickoff 56 yards to the GC09, Kevin Regula return 7 yards to the GC16 (Josh Huffman), PENALTY GC holding (Jude Campbell) 8 yards to the GC08."
"20251018_uxv5",84,"play","pass_incomplete","Gettysburg","Carnegie Mellon",TRUE,7,"Carnegie Mellon",TRUE,FALSE,,"PENALTY CMU pass interference (Connor Warren) 7 yards to the GC21, NO PLAY.","Sean Clark pass incomplete to Nick Wonsala, PENALTY CMU pass interference (Connor Warren) 7 yards to the GC21, NO PLAY."
"20251018_uxv5",85,"play","pass_incomplete","Gettysburg","Carnegie Mellon",TRUE,15,"Carnegie Mellon",TRUE,FALSE,,"PENALTY CMU roughing the passer (Amani Tchamwa) 15 yards to the GC36, NO PLAY.","Sean Clark pass incomplete to Jason Roskam, PENALTY CMU roughing the passer (Amani Tchamwa) 15 yards to the GC36, NO PLAY."
"20251018_uxv5",91,"play","field_goal_good","Carnegie Mellon","Gettysburg",TRUE,,"Gettysburg",FALSE,TRUE,,"PENALTY GC substitution infraction declined.","Justin Caputo field goal attempt from 41 GOOD, clock 00:00, PENALTY GC substitution infraction declined."
"20251018_uxv5",95,"play","pass_incomplete","Gettysburg","Carnegie Mellon",TRUE,-11,"Gettysburg",TRUE,FALSE,,"PENALTY GC holding (Patr McAuliffe) 11 yards to the GC17, NO PLAY.","Sean Clark pass incomplete to Jason Roskam (Lucas Hazard), PENALTY GC holding (Patr McAuliffe) 11 yards to the GC17, NO PLAY."
"20251018_uxv5",97,"play","pass_incomplete","Gettysburg","Carnegie Mellon",TRUE,-10,"Gettysburg",TRUE,FALSE,,"PENALTY GC holding (Harsh Shah) 10 yards to the GC32, NO PLAY.","Sean Clark pass incomplete, QB hurry by Gabe Bonnet, PENALTY GC holding (Harsh Shah) 10 yards to the GC32, NO PLAY."
"20251018_uxv5",102,"play","pass_incomplete","Gettysburg","Carnegie Mellon",TRUE,15,"Carnegie Mellon",TRUE,FALSE,,"PENALTY CMU pass interference (Victor Ruhland) 15 yards to the CMU29, NO PLAY.","Sean Clark pass incomplete to Jason Roskam, PENALTY CMU pass interference (Victor Ruhland) 15 yards to the CMU29, NO PLAY."
"20251018_uxv5",124,"penalty_no_play","penalty_no_play","Gettysburg","Carnegie Mellon",TRUE,-5,"Gettysburg",TRUE,FALSE,,"PENALTY GC encroachment 5 yards to the GC30.","PENALTY GC encroachment 5 yards to the GC30."
"20251018_uxv5",136,"play","pass_incomplete","Gettysburg","Carnegie Mellon",TRUE,15,"Carnegie Mellon",TRUE,FALSE,,"PENALTY CMU pass interference (Ethan Ming) 15 yards to the GC40, NO PLAY.","Sean Clark pass incomplete to Nick Wonsala, PENALTY CMU pass interference (Ethan Ming) 15 yards to the GC40, NO PLAY."
"20251018_uxv5",153,"play","rush","Carnegie Mellon","Gettysburg",TRUE,5,"Gettysburg",TRUE,FALSE,,"PENALTY GC offside defense (Ryan Weems) 5 yards to the GC22, NO PLAY.","Shadrak Agyei rush for 5 yards to the GC22 (Rob Shultz), PENALTY GC offside defense (Ryan Weems) 5 yards to the GC22, NO PLAY."
"20251018_uxv5",168,"play","pass_incomplete","Gettysburg","Carnegie Mellon",TRUE,15,"Carnegie Mellon",TRUE,FALSE,,"PENALTY CMU pass interference (Enzo DeFranco) 15 yards to the CMU21, NO PLAY.","Drew Branstette pass incomplete to Jason Roskam (Enzo DeFranco), PENALTY CMU pass interference (Enzo DeFranco) 15 yards to the CMU21, NO PLAY."
"20251018_uxv5",171,"play","rush","Gettysburg","Carnegie Mellon",TRUE,-10,"Gettysburg",TRUE,FALSE,,"PENALTY GC holding (Landon Hunt) 10 yards to the CMU29, NO PLAY.","Drew Branstette rush for 8 yards to the CMU11 (Darius Green), out-of-bounds, PENALTY GC holding (Landon Hunt) 10 yards to the CMU29, NO PLAY."
"20251018_uxv5",172,"play","pass_incomplete","Gettysburg","Carnegie Mellon",TRUE,15,"Carnegie Mellon",TRUE,FALSE,,"PENALTY CMU pass interference (Darius Green) 15 yards to the CMU14, NO PLAY.","Drew Branstette pass incomplete to Nick Wonsala, PENALTY CMU pass interference (Darius Green) 15 yards to the CMU14, NO PLAY."
"20251025_3c40",7,"penalty_no_play","penalty_no_play","Muhlenberg","Carnegie Mellon",TRUE,-5,"Muhlenberg",TRUE,FALSE,,"PENALTY MUHL false start (Robert Terreros) 5 yards to the MUHL37.","PENALTY MUHL false start (Robert Terreros) 5 yards to the MUHL37."
"20251025_3c40",13,"penalty_no_play","penalty_no_play","Carnegie Mellon","Muhlenberg",TRUE,-5,"Carnegie Mellon",TRUE,FALSE,,"PENALTY CMU false start (Sam Alligood) 5 yards to the CMU20.","PENALTY CMU false start (Sam Alligood) 5 yards to the CMU20."
"20251025_3c40",17,"play","pass_incomplete","Carnegie Mellon","Muhlenberg",TRUE,-5,"Carnegie Mellon",TRUE,FALSE,,"PENALTY CMU ineligible man down field (Conor Gaul) 5 yards to the MUHL30, NO PLAY.","Joey McGinnis I pass incomplete to Brendan McCullo (Marcus McClaine), PENALTY CMU ineligible man down field (Conor Gaul) 5 yards to the MUHL30, NO PLAY."
"20251025_3c40",19,"play","pass_incomplete","Carnegie Mellon","Muhlenberg",TRUE,-10,"Carnegie Mellon",TRUE,FALSE,,"PENALTY CMU holding (Charlie Katarin) 10 yards to the MUHL41, NO PLAY.","Joey McGinnis I pass incomplete to Nick McCullough (George Europe), PENALTY CMU holding (Charlie Katarin) 10 yards to the MUHL41, NO PLAY."
"20251025_3c40",47,"play","pass_complete","Muhlenberg","Carnegie Mellon",TRUE,6,"Carnegie Mellon",FALSE,FALSE,15,"PENALTY CMU roughing the passer (Leighton Tarke) 6 yards to the CMU06.","Luke Spang pass complete to John Runfolo for 15 yards to the CMU12, PENALTY CMU roughing the passer (Leighton Tarke) 6 yards to the CMU06."
"20251025_3c40",51,"kickoff","kickoff","Muhlenberg","Carnegie Mellon",TRUE,0,"Carnegie Mellon; Muhlenberg",FALSE,FALSE,,"PENALTY CMU illegal block 15 yards to the CMU17, PENALTY MUHL personal foul (Isaac Schaffer-) 15 yards to the CMU32.","Nicholas D'Amic kickoff 63 yards to the CMU02, Nick McCullough return 30 yards to the CMU32, PENALTY CMU illegal block 15 yards to the CMU17, PENALTY MUHL personal foul (Isaac Schaffer-) 15 yards to the CMU32."
"20251025_3c40",65,"penalty_no_play","penalty_no_play","Carnegie Mellon","Muhlenberg",TRUE,-5,"Carnegie Mellon",TRUE,FALSE,,"PENALTY CMU false start (Nick McCullough) 5 yards to the MUHL32.","PENALTY CMU false start (Nick McCullough) 5 yards to the MUHL32."
"20251025_3c40",73,"play","rush","Muhlenberg","Carnegie Mellon",TRUE,-10,"Muhlenberg",FALSE,FALSE,4,"PENALTY MUHL holding (Caleb Pasols) 10 yards to the MUHL22.","John Runfolo rush for 4 yards to the MUHL32, PENALTY MUHL holding (Caleb Pasols) 10 yards to the MUHL22."
"20251025_3c40",76,"penalty_no_play","penalty_no_play","Muhlenberg","Carnegie Mellon",TRUE,5,"Carnegie Mellon",TRUE,FALSE,,"PENALTY CMU offside defense 5 yards to the MUHL19.","PENALTY CMU offside defense 5 yards to the MUHL19."
"20251025_3c40",99,"play","pass_complete","Muhlenberg","Carnegie Mellon",TRUE,-5,"Muhlenberg",TRUE,FALSE,,"PENALTY MUHL illegal formation 5 yards to the CMU46, NO PLAY.","Luke Spang pass complete to Wes Hack for 7 yards to the CMU34, PENALTY MUHL illegal formation 5 yards to the CMU46, NO PLAY."
"20251025_3c40",103,"play","rush","Carnegie Mellon","Muhlenberg",TRUE,-10,"Carnegie Mellon",FALSE,FALSE,5,"PENALTY CMU holding (Danny Moynihan) 10 yards to the CMU13.","Joey McGinnis I rush for 5 yards to the CMU23, PENALTY CMU holding (Danny Moynihan) 10 yards to the CMU13."
"20251025_3c40",112,"play","pass_incomplete","Muhlenberg","Carnegie Mellon",TRUE,-10,"Muhlenberg",TRUE,FALSE,,"PENALTY MUHL holding (Michael Powel) 10 yards to the MUHL42, NO PLAY.","Luke Spang pass incomplete to Aidan Mack, PENALTY MUHL holding (Michael Powel) 10 yards to the MUHL42, NO PLAY."
"20251025_3c40",137,"play","rush","Carnegie Mellon","Muhlenberg",TRUE,-10,"Carnegie Mellon",TRUE,FALSE,,"PENALTY CMU illegal block (Brendan McCullo) 10 yards to the CMU13, NO PLAY.","Joey McGinnis I rush for 1 yard to the CMU24 (Blaze Curry), PENALTY CMU illegal block (Brendan McCullo) 10 yards to the CMU13, NO PLAY."
"20251101_dlys",19,"play","rush","Dickinson","Carnegie Mellon",TRUE,15,"Carnegie Mellon",FALSE,FALSE,4,"PENALTY CMU Personal Foul (Ming,Ethan) 15 yards from CMU49 to CMU34, 1ST DOWN.","No Huddle-Shotgun Klassen,Ben rush middle for 4 yards gain to the CMU49, End Of Play, 1ST DOWN, PENALTY CMU Personal Foul (Ming,Ethan) 15 yards from CMU49 to CMU34, 1ST DOWN."
"20251101_dlys",51,"play","rush","Carnegie Mellon","Dickinson",TRUE,-5,"Carnegie Mellon",TRUE,FALSE,,"PENALTY CMU Illegal Formation 5 yards from CMU46 to CMU41. NO PLAY.","No Huddle-Shotgun McGinnis IV,Joey rush middle for 10 yards gain to the DSON44 (Barnes,Chris; Couvertiere,Sean) PENALTY CMU Illegal Formation 5 yards from CMU46 to CMU41. NO PLAY."
"20251101_dlys",81,"play","rush","Dickinson","Carnegie Mellon",TRUE,15,"Carnegie Mellon",FALSE,FALSE,6,"PENALTY CMU Personal Foul (Bonnet,Gabe) 15 yards from CMU38 to CMU23, 1ST DOWN.","No Huddle-Shotgun Klassen,Ben rush middle for 6 yards gain to the CMU38 (Lawson,Jack), 1ST DOWN, PENALTY CMU Personal Foul (Bonnet,Gabe) 15 yards from CMU38 to CMU23, 1ST DOWN."
"20251101_dlys",95,"play","pass_complete","Carnegie Mellon","Dickinson",TRUE,-10,"Carnegie Mellon",TRUE,FALSE,,"PENALTY CMU Holding (Katarincic,Charlie) 10 yards from DSON05 to DSON15. NO PLAY.","No Huddle-Shotgun McGinnis IV,Joey pass complete short right to Kolke,Reece caught at DSON00, for 5 yards to the DSON00 TOUCHDOWN nullified by penalty, clock 00:19 PENALTY CMU Holding (Katarincic,Charlie) 10 yards from DSON05 to DSON15. NO PLAY."
"20251101_dlys",115,"play","pass_complete","Carnegie Mellon","Dickinson",TRUE,15,"Dickinson",FALSE,FALSE,4,"PENALTY DSON Personal Foul (Moses,Josh) 15 yards from DSON49 to DSON34, 1ST DOWN.","No Huddle-Shotgun McGinnis IV,Joey pass complete short right to Sheets,Carter caught at CMU50, for 4 yards to the DSON49 (Moses,Josh), out of bounds PENALTY DSON Personal Foul (Moses,Josh) 15 yards from DSON49 to DSON34, 1ST DOWN."
"20251101_dlys",130,"play","rush","Dickinson","Carnegie Mellon",TRUE,5,"Carnegie Mellon",TRUE,FALSE,,"PENALTY CMU Offside (Woodside,Mareks) 5 yards from CMU44 to CMU39. NO PLAY.","No Huddle-Shotgun Klassen,Ben rush right for 6 yards gain to the CMU38, End Of Play PENALTY CMU Offside (Woodside,Mareks) 5 yards from CMU44 to CMU39. NO PLAY."
"20251101_dlys",137,"play","sack","Carnegie Mellon","Dickinson",TRUE,15,"Dickinson",TRUE,FALSE,,"PENALTY DSON Face Mask (Acuna,Joaquin) 15 yards from DSON43 to DSON28, 1ST DOWN. NO PLAY.","No Huddle-Shotgun McGinnis IV,Joey sacked for loss of 7 yards to the DSON50 (Acuna,Joaquin) PENALTY DSON Face Mask (Acuna,Joaquin) 15 yards from DSON43 to DSON28, 1ST DOWN. NO PLAY."
"20251101_dlys",140,"play","pass_incomplete","Carnegie Mellon","Dickinson",TRUE,15,"Dickinson",TRUE,FALSE,,"PENALTY DSON Pass Interference (Barnes,Chris) 15 yards from DSON17 to DSON02, 1ST DOWN. NO PLAY.","No Huddle-Shotgun McGinnis IV,Joey pass incomplete short middle to Kolke,Reece thrown to DSON00, 1ST DOWN, PENALTY DSON Pass Interference (Barnes,Chris) 15 yards from DSON17 to DSON02, 1ST DOWN. NO PLAY."
"20251101_dlys",145,"play","rush","Dickinson","Carnegie Mellon",TRUE,5,"Carnegie Mellon",TRUE,FALSE,,"PENALTY CMU Illegal Substitution 5 yards from DSON25 to DSON30. NO PLAY.","No Huddle-Shotgun Klassen,Ben rush middle for 2 yards gain to the DSON27 (Bonnet,Gabe) PENALTY CMU Illegal Substitution 5 yards from DSON25 to DSON30. NO PLAY."
"20251101_dlys",159,"play","pass_complete","Dickinson","Carnegie Mellon",TRUE,6,"Carnegie Mellon",FALSE,FALSE,38,"PENALTY CMU Roughing The Passer (Kadur,Ty) 6 yards from CMU12 to CMU06, 1ST DOWN.","No Huddle-Shotgun Klassen,Ben pass complete deep left to Schmidt,Kevin caught at CMU16, for 38 yards to the CMU12, out of bounds at CMU12, 1ST DOWN, PENALTY CMU Roughing The Passer (Kadur,Ty) 6 yards from CMU12 to CMU06, 1ST DOWN."
"20251101_dlys",167,"play","pass_incomplete","Carnegie Mellon","Dickinson",TRUE,0,"Carnegie Mellon; Dickinson",TRUE,FALSE,,"PENALTY CMU Holding offsetting DSON Pass Interference offsetting. NO PLAY.","No Huddle-Shotgun Salters,Jackson pass incomplete deep left to McCullough,Nick thrown to DSON05 QB hurried by Barnes,Chris PENALTY CMU Holding offsetting DSON Pass Interference offsetting. NO PLAY."
"20251101_dlys",176,"penalty_no_play","penalty_no_play","Carnegie Mellon","Dickinson",TRUE,-5,"Carnegie Mellon",TRUE,FALSE,,"PENALTY CMU Delay Of Game 5 yards from DSON03 to DSON08. NO PLAY.","PENALTY CMU Delay Of Game 5 yards from DSON03 to DSON08. NO PLAY."
"20251101_dlys",182,"penalty_no_play","penalty_no_play","Dickinson","Carnegie Mellon",TRUE,-5,"Dickinson",TRUE,FALSE,,"PENALTY DSON Illegal Substitution (Friebel,Leon) 5 yards from DSON34 to DSON29. NO PLAY.","PENALTY DSON Illegal Substitution (Friebel,Leon) 5 yards from DSON34 to DSON29. NO PLAY."
"20251101_dlys",191,"penalty_no_play","penalty_no_play","Carnegie Mellon","Dickinson",TRUE,10,"Dickinson",FALSE,FALSE,,"PENALTY DSON Holding (Morgan,CJ) 10 yards from DSON30 to DSON20.","Godhard,Noah kickoff 64 yards to the DSON01 Schmidt,Kevin return 29 yards to the DSON30 (Lawler,Archie) PENALTY DSON Holding (Morgan,CJ) 10 yards from DSON30 to DSON20."
"20251108_3ubg",16,"kickoff","kickoff","Franklin & Marshall","Carnegie Mellon",TRUE,6,"Carnegie Mellon",FALSE,FALSE,,"PENALTY CMU illegal block 6 yards to the CMU06.","Ivan Harlamov kickoff 65 yards to the CMU00, Nick McCullough return 0 yards to the CMU00, fumble by Nick McCullough recovered by CMU Nick McCullough at CMU00, Nick McCullough return 12 yards to the CMU12 (Dean Coscia; Michael Pembrok), PENALTY CMU illegal block 6 yards to the CMU06."
"20251108_3ubg",20,"penalty_no_play","penalty_no_play","Carnegie Mellon","Franklin & Marshall",TRUE,-5,"Carnegie Mellon",TRUE,FALSE,,"PENALTY CMU illegal motion (Nick McCullough) 5 yards to the CMU16.","PENALTY CMU illegal motion (Nick McCullough) 5 yards to the CMU16."
"20251108_3ubg",28,"penalty_no_play","penalty_no_play","Carnegie Mellon","Franklin & Marshall",TRUE,-5,"Carnegie Mellon",TRUE,FALSE,,"PENALTY CMU false start (Nick McCullough) 5 yards to the CMU11.","PENALTY CMU false start (Nick McCullough) 5 yards to the CMU11."
"20251108_3ubg",35,"penalty_no_play","penalty_no_play","Franklin & Marshall","Carnegie Mellon",TRUE,5,"Carnegie Mellon",TRUE,FALSE,,"PENALTY CMU offside defense (Grayson Metz) 5 yards to the CMU37.","PENALTY CMU offside defense (Grayson Metz) 5 yards to the CMU37."
"20251108_3ubg",61,"play","rush","Carnegie Mellon","Franklin & Marshall",TRUE,-10,"Carnegie Mellon",FALSE,FALSE,2,"PENALTY CMU holding (Danny Moynihan) 10 yards to the CMU42.","Joey McGinnis I rush for 2 yards to the F&M48 (Lt Kelley; Sam Keenan), PENALTY CMU holding (Danny Moynihan) 10 yards to the CMU42."
"20251108_3ubg",74,"play","rush","Carnegie Mellon","Franklin & Marshall",TRUE,,"Carnegie Mellon",FALSE,TRUE,-4,"PENALTY CMU blind side block declined.","Joey McGinnis I rush for loss of 4 yards to the CMU48 (Kyle Checchio), PENALTY CMU blind side block declined."
"20251108_3ubg",91,"play","rush","Franklin & Marshall","Carnegie Mellon",TRUE,-10,"Franklin & Marshall",TRUE,FALSE,,"PENALTY F&M holding (Ben Ostroski) 10 yards to the F&M39, NO PLAY.","Ty Tremba rush for 3 yards to the CMU48, PENALTY F&M holding (Ben Ostroski) 10 yards to the F&M39, NO PLAY."
"20251108_3ubg",92,"play","rush","Franklin & Marshall","Carnegie Mellon",TRUE,15,"Carnegie Mellon",FALSE,FALSE,12,"PENALTY CMU targeting (Jack Lawson) 15 yards to the CMU34.","Ty Tremba rush for 12 yards to the CMU49 (Jack Lawson), PENALTY CMU targeting (Jack Lawson) 15 yards to the CMU34."
"20251108_3ubg",111,"play","pass_complete","Franklin & Marshall","Carnegie Mellon",TRUE,15,"Carnegie Mellon",FALSE,FALSE,13,"PENALTY CMU roughing the passer (Leighton Tarke) 15 yards to the CMU28.","Ty Tremba pass complete to Louis Paris for 13 yards to the CMU43 (Archie Lawler), PENALTY CMU roughing the passer (Leighton Tarke) 15 yards to the CMU28."
"20251108_3ubg",147,"play","rush","Franklin & Marshall","Carnegie Mellon",TRUE,-10,"Franklin & Marshall",TRUE,FALSE,,"PENALTY F&M holding (Chris Logue) 10 yards to the F&M42, NO PLAY.","Louis Paris rush for 3 yards to the CMU45 (Ethan Ming), PENALTY F&M holding (Chris Logue) 10 yards to the F&M42, NO PLAY."
"20251108_3ubg",150,"play","pass_intercepted","Franklin & Marshall","Carnegie Mellon",TRUE,10,"Carnegie Mellon",FALSE,FALSE,,"PENALTY CMU illegal block (DJ Johnson) 10 yards to the F&M35.","Ty Tremba pass intercepted by Leighton Tarke at the CMU35, Leighton Tarke return 40 yards to the F&M25, PENALTY CMU illegal block (DJ Johnson) 10 yards to the F&M35."
"20251108_3ubg",166,"kickoff","kickoff","Franklin & Marshall","Carnegie Mellon",TRUE,-15,"Franklin & Marshall",FALSE,FALSE,,"PENALTY F&M face mask 15 yards to the F&M28.","Ivan Harlamov kickoff 59 yards to the CMU06, Nick McCullough return 51 yards to the F&M43 (Ivan Harlamov), PENALTY F&M face mask 15 yards to the F&M28."
"20251115_h3wh",4,"penalty_no_play","penalty_no_play","Ursinus","Carnegie Mellon",TRUE,-5,"Ursinus",TRUE,FALSE,,"PENALTY UCB False Start (Zulkowski,Ryder) 5 yards from UCB27 to UCB22. NO PLAY.","PENALTY UCB False Start (Zulkowski,Ryder) 5 yards from UCB27 to UCB22. NO PLAY."
"20251115_h3wh",25,"penalty_no_play","penalty_no_play","Ursinus","Carnegie Mellon",TRUE,-5,"Ursinus",TRUE,FALSE,,"PENALTY UCB False Start (Jones,Priest) 5 yards from UCB33 to UCB28. NO PLAY.","PENALTY UCB False Start (Jones,Priest) 5 yards from UCB33 to UCB28. NO PLAY."
"20251115_h3wh",27,"play","pass_incomplete","Ursinus","Carnegie Mellon",TRUE,15,"Carnegie Mellon",TRUE,FALSE,,"PENALTY CMU Pass Interference (Johnson,DJ) 15 yards from UCB30 to UCB45, 1ST DOWN. NO PLAY.","No Huddle-Shotgun Machado,Tristan pass incomplete short right to Zulkowski,Ryder thrown to UCB43 PENALTY CMU Pass Interference (Johnson,DJ) 15 yards from UCB30 to UCB45, 1ST DOWN. NO PLAY."
"20251115_h3wh",30,"play","pass_complete","Ursinus","Carnegie Mellon",TRUE,,"Carnegie Mellon",FALSE,TRUE,15,"PENALTY CMU Holding declined.","No Huddle-Shotgun Machado,Tristan pass complete short middle to Roselle,Aidan caught at CMU35, for 15 yards to the CMU35 (Johnson,DJ; Schmitz,Barrett), 1ST DOWN, PENALTY CMU Holding declined."
"20251115_h3wh",62,"play","punt_no_return","Carnegie Mellon","Ursinus",TRUE,10,"Ursinus",FALSE,FALSE,,"PENALTY UCB Holding (Goin,Loui) 10 yards from UCB42 to UCB32.","Norell,John punt 27 yards to the UCB42 fair catch by Donahue,Aidan at UCB42 PENALTY UCB Holding (Goin,Loui) 10 yards from UCB42 to UCB32."
"20251115_h3wh",66,"play","pass_incomplete","Ursinus","Carnegie Mellon",TRUE,15,"Carnegie Mellon",TRUE,FALSE,,"PENALTY CMU Pass Interference (Ming,Ethan) 15 yards from UCB43 to CMU42, 1ST DOWN. NO PLAY.","No Huddle-Shotgun Machado,Tristan pass incomplete deep left to Zulkowski,Ryder thrown to CMU25 PENALTY CMU Pass Interference (Ming,Ethan) 15 yards from UCB43 to CMU42, 1ST DOWN. NO PLAY."
"20251115_h3wh",73,"penalty_no_play","penalty_no_play","Ursinus","Carnegie Mellon",TRUE,10,"Carnegie Mellon",FALSE,FALSE,,"PENALTY CMU Holding (Sturges,Robert) 10 yards from CMU25 to CMU15.","Carr,Jordan kickoff 61 yards to the CMU04 McCullough,Nick return 37 yards to the CMU41 (Goin,Loui), out of bounds PENALTY CMU Holding (Sturges,Robert) 10 yards from CMU25 to CMU15."
"20251115_h3wh",80,"play","rush","Carnegie Mellon","Ursinus",TRUE,-10,"Carnegie Mellon",FALSE,FALSE,1,"PENALTY CMU Holding (Alligood,Sam) 10 yards from UCB19 to UCB29.","No Huddle-Shotgun Bouma,Willem rush right for 1 yard gain (0) to the UCB18 (Turber-Ortiz,Ethan), out of bounds PENALTY CMU Holding (Alligood,Sam) 10 yards from UCB19 to UCB29."
"20251115_h3wh",103,"penalty_no_play","penalty_no_play","Ursinus","Carnegie Mellon",TRUE,-5,"Ursinus",TRUE,FALSE,,"PENALTY UCB False Start (Leader,Deane) 5 yards from CMU35 to CMU40. NO PLAY.","PENALTY UCB False Start (Leader,Deane) 5 yards from CMU35 to CMU40. NO PLAY."
"20251115_h3wh",162,"penalty_no_play","penalty_no_play","Carnegie Mellon","Ursinus",TRUE,-5,"Carnegie Mellon",TRUE,FALSE,,"PENALTY CMU False Start (Moynihan,Danny) 5 yards from CMU32 to CMU27. NO PLAY.","PENALTY CMU False Start (Moynihan,Danny) 5 yards from CMU32 to CMU27. NO PLAY."
"20251122_xsab",33,"penalty_no_play","penalty_no_play","Misericordia","Carnegie Mellon",TRUE,-5,"Misericordia",TRUE,FALSE,,"PENALTY MIS false start (Billy McCleery) 5 yards to the MIS19.","PENALTY MIS false start (Billy McCleery) 5 yards to the MIS19."
"20251122_xsab",35,"penalty_no_play","penalty_no_play","Misericordia","Carnegie Mellon",TRUE,5,"Carnegie Mellon",TRUE,FALSE,,"PENALTY CMU offside defense (Mareks Woodside) 5 yards to the MIS31.","PENALTY CMU offside defense (Mareks Woodside) 5 yards to the MIS31."
"20251122_xsab",37,"play","pass_complete","Misericordia","Carnegie Mellon",TRUE,,"Carnegie Mellon",FALSE,TRUE,20,"PENALTY CMU pass interference declined.","Jacob Hunter pass complete to Vincent Smith for 20 yards to the CMU49 (Ethan Ming; Tai Mann), PENALTY CMU pass interference declined."
"20251122_xsab",56,"penalty_no_play","penalty_no_play","Misericordia","Carnegie Mellon",TRUE,5,"Carnegie Mellon",TRUE,FALSE,,"PENALTY CMU offside defense (Lucas Hazard) 5 yards to the CMU25.","PENALTY CMU offside defense (Lucas Hazard) 5 yards to the CMU25."
"20251122_xsab",65,"play","rush","Misericordia","Carnegie Mellon",TRUE,15,"Carnegie Mellon",FALSE,FALSE,0,"PENALTY CMU personal foul (Robert Sturges) 15 yards to the MIS47.","Jacob Hunter rush for no gain to the MIS32 (Robert Sturges), out-of-bounds, PENALTY CMU personal foul (Robert Sturges) 15 yards to the MIS47."
"20251122_xsab",88,"play","pass_incomplete","Misericordia","Carnegie Mellon",TRUE,12,"Carnegie Mellon",TRUE,FALSE,,"PENALTY CMU pass interference (Ethan Ming) 12 yards to the CMU02, NO PLAY.","Jacob Hunter pass incomplete to Vincent Smith (Ethan Ming), PENALTY CMU pass interference (Ethan Ming) 12 yards to the CMU02, NO PLAY."
"20251122_xsab",119,"penalty_no_play","penalty_no_play","Carnegie Mellon","Misericordia",TRUE,-15,"Carnegie Mellon",TRUE,FALSE,,"PENALTY CMU personal foul (Orazio Nastase) 15 yards to the CMU41.","PENALTY CMU personal foul (Orazio Nastase) 15 yards to the CMU41."
"20251122_xsab",126,"penalty_no_play","penalty_no_play","Carnegie Mellon","Misericordia",TRUE,-5,"Carnegie Mellon",TRUE,FALSE,,"PENALTY CMU delay of game (Jackson Salters) 5 yards to the MIS42.","PENALTY CMU delay of game (Jackson Salters) 5 yards to the MIS42."
